id,created_at,name,canonical
6930,2024-08-30 00:43:32.945467+00:00,GREAT BEAR CARBON CREDIT PARTNERSHIP,764
6932,2024-08-30 00:51:22.203497+00:00,KISIK AERIAL SURVEY,766
7,2024-07-10 16:59:24.383080+00:00,SNC LAVALIN,1
8,2024-07-10 16:59:24.383080+00:00,SNC LAVALIN OM,1
9,2024-07-10 16:59:24.383080+00:00,SNC LAVALLIN,1
10,2024-07-10 16:59:24.383080+00:00,SNCLAVALIN SNCLAVALIN,1
11,2024-07-10 16:59:24.383080+00:00,SNCLAVALIN,1
12,2024-07-10 17:00:02.926640+00:00,SNC LANVALIN,1
13,2024-07-10 17:00:02.926640+00:00,SNCLAVALIN OM,1
14,2024-07-10 17:00:02.926640+00:00,SNCLAVALIN O M,1
15,2024-07-10 17:00:02.926640+00:00,SNCLAVALIN PAE,1
16,2024-07-10 17:00:02.926640+00:00,GROUPEMENT SNC LAVALIN,1
17,2024-07-10 19:07:53.791958+00:00,SNC LAVELIN,1
18,2024-07-10 19:07:53.791958+00:00,SNCLAVELIN,1
19,2024-07-10 19:07:53.791958+00:00,SNC LAVALIN HALIFAX,1
20,2024-07-10 19:07:53.791958+00:00,SNC LAVALIN PROFAC,1
21,2024-07-10 19:07:53.791958+00:00,SNC LAVALIN MAGHREB,1
22,2024-07-10 19:07:53.791958+00:00,SNC LAVALIN STRAVIBEL,1
23,2024-07-10 19:07:53.791958+00:00,SNC LAVALIN MONTREAL,1
24,2024-07-10 19:07:53.791958+00:00,SNC LAVALIN GEM QUEBEC,1
25,2024-07-10 19:07:53.791958+00:00,SNC LAVALIN GEM ONTARIO,1
26,2024-07-10 19:07:53.791958+00:00,SNCLAVALINPROFAC,1
27,2024-07-10 19:07:53.791958+00:00,SNCLAVALIN WIIBE,1
28,2024-07-10 19:07:53.791958+00:00,SNC LAVALIN ENVIRONMENT,1
29,2024-07-10 19:07:53.791958+00:00,SNC LAVALIN AIR LOGISTICS,1
30,2024-07-10 19:07:53.791958+00:00,SNCLAVALIN QUEBEC,1
31,2024-07-10 19:07:53.791958+00:00,SNCLAVALIN HALIFAX,1
32,2024-07-10 19:07:53.791958+00:00,SNCLAVALIN OTTAWA,1
33,2024-07-10 19:07:53.791958+00:00,SNCLAVALIN PROFAC,1
34,2024-07-10 19:07:53.791958+00:00,SNC LAVALIN ENVIRONNEMENT,1
35,2024-07-10 19:07:53.791958+00:00,SNCLAVALIN CAPITAL,1
36,2024-07-10 19:07:53.791958+00:00,SNCLAVALIN TORONTO,1
37,2024-07-10 19:07:53.791958+00:00,SNCLAVALIN MONTREAL,1
38,2024-07-10 19:07:53.791958+00:00,SNCLAVALIN VICTORIA,1
39,2024-07-10 19:07:53.791958+00:00,SNC LAVALIN OPERATION MAINT,1
40,2024-07-10 19:07:53.791958+00:00,SNCLAVALIN EDMONTON,1
41,2024-07-10 19:07:53.791958+00:00,SNCLAVALIN LEVIS QC,1
42,2024-07-10 19:09:22.931624+00:00,SNCLAVALIN 20181113,1
43,2024-07-10 19:09:22.931624+00:00,SNCLAVALIN WINNIPEG,1
44,2024-07-10 19:09:22.931624+00:00,SNCLAVALIN BURNABY BC,1
45,2024-07-10 19:09:22.931624+00:00,SNC LAVALIN ATIKINSREALIS CANADA,1
46,2024-07-10 19:09:22.931624+00:00,SNCLAVALIN AIR LOGISTICS,1
47,2024-07-10 19:09:22.931624+00:00,SNCLAVALIN GEM QUEBEC,1
48,2024-07-10 19:09:22.931624+00:00,SNCLAVALIN OPERATIONS,1
49,2024-07-10 19:09:22.931624+00:00,SNCLAVALIN FREDERICTON,1
50,2024-07-10 19:09:22.931624+00:00,SNCLAVALIN JULY 27 2015,1
51,2024-07-10 19:09:22.931624+00:00,SNCLAVALIN ENVIRONMENT,1
52,2024-07-10 19:09:22.931624+00:00,SNCLAVALIN GEM ONTARIO,1
53,2024-07-10 19:09:22.931624+00:00,SNC LAVALIN OPERATIONS MAINTENANACE,1
54,2024-07-10 19:09:22.931624+00:00,SNCLAVALIN ENVIRONMENTAL,1
55,2024-07-10 19:09:22.931624+00:00,SNCLAVALIN ENVIRONNEMENT,1
56,2024-07-10 19:09:22.931624+00:00,SNCLAVALIN GRANDS PROJETS,1
57,2024-07-10 19:09:22.931624+00:00,SNC LAVALIN PROFAC PROJECT MANAGEMENT UNIT,1
58,2024-07-10 19:09:22.931624+00:00,SNCLAVALIN GRANDS PROJECTS,1
59,2024-07-10 19:09:22.931624+00:00,SNC LAVALIN PROFAC ACCOUNTING DEPARTMENT,1
60,2024-07-10 19:09:22.931624+00:00,SNCLAVALIN DEFENCE PROGRAMS,1
61,2024-07-10 19:09:22.931624+00:00,SNCLAVALIN OPERATIONS MAINT,1
62,2024-07-10 19:09:22.931624+00:00,SNCLAVALIN DEFENSE PROGRAMS,1
63,2024-07-10 19:09:22.931624+00:00,SNCLAVALIN INFRASTRUCTURE PVT,1
64,2024-07-10 19:09:22.931624+00:00,SNCLAVALIN ENVIRONMENT HALIFAX,1
65,2024-07-10 19:09:22.931624+00:00,SNC LAVALIN PWGSC ATLANTIC PORTFOLIO COMPANY,1
66,2024-07-10 19:09:22.931624+00:00,SNC LAVALIN O M PWGSCWESTERN PORTFOLIO COMPANY,1
67,2024-07-10 19:09:22.931624+00:00,SNCLAVALIN OA BAE NEWPLAN GROUP,1
68,2024-07-10 19:09:22.931624+00:00,SNCLAVALIN ENVIRONMENT DIVISION,1
69,2024-07-10 19:09:22.931624+00:00,SNCLAVALIN ENVIRONMENT VICTORIA,1
70,2024-07-10 19:09:22.931624+00:00,SNC LAVALIN PROFAC RE PWGSC QC PORTFOLIO COMPANY,1
71,2024-07-10 19:09:22.931624+00:00,SNCLAVALIN ENVIRONMENT DIVIS ION,1
72,2024-07-10 19:09:22.931624+00:00,SNC LAVALIN PROFAC PWGSCWESTERN PORTFOLIO COMPANY,1
73,2024-07-10 19:09:22.931624+00:00,SNCLAVALIN ENVIRONMENTAL DIVISION,1
74,2024-07-10 19:09:22.931624+00:00,SNCLAVALIN OPERATIONS MAINTENANCE,1
75,2024-07-10 19:09:22.931624+00:00,SNCLAVALIN CONSTRUCTION AECON JOINT V,1
76,2024-07-10 19:09:22.931624+00:00,SNCLAVLIN ENVIRONMENT,1
77,2024-07-10 19:09:22.931624+00:00,SNCLAVALIN PROFAC PROJECT MANAGEMENT UNIT,1
78,2024-07-10 19:10:20.830099+00:00,ATKINSREALIS,1
79,2024-07-10 19:10:20.830099+00:00,ATKINS REALIS CANADA,1
80,2024-07-10 19:10:20.830099+00:00,ATKINSREALIS CANADA,1
81,2024-07-10 19:10:20.830099+00:00,ATKINSREALIS MAJOR PROJECTS,1
83,2024-07-10 19:40:21.276395+00:00,BOMBARDIER,3
84,2024-07-10 19:40:21.276395+00:00,BOMBARDIER MAT,3
85,2024-07-10 19:40:21.276395+00:00,BOMBARDIER CSC,3
86,2024-07-10 19:40:21.276395+00:00,BOMBARDIER MOTOR,3
87,2024-07-10 19:40:21.276395+00:00,BAOMBARDIER,3
90,2024-07-10 20:09:40.666130+00:00,PLEIAD CANADA,4
91,2024-07-11 14:40:29.462268+00:00,PLEIAD CA,4
92,2024-07-11 14:40:29.462268+00:00,PLEIAD CANDA,4
93,2024-07-11 15:45:19.253690+00:00,NORTHERN MICRO,5
94,2024-07-11 15:45:19.253690+00:00,NORTHERN MICRO NC,5
95,2024-07-11 15:45:19.253690+00:00,NORTHER MICRO,5
96,2024-07-11 15:45:19.253690+00:00,SSC NORTHERN MICRO,5
97,2024-07-11 15:45:19.253690+00:00,NORTHERM MICRO,5
98,2024-07-11 16:09:34.052897+00:00,MCKESSON CANADA,6
99,2024-07-11 16:09:34.052897+00:00,MCKESSON CANADA MCKESSON CANADA,6
100,2024-07-11 16:09:34.052897+00:00,MCKESSAN CANADA,6
101,2024-07-11 16:09:34.052897+00:00,MCKESSEN CANADA,6
102,2024-07-11 16:09:34.052897+00:00,MCKESSON CA,6
103,2024-07-11 16:09:34.052897+00:00,MCKESSON,6
6931,2024-08-30 00:48:21.390272+00:00,TKI CONSTRUCTION,765
105,2024-07-11 17:33:51.120943+00:00,BAYER,7
106,2024-07-11 18:01:28.530425+00:00,JOHNSON JOHNSON,9
107,2024-07-11 18:01:28.530425+00:00,JOHNSON JOHNSON CANADA,9
108,2024-07-11 18:01:28.530425+00:00,JOHNSON JOHNSON PRODUCTS DIV JOHNSON JOHNSON,9
109,2024-07-11 19:12:38.398568+00:00,APOTEX,10
110,2024-07-11 19:12:38.398568+00:00,APOBIOLOGIX A DIVISION APOTEX,10
111,2024-07-11 19:26:28.045481+00:00,HOFFMAN ROCHE,11
112,2024-07-11 19:26:28.045481+00:00,HOFFMANN ROCHE,11
113,2024-07-11 19:26:28.045481+00:00,HOFFMANN ROCHE HOFFMANN ROCHE,11
114,2024-07-11 19:26:28.045481+00:00,ROCHE DIAGNOSTICS,11
115,2024-07-11 19:26:28.045481+00:00,ROCHE DIAGNOSITCS,11
116,2024-07-11 19:26:28.045481+00:00,ROCHE DIAGNOSTICE,11
117,2024-07-11 20:18:29.484120+00:00,DELL,12
118,2024-07-11 20:18:29.484120+00:00,DELL CA,12
119,2024-07-11 20:18:29.484120+00:00,DELL EMC,12
120,2024-07-11 20:18:29.484120+00:00,DELL CANADA,12
121,2024-07-11 20:18:29.484120+00:00,DELL LCANADA,12
122,2024-07-11 20:18:29.484120+00:00,DELL COMPUTER,12
123,2024-07-11 20:18:29.484120+00:00,DELL COMPUTERS,12
124,2024-07-11 20:18:29.484120+00:00,DELLCANADA,12
125,2024-07-11 20:18:29.484120+00:00,DELL EMC CANADA,12
126,2024-07-11 20:18:29.484120+00:00,DELL COMPUTER K,12
127,2024-07-11 20:18:29.484120+00:00,DELL TECHNOLOGIES,12
128,2024-07-11 20:18:29.484120+00:00,DELL COMPUTER CANADA,12
129,2024-07-11 20:18:29.484120+00:00,DELL SOFTWARE CANADA,12
130,2024-07-11 20:18:29.484120+00:00,DELL SOUTHERN EUROPE,12
131,2024-07-11 20:18:29.484120+00:00,DELL CANADA MONTREAL,12
135,2024-07-12 14:10:04.825851+00:00,CANADIAN CORPS COMMISSIONAIRES,13
136,2024-07-12 14:10:04.825851+00:00,CANADIAN CORPS COF COMMISSIONAIRES,13
137,2024-07-12 14:10:04.825851+00:00,CANADIAN CORPS O COMMISSIONAIRES,13
138,2024-07-12 14:10:04.825851+00:00,CANADADIAN CORPS COMMISSIONAIRES,13
139,2024-07-12 14:10:04.825851+00:00,CANADIAN CORPS COMMISSIONAIRES CORPS CANADIEN COMMISSIONAIRES,13
140,2024-07-12 14:10:04.825851+00:00,CANADIAN CORPS COMMISSIONNAIRES,13
141,2024-07-12 14:10:04.825851+00:00,CANADIAN CORPS COMISSIONAIRES,13
142,2024-07-12 14:10:04.825851+00:00,CANADIA CORPS COMMISSIONAIRES,13
143,2024-07-12 14:10:04.825851+00:00,CANADIAN CORPS COMMISSIONAIRE,13
144,2024-07-12 14:10:04.825851+00:00,CANADIAN CORPS COMMISIONAIRES,13
145,2024-07-12 14:10:04.825851+00:00,CANADIAN CORPS OPF COMMISSIONAIRES,13
146,2024-07-12 14:10:04.825851+00:00,CANADIAN CORPS COMMISSIONAIR,13
147,2024-07-12 14:10:04.825851+00:00,CANADIAN COMMISSIONAIRES,13
148,2024-07-12 14:10:04.825851+00:00,CANADIAN CORPS COMMISSIONAIARES,13
149,2024-07-12 14:10:04.825851+00:00,CANADIAN CORPS COMMISSIOINAIRES,13
150,2024-07-12 14:10:04.825851+00:00,CANADIAN CORPS COMMISSIONMAIRES,13
151,2024-07-12 14:10:04.825851+00:00,CANADIAN CORPOS COMMISSIONAIRES,13
152,2024-07-12 14:10:04.825851+00:00,CANDIAN CORPS COMMISSIONAIRES,13
153,2024-07-12 14:10:04.825851+00:00,CANADIAN CORPS COMMSSIONAIRES,13
154,2024-07-12 14:10:04.825851+00:00,CANADIAN CORPS COMMISSIONAIRS,13
155,2024-07-12 14:10:04.825851+00:00,CANADIAN CORPS COMMISSIONARES,13
156,2024-07-12 14:10:04.825851+00:00,CANADIAN CORPS COMMIONAIRES,13
157,2024-07-12 14:10:04.825851+00:00,CANADIAN COMMISSSIONAIRES,13
158,2024-07-12 14:10:04.825851+00:00,CANADIAN CORPSCOMMISSIONNAIRES,13
159,2024-07-12 14:10:04.825851+00:00,CANADIAN CORPS OR COMMISSIONAIRE,13
160,2024-07-12 14:10:04.825851+00:00,CORPS CANADIEN COMMISSIONAIRES,13
161,2024-07-12 14:10:04.825851+00:00,CANADIAN CORPS COMMISSIONAIRSE,13
162,2024-07-12 14:10:04.825851+00:00,CANADA CORPS COMMISSIONAIRES,13
163,2024-07-12 14:10:04.825851+00:00,COMMISSIONAIRES CORPS CANADA,13
164,2024-07-12 14:10:04.825851+00:00,CANADIAN CROPS COMMISSIONAIRES,13
165,2024-07-12 14:10:04.825851+00:00,CANAIDAN CORPS COMMISSIONAIRES,13
166,2024-07-12 14:10:04.825851+00:00,CANADIAN COMISSIONAIRES,13
167,2024-07-12 14:10:04.825851+00:00,CANADIAN COMMISSIONAIRE,13
168,2024-07-12 14:10:04.825851+00:00,CANADIAN CORPS COMMISSION,13
169,2024-07-12 14:10:04.825851+00:00,CANADIAN CORPS COMMISSIONARIES,13
170,2024-07-12 14:10:04.825851+00:00,CANADIAN COPRS COMMISSIONAIRES,13
171,2024-07-12 14:10:04.825851+00:00,CANADAIN CORPS COMMISSIONAIRES,13
172,2024-07-12 14:10:04.825851+00:00,CANADIAN CORPS COMMISSIONIARES,13
173,2024-07-12 14:10:04.825851+00:00,CANADIAN CORPS COMMISISONAIRES,13
174,2024-07-12 14:10:04.825851+00:00,CANADIAN CORPS COMMISSIOANIRES,13
175,2024-07-12 14:10:04.825851+00:00,CANCORPS COMMISSIONAIRES,13
176,2024-07-12 14:10:04.825851+00:00,CORPS CANADIEN COMMISSIONNAIRES,13
177,2024-07-12 14:10:04.825851+00:00,CORPS CANADIEN COMMISSIONAIRE,13
178,2024-07-12 14:10:04.825851+00:00,COMMISSIONAIRES CORPS,13
179,2024-07-12 14:10:04.825851+00:00,CORPS COMMISSIONAIRES,13
180,2024-07-12 14:10:04.825851+00:00,COMMISSIONAIRE CORPS CANADA,13
181,2024-07-12 14:10:04.825851+00:00,CORPS CANADIENS COMMISSIONNAIRES,13
182,2024-07-12 14:10:04.825851+00:00,THR CANADAIN CORPS COMMISSIONAIRES,13
183,2024-07-12 14:10:04.825851+00:00,CANADIAN CORPS COMMISSIANIARES,13
184,2024-07-12 14:10:04.825851+00:00,CANADIAN COMMISSANAIRES,13
185,2024-07-12 14:10:04.825851+00:00,COMMISSIONAIRES CANADA,13
186,2024-07-12 14:10:04.825851+00:00,CANADA CORPS COMMISSIONAIRS,13
187,2024-07-12 14:10:04.825851+00:00,CORPS CANADIEN COMMISSIONNAIRE,13
188,2024-07-12 14:10:04.825851+00:00,CDN CORPS COMMISSIONAIRES,13
189,2024-07-12 14:10:04.825851+00:00,CORPS COMMISSIONNAIRES,13
190,2024-07-12 14:10:04.825851+00:00,CANADIAN CORPORS COMMISSIONAIERS,13
191,2024-07-12 14:10:04.825851+00:00,COMMISSIONAIRE CORPS COMMISSIONAIRE,13
192,2024-07-12 14:10:04.825851+00:00,CORPS COMMISSIONAIRE,13
193,2024-07-12 14:10:04.825851+00:00,CANADIAN COPRS COMMSIONAIRES,13
194,2024-07-12 14:19:58.092705+00:00,COMMISSIONAIRES,13
195,2024-07-12 14:19:58.092705+00:00,COMMISSIONNAIRES,13
196,2024-07-12 14:19:58.092705+00:00,COMMISSIONAIRE SERVICES,13
197,2024-07-12 14:19:58.092705+00:00,COMMISSIONAIRE,13
198,2024-07-12 14:19:58.092705+00:00,COMMISSIONAIRES SERVICES,13
199,2024-07-12 14:19:58.092705+00:00,COMMISSSIONAIRES,13
200,2024-07-12 14:19:58.092705+00:00,COMMISIONAIRES,13
201,2024-07-12 14:19:58.092705+00:00,COMMISSONAIRES,13
202,2024-07-12 14:19:58.092705+00:00,COMMISSIONNAIRE,13
203,2024-07-12 14:19:58.092705+00:00,COMMISSIONAIRE SECURITY,13
204,2024-07-12 14:19:58.092705+00:00,COMMISSIONAIRES SECURTIY SOLUTIONS,13
205,2024-07-12 14:21:44.534169+00:00,COMMISSIONAIRES OTTAWA,13
206,2024-07-12 14:21:44.534169+00:00,COMMISSIONAIRES GREAT LAKES,13
207,2024-07-12 14:21:44.534169+00:00,COMMISSIONAIRES NOVA SCOTIA,13
208,2024-07-12 14:21:44.534169+00:00,COMMISSIONAIRES BC,13
209,2024-07-12 14:21:44.534169+00:00,COMMISSIONNAIRES DU QUEBEC,13
210,2024-07-12 14:21:44.534169+00:00,COMMISSIONAIRES BRITISH COLUMBIA,13
211,2024-07-12 14:21:44.534169+00:00,COMMISSIONAIRES B C,13
212,2024-07-12 14:21:44.534169+00:00,COMMISSIONAIRESOTTAWA,13
213,2024-07-12 14:21:44.534169+00:00,COMMISSIONAIRES KINGSTON,13
214,2024-07-12 14:21:44.534169+00:00,COMMISSIONAIRES NS,13
215,2024-07-12 14:21:44.534169+00:00,COMMISSIONAIRES MANITOBA DIVISION,13
216,2024-07-12 14:21:44.534169+00:00,COMMISSIONAIRES NEWFOUNDLAND,13
217,2024-07-12 14:21:44.534169+00:00,COMMISSIONAIRES NBPEI DIVISION,13
218,2024-07-12 14:21:44.534169+00:00,COMMISSIONAIRES HAMILTON,13
219,2024-07-12 14:21:44.534169+00:00,COMMISSIONAIRES SECURITY SOLUTIONS,13
220,2024-07-12 14:21:44.534169+00:00,COMMISSIONAIRES NFLD,13
221,2024-07-12 14:21:44.534169+00:00,COMMISSIONAIRESSECURITYGUARDS,13
222,2024-07-12 14:21:44.534169+00:00,COMMISSIONAIRES OTTAWA CCIDS,13
223,2024-07-12 14:21:44.534169+00:00,COMMISSIONAIRES MANITOBA,13
224,2024-07-12 14:21:44.534169+00:00,COMMISSIONAIRES NL,13
225,2024-07-12 14:21:44.534169+00:00,COMMISSIONAIRESBRITISH COLUMBIA,13
226,2024-07-12 14:21:44.534169+00:00,COMMISSIONAIRES DU QUEBEC,13
227,2024-07-12 14:21:44.534169+00:00,BC CORPS COMMISSIONAIRES,13
228,2024-07-12 14:21:44.534169+00:00,COMMISSIONAIRES SASKATCHEWAN,13
229,2024-07-12 14:21:44.534169+00:00,COMMISSIONAIRES NORTHERN,13
230,2024-07-12 14:21:44.534169+00:00,COMMISSIONAIRESGREAT LAKES,13
231,2024-07-12 14:21:44.534169+00:00,COMMISSIONAIRE NOVA SCOTIA,13
232,2024-07-12 14:21:44.534169+00:00,COMMISSIONNAIRES OTTAWA,13
233,2024-07-12 14:21:44.534169+00:00,COMMISSIONNAIRES MONTREAL,13
234,2024-07-12 14:21:44.534169+00:00,CORPS CDN COMMISSIONNAIRES OTT,13
235,2024-07-12 14:21:44.534169+00:00,COMMISSIONAIRESHAMILTON,13
236,2024-07-12 14:21:44.534169+00:00,CCIDS COMMISSIONAIRES OTTAWA,13
237,2024-07-12 14:21:44.534169+00:00,COMMISSIONAIRE GREAT LAKES,13
238,2024-07-12 14:21:44.534169+00:00,CORPS CDN COMMISSIONNAIRES MTL,13
239,2024-07-12 14:21:44.534169+00:00,COMMISSIONAIRES VICTORIA,13
240,2024-07-12 14:21:44.534169+00:00,COMMISSIONAIRES DIVISION D OTTAWA,13
241,2024-07-12 14:21:44.534169+00:00,COMMISSIONAIRES OTTAWA COLONADE,13
242,2024-07-12 14:21:44.534169+00:00,COMMISSIONAIRES NBPEI,13
243,2024-07-12 14:21:44.534169+00:00,CDN CORPS COMMISSIONAIRES OTTAWA ON,13
244,2024-07-12 14:21:44.534169+00:00,CANADIAN COMMISSIONAIRES OTTAWA,13
245,2024-07-12 14:21:44.534169+00:00,COMMISSIONAIRES QUEBEC,13
246,2024-07-12 14:21:44.534169+00:00,COMMISSIONAIRES OTTAWA SG,13
247,2024-07-12 14:21:44.534169+00:00,CAN COMMISSIONAIRES OTTAWA,13
248,2024-07-12 14:21:44.534169+00:00,COMMISSIONAIRES CANADA ID SERVICES,13
249,2024-07-12 14:21:44.534169+00:00,COMMISSIONNAIRES NOVA,13
250,2024-07-12 14:21:44.534169+00:00,COMMISSIONNAIRES QUEBEC,13
251,2024-07-12 14:21:44.534169+00:00,COMMISSIONAIRES WINDSOR,13
252,2024-07-12 14:21:44.534169+00:00,COMMISSIONAIRESOTTAWA DIVISIO,13
253,2024-07-12 14:21:44.534169+00:00,CORPS COMMISSIONNAIRES DU QUEBEC,13
254,2024-07-12 14:21:44.534169+00:00,WINDSOR CORPS COMMISSIONAIRES,13
255,2024-07-12 14:21:44.534169+00:00,COMMISSIONAIRE NS,13
256,2024-07-12 14:21:44.534169+00:00,COMMISSIONAIRES EDMONTON,13
257,2024-07-12 14:21:44.534169+00:00,COMMISSIONAIRESCC ID SERVICES,13
258,2024-07-12 14:21:44.534169+00:00,CORPS CDN COMMISSIONNAIRES MTLNAIRES,13
259,2024-07-12 14:21:44.534169+00:00,COMMISSIONAIRES MONTREAL,13
260,2024-07-12 14:21:44.534169+00:00,CDN CORPS COMMISSIONAIRE QC,13
261,2024-07-12 14:21:44.534169+00:00,CANADIAN COMMISSIONAIRES KINGSTON,13
262,2024-07-12 14:21:44.534169+00:00,COMMISIONAIRES GREAT LAKES,13
263,2024-07-12 14:21:44.534169+00:00,COMMISSIONAIRES OTTAWA DIVISION,13
264,2024-07-12 14:21:44.534169+00:00,COMMISSIONARIES BC,13
265,2024-07-12 14:21:44.534169+00:00,COMMISSIONAIRESOTTAWA DIVISION,13
266,2024-07-12 14:21:44.534169+00:00,COMMISSIONARES OTTAWA,13
267,2024-07-12 14:21:44.534169+00:00,CORPS COMMISSIONAIRES BC,13
268,2024-07-12 14:21:44.534169+00:00,COMMISSIONAIRES CALGARY,13
269,2024-07-12 14:21:44.534169+00:00,COMMISSIONARIRES,13
270,2024-07-12 14:21:44.534169+00:00,COMMISSIONAIRES CCISD,13
271,2024-07-12 14:21:44.534169+00:00,COMMISSIONAIRES SECURITY,13
272,2024-07-12 14:21:44.534169+00:00,COMMISSIONAIRES OTTAWA D,13
273,2024-07-12 14:21:44.534169+00:00,COMMISSIONAIRES CR 141206,13
274,2024-07-12 14:21:44.534169+00:00,COMMISSONAIRES NS,13
275,2024-07-12 14:21:44.534169+00:00,COMMISSIONAIRES OTTAWA AO,13
276,2024-07-12 14:21:44.534169+00:00,CANADA COMMISSIONAIRE,13
277,2024-07-12 14:21:44.534169+00:00,COMMISSIONAIRES GREAT LAKE,13
278,2024-07-12 14:21:44.534169+00:00,CORPS COMMSSIONAIRES,13
279,2024-07-12 14:21:44.534169+00:00,COMMISSIONAIRE QUEBEC,13
280,2024-07-12 14:21:44.534169+00:00,COMMISSIONAIRE OTTAWA,13
281,2024-07-12 14:21:44.534169+00:00,COMMISSIONAIRESN ALBERTA,13
282,2024-07-12 14:21:44.534169+00:00,COMMISSIONAIRES NOVA SCOITA,13
283,2024-07-12 14:21:44.534169+00:00,COMMISSIONAIRES GREAAT LAKES,13
284,2024-07-12 14:21:44.534169+00:00,COMISSIONAIRES,13
285,2024-07-12 14:21:44.534169+00:00,COMMISSIONAIRES NS DARTMOUTH,13
286,2024-07-12 14:21:44.534169+00:00,COMMISSIONAIRES FINGERPRINTS,13
287,2024-07-12 14:21:44.534169+00:00,COMMISSISONAIRES OTTAWA,13
288,2024-07-12 14:21:44.534169+00:00,COMISSIONAIRES HAMILTON,13
289,2024-07-12 14:21:44.534169+00:00,COMMISSIONAIRES SK,13
290,2024-07-12 14:21:44.534169+00:00,COMMISSIONAIRES NORTH ALBERTA,13
291,2024-07-12 14:21:44.534169+00:00,COMMISSIONNAIRE SERVICES,13
292,2024-07-12 14:21:44.534169+00:00,COMMISIONAIRES DU QUEBEC,13
293,2024-07-12 14:21:44.534169+00:00,CANADIAN CORPS COMMISSIONAIRES NL,13
294,2024-07-12 14:21:44.534169+00:00,COMMISSSIONAIRE DU QUEBEC,13
295,2024-07-12 14:21:44.534169+00:00,COMMISSIONAIRE GREAT LAKE,13
296,2024-07-12 14:21:44.534169+00:00,COMMISSIONNAIRE OTTAWA,13
297,2024-07-12 14:21:44.534169+00:00,COMMISSIONAIRES MAINTOBA DIVISION,13
298,2024-07-12 14:21:44.534169+00:00,CANADIAN CORPS COMMISSIONAIRES NMCI,13
299,2024-07-12 14:21:44.534169+00:00,CORPS COMMISSIONNAIRES DU CANADA,13
300,2024-07-12 14:21:44.534169+00:00,COMMISSIONAIRS GREAT LAKES,13
301,2024-07-12 14:21:44.534169+00:00,COMMISSIONAIRES SECURITY SOLULTIONS,13
302,2024-07-12 14:21:44.534169+00:00,COMMISSIONAIRES SOUTH SASKATCHEWAN,13
303,2024-07-12 14:21:44.534169+00:00,COMMISSIONAIRES GREAT LAKES DIVISION,13
304,2024-07-12 14:21:44.534169+00:00,CANADIAN COMMISSSIONAIRES KINGSTON,13
305,2024-07-12 14:26:09.709476+00:00,COMMISSIONNAIRES DIVISION QUEBEC,13
306,2024-07-12 14:26:09.709476+00:00,COMMISSIONNAIRES DIV DU QCDU QUEB,13
307,2024-07-12 14:26:09.709476+00:00,COMMISIONAIRES SASKATCHEWAN,13
308,2024-07-12 14:26:09.709476+00:00,COMMISSIONNAIRE CANADIENS,13
309,2024-07-12 14:26:09.709476+00:00,BRITISH COLUMBIA CORPS COMMISSIONAIRES,13
310,2024-07-12 14:26:09.709476+00:00,CANADIAN CORPS COMMISSIONAIRES OTTAWA,13
311,2024-07-12 14:26:09.709476+00:00,COMMISSIONAIRES NOVA SCOTIA DIVISION,13
312,2024-07-12 14:26:09.709476+00:00,CANADIAN CORPS COMMISSIONAIRES NB PEI,13
313,2024-07-12 14:26:09.709476+00:00,CANADIAN CORPS COMMISSIONAIRES NS DIV,13
314,2024-07-12 14:26:09.709476+00:00,COMMISSIONNAIRE DU QUEBEC,13
315,2024-07-12 14:26:09.709476+00:00,COMMISSIONARIES OTTAWA,13
316,2024-07-12 14:26:09.709476+00:00,COMMISSIONAIRES KINGSTON REGION DIVISION,13
317,2024-07-12 14:26:09.709476+00:00,COMMISSIONNAIRES DIV DU QCDU QUEBEC,13
318,2024-07-12 14:26:09.709476+00:00,COMMISSAIRES OTTAWA,13
319,2024-07-12 14:26:09.709476+00:00,CANADIAN COMMISSIONAIRE OTTAWA,13
320,2024-07-12 14:26:09.709476+00:00,SERVICE COMMISSIONAIRE QUEBEC,13
321,2024-07-12 14:26:09.709476+00:00,BRITISH COLUMBIA CORPS COMMISSIONAIRES COMMISSIONAIRES BC,13
322,2024-07-12 14:26:09.709476+00:00,CANADIAN CORPS COMMISSIONAIRES HAMILTON,13
323,2024-07-12 14:26:09.709476+00:00,COMMISSIONAIRES OTTAWA D CANADIAN CORPS COMMISSIONAIRES,13
324,2024-07-12 14:26:09.709476+00:00,COMMISSIONARIE SERVICES,13
325,2024-07-12 14:26:09.709476+00:00,COMMISSIONNAIRES DU QUEBECBUREAU QUEBEC,13
326,2024-07-12 14:26:09.709476+00:00,COMMISSIONARIES SERVICES,13
327,2024-07-12 14:26:09.709476+00:00,COMMISSIONAIRE SK NORTH SK DIVISION,13
328,2024-07-12 14:26:09.709476+00:00,COMMISSIONAIRE MANITOBA DIVISION,13
329,2024-07-12 14:26:09.709476+00:00,COMMISSIONAIRES OTTAWA SG CANADIAN CORPS COMMISSIONAIRES,13
330,2024-07-12 14:26:09.709476+00:00,COMMISSIONAIRES NEWFOUNDLAND LABRADOR,13
331,2024-07-12 14:26:09.709476+00:00,COMMISSIONAIRES VICTORIA ISLAND YUKON,13
332,2024-07-12 14:26:09.709476+00:00,COMMISSIONAIRES OTTAWA EP CANADIAN CORPS COMMISSIONAIRES,13
333,2024-07-12 14:26:09.709476+00:00,COMMISSIONAIRES OTTAWA FP CANADIAN CORPS COMMISSIONAIRES,13
334,2024-07-12 14:26:09.709476+00:00,CANADIAN COMMISSIONAIRES KINGSTON REGION,13
335,2024-07-12 14:26:09.709476+00:00,CANADIAN CORPS COMMISSIONAIRES VIY DIVISION,13
336,2024-07-12 14:26:09.709476+00:00,COMMISSIONAIRES VICTORIA ISLANDS YUKON,13
337,2024-07-12 14:26:09.709476+00:00,CANADIAN CORPS COMMISSIONAIRESHAMILTON,13
338,2024-07-12 14:26:09.709476+00:00,COMNMISSIONAIRES MANITOBA DIVISION,13
339,2024-07-12 14:26:09.709476+00:00,OTTAWA DIVISION CANADA CORPS COMMISSIONAIRES,13
340,2024-07-12 14:26:09.709476+00:00,GREAT LAKES COMMISSION,13
341,2024-07-12 14:26:09.709476+00:00,COMMISSIONNAIRES KINGSTON REGIONAL OFFICE,13
342,2024-07-12 14:26:09.709476+00:00,CANADIAN CORPS COMMISSIONAIRES NEWFOUNDLAND,13
343,2024-07-12 14:26:09.709476+00:00,NBPEI DIVISION CANADIAN CORPS COMMISSIONAIRES,13
344,2024-07-12 14:26:09.709476+00:00,COMMISSIONAIRES OTTAWA CCIDS FINGERPRINTS,13
345,2024-07-12 14:26:09.709476+00:00,CANADIAN COMMISSIONAIRES SOUTHERN ALBERTA,13
346,2024-07-12 14:26:09.709476+00:00,CANADIAN CORPS COMMISSIONAIRES NBPEI DIVISION,13
347,2024-07-12 14:26:09.709476+00:00,COMMISSIONAIRES OTTAWA SG CANADIAN CORPS COMMISSIONAIRESTHE CANADIAN CORPS COMMISSIONAIRES,13
348,2024-07-12 14:26:09.709476+00:00,CANADIAN CORPS COMMISSIONAIRES NB PEI DIVISION,13
349,2024-07-12 14:26:09.709476+00:00,OTTAWA DIVISION CANADIAN CORPS COMMISSIONAIRES,13
350,2024-07-12 14:26:09.709476+00:00,COMMISSIONAIRES NORTH SASKATCHEWAN DIVISION,13
351,2024-07-12 14:26:09.709476+00:00,CANADIAN CORPS COMMISSIONAIRES OTTAWA DIVISION,13
352,2024-07-12 14:26:09.709476+00:00,CANADIAN CORPS COMMISSIONAIRES KINGSTON REGION,13
353,2024-07-12 14:26:09.709476+00:00,CANADIAN CORPS COMMISSIONAIRES KINGSTON AREA,13
354,2024-07-12 14:26:09.709476+00:00,CANADIAN CORPS COMMISSIONAIRES OTTAWA DEVISION,13
355,2024-07-12 14:26:09.709476+00:00,COMMISSIONIARES NOVA SCOTIA,13
356,2024-07-12 14:26:09.709476+00:00,COMMISSIOINAIRE NOVA SCOTIA,13
357,2024-07-12 14:26:09.709476+00:00,COMMISSIONAIRE CORPS SOUTHERN ALBERTA,13
358,2024-07-12 14:26:09.709476+00:00,NATIONAL CAPITAL COMMISSION,13
359,2024-07-12 14:26:09.709476+00:00,COMMISSIONAIRE SERVICES MANITOBA DIVISION,13
360,2024-07-12 14:26:09.709476+00:00,CORPS CANADIEN COMMISSIONNAIRES DIV QUEBEC,13
361,2024-07-12 14:26:09.709476+00:00,CORPS CANADIEN COMMISSIONAIRES DIVISION DU QUEBEC,13
362,2024-07-12 14:26:09.709476+00:00,CANADIAN CORPS COMMISSIONAIRESOTTAWA DIVISION,13
363,2024-07-12 14:26:09.709476+00:00,CANADIAN CORPS COMMISSIONAIRES HQ OTTAWA DIVISION,13
364,2024-07-12 14:26:09.709476+00:00,CANADIAN CORPS COMMISSIONAIRES NORTHERN ALBERTA,13
365,2024-07-12 14:26:09.709476+00:00,CANADIAN CORPS COMMISSIONAIRES SOUTHERN ALBERTA,13
366,2024-07-12 14:26:09.709476+00:00,CANADIAN CORPS COMMISSIONAIRES VIC ISLAND YUKON,13
367,2024-07-12 14:26:09.709476+00:00,CANADIAN CORPS COMMISSIONAIRES VIC ISLANDS YUKON,13
368,2024-07-12 14:26:09.709476+00:00,CANADIAN CORPS COMMISSIONAIRES NORTH SASKATCHEWAN,13
369,2024-07-12 14:26:09.709476+00:00,COMMISSIONAIRES MANITOBA NORTHWESTERN ONTARIO,13
370,2024-07-12 14:26:09.709476+00:00,CANADIAN COMMISSIONIARE,13
371,2024-07-12 14:26:09.709476+00:00,NOVA SCOTIA DIVISION CANADIAN CORPS COMMISSIONAIRES,13
372,2024-07-12 14:26:09.709476+00:00,CANADIAN CORPS COMMISSIONAIRES NOVA SCOTIA DIVISION,13
373,2024-07-12 14:26:09.709476+00:00,CANADIAN CORPOS COMMISSIONAIRES NOVA SCOTIA DIVISION,13
374,2024-07-12 14:26:09.709476+00:00,CANADIAN CORPS COMMISSIONAIRES KINGSTON REGION DIVISION,13
375,2024-07-12 14:26:09.709476+00:00,NBPEI DIVISION CANADIAN CORPS COMISSIONAIRES,13
376,2024-07-12 14:26:09.709476+00:00,CORPS CANADIEN COMMISSIONN,13
377,2024-07-12 14:26:09.709476+00:00,CORPS CANADIENS COMMISSIONNAIRES DIVISION QUEBEC,13
378,2024-07-12 14:26:09.709476+00:00,CORPS CANADIEN COMMISSIONNAIRES DIVISION DU QUEBEC,13
379,2024-07-12 14:26:09.709476+00:00,SERVICES DU SECURITE DU CORPS COMMISSIONNAIRES DU QUEBEC,13
380,2024-07-12 14:26:09.709476+00:00,CANADIAN CORPS COMMISSIOAIRES KINGSTON REGION,13
381,2024-07-12 14:26:09.709476+00:00,CORPS CANADIEN DS COMMISSIONNAIRES DIVISION MONTREAL,13
382,2024-07-12 14:27:17.690544+00:00,CANADIAN CORPS COMMISSIONARESNBPEI DIV,13
383,2024-07-12 14:27:17.690544+00:00,CANADIAN CORPS COMMISSIONAIRES NORTHERN ALBERTA DIVISION,13
384,2024-07-12 14:27:17.690544+00:00,CANADIAN CORPS COMMISSIONAIRES NORTH SASKATCHEWAN DIVISION,13
385,2024-07-12 14:27:17.690544+00:00,CANADIAN CORPS COMMISSIONAIRESNORTHERN ALBERTA DIVISION,13
386,2024-07-12 14:27:17.690544+00:00,CANADIAN CORPS COMMISSIONAIRES VICTORIA ISLANDS YUKON DIVISION,13
387,2024-07-12 14:27:17.690544+00:00,CANADIAN CORPS COMMISSIONNAIRES NORTHERN ALBERTA NATIONAL MONITORING,13
388,2024-07-12 14:27:17.690544+00:00,CANADIAN CORPS COMMISSIONNAIRES NORTHERN ALBERTA NATIONAL MONITORING C,13
389,2024-07-12 14:27:17.690544+00:00,COMMISSIONAIRES SERVICE 1001206 DIVISION 7 GREAT LAKES,13
390,2024-07-12 14:27:17.690544+00:00,CANADIAN CORPS COMMISSIONNAIRES NORTHERN ALBERTA NATIONAL MONITORING CENTRE,13
391,2024-07-12 14:27:17.690544+00:00,COMMISSIONAIRES MANITOBA NORTH WESTERN ONTARIO DIVISION,13
392,2024-07-12 14:27:17.690544+00:00,COMMISSIONNAIRES N ALBERTA NORTHWEST TERRITORY NUNAVUT,13
393,2024-07-12 14:27:17.690544+00:00,CANADIAN CORPS,13
394,2024-07-12 14:27:17.690544+00:00,CORPS CANADIEN,13
395,2024-07-12 14:27:17.690544+00:00,CORPS CANADIENS,13
396,2024-07-12 14:27:17.690544+00:00,CANADIAN CORPS CANADA,13
397,2024-07-12 14:27:31.530937+00:00,OTTAWA DIVISION CANADIAN CORPS,13
398,2024-07-12 15:04:13.041153+00:00,CALIAN CALIAN,14
399,2024-07-12 15:04:13.041153+00:00,CALIAN,14
400,2024-07-12 15:04:13.041153+00:00,CALIAN LD,14
401,2024-07-12 15:04:13.041153+00:00,CALIAN GROUP,14
402,2024-07-12 15:04:13.041153+00:00,CALAIAN,14
403,2024-07-12 15:04:13.041153+00:00,CALIAN LIMITES,14
404,2024-07-12 15:04:13.041153+00:00,CLIAN,14
405,2024-07-12 15:04:13.041153+00:00,CALINA,14
406,2024-07-12 15:04:13.041153+00:00,CALIAN JENNIFER FOOTE,14
407,2024-07-12 15:04:13.041153+00:00,CALIAN DIGITAL SOLUTIONS,14
408,2024-07-12 15:04:13.041153+00:00,CALAIN,14
409,2024-07-12 15:04:13.041153+00:00,CALIAN TECHNOLOGY SERVICES,14
410,2024-07-12 15:04:13.041153+00:00,CALIAN COMMUNICATIONS SYSTEMS,14
411,2024-07-12 15:04:13.041153+00:00,CALIAN TEMPORARY HELP SERVICES,14
412,2024-07-12 15:06:40.935106+00:00,NISHA TECHNOLOGIES,15
413,2024-07-12 15:06:40.935106+00:00,NISHA TECHNOLOGIE,15
414,2024-07-12 15:06:40.935106+00:00,SSC NISHA TECHNOLOGIES,15
415,2024-07-12 15:06:40.935106+00:00,NISHA TECHNOLOGIER,15
416,2024-07-12 15:06:40.935106+00:00,NISHA TEHCHNOLOGIES,15
417,2024-07-12 15:06:40.935106+00:00,NISHA TECHONOLOGIES,15
418,2024-07-12 15:06:40.935106+00:00,NISHA TECHNOLOIES,15
419,2024-07-12 15:06:40.935106+00:00,NISHATECHNOLOGIES,15
420,2024-07-12 15:06:40.935106+00:00,NISHA TECNOLOGIES,15
421,2024-07-12 15:06:40.935106+00:00,NISHA TECHNOLGIES,15
422,2024-07-12 15:06:40.935106+00:00,NISHA TECHOLOGIES,15
423,2024-07-12 15:06:40.935106+00:00,NISHA TECHNOLOLIES,15
424,2024-07-12 15:06:40.935106+00:00,NISHA TECHNONOGIES,15
425,2024-07-12 15:06:40.935106+00:00,NISHA TECHNOLOGY,15
426,2024-07-12 15:06:40.935106+00:00,NISH TECHNOLOGIE,15
427,2024-07-12 15:06:40.935106+00:00,1301021 NISHA TECHNOLOGIES,15
428,2024-07-12 15:06:40.935106+00:00,NISHA THENOLOGIES,15
429,2024-07-12 15:06:40.935106+00:00,NISHA TECHONOLGIES,15
430,2024-07-12 15:10:01.404150+00:00,NISHA,15
431,2024-07-12 15:10:01.404150+00:00,NISHA TEC,15
432,2024-07-12 15:10:01.404150+00:00,NISHA TECH,15
433,2024-07-12 15:10:01.404150+00:00,NISHA GROUP,15
434,2024-07-12 15:10:01.404150+00:00,NISHATECH,15
435,2024-07-12 15:10:01.404150+00:00,SSC IT PRO NISHA,15
436,2024-07-12 15:10:01.404150+00:00,NISHA TECHONOLIGIES,15
437,2024-07-12 15:10:01.404150+00:00,IT PRO NISHA TECHNOLOGIE,15
438,2024-07-12 15:10:28.583397+00:00,SHARED SERVICES CANADA NISHA TECHNOLOGIES,15
439,2024-07-12 15:26:56.080513+00:00,STANTEC,16
440,2024-07-12 15:26:56.080513+00:00,KALO STANTEC,16
441,2024-07-12 15:26:56.080513+00:00,NUNAMI STANTEC,16
442,2024-07-12 15:26:56.080513+00:00,STANTEC OTTAWA,16
443,2024-07-12 15:26:56.080513+00:00,DETONCHO STANTEC,16
444,2024-07-12 15:26:56.080513+00:00,ADCSTANTEC,16
445,2024-07-12 15:26:56.080513+00:00,STANTEC CONSULTIN,16
446,2024-07-12 15:26:56.080513+00:00,STANTEC GEOMATICS,16
447,2024-07-12 15:26:56.080513+00:00,STANTEC GEOMATRICS,16
448,2024-07-12 15:26:56.080513+00:00,STANTEC CONSULTING,16
449,2024-07-12 15:26:56.080513+00:00,STANTEC COMSULTING,16
450,2024-07-12 15:26:56.080513+00:00,STANTEC ARCHITECTURE,16
451,2024-07-12 15:26:56.080513+00:00,STANTEC CONSTULTING,16
452,2024-07-12 15:26:56.080513+00:00,KAVIKSTANTEC,16
453,2024-07-12 15:26:56.080513+00:00,STANTEC CONSULTANTING,16
454,2024-07-12 15:26:56.080513+00:00,STANTEC ARCHITECTURE ARCHITECT,16
455,2024-07-12 15:26:56.080513+00:00,STANTEC CONSULTING SCL,16
456,2024-07-12 15:26:56.080513+00:00,NEEGAN NAYNOWAN STANTEC,16
457,2024-07-12 15:26:56.080513+00:00,STANTEC ARCHITECTURE ARCHITECTS,16
458,2024-07-12 15:26:56.080513+00:00,STANTEC INGENIEURBURO,16
459,2024-07-12 15:26:56.080513+00:00,STANTEC EXPERTSCONSEILS,16
460,2024-07-12 15:26:56.080513+00:00,STANTEC EXPERT CONSEILS,16
461,2024-07-12 15:26:56.080513+00:00,STANTEC CONSULTING GROUP,16
462,2024-07-12 15:26:56.080513+00:00,STANTEC CONSULTING STJOHNS,16
463,2024-07-12 15:26:56.080513+00:00,STANTEC EXPERTS CONSEILS,16
464,2024-07-12 15:26:56.080513+00:00,STANTED CONSULTANT,16
465,2024-07-12 15:26:56.080513+00:00,STANTEC CONSULTING CALGARY,16
466,2024-07-12 15:26:56.080513+00:00,STANTEC CONSULTING BARRIE,16
467,2024-07-12 15:26:56.080513+00:00,STANTEC CONSULTING OTTAWA,16
468,2024-07-12 15:26:56.080513+00:00,STANTEC CONSULTING BURNABY,16
469,2024-07-12 15:26:56.080513+00:00,STANTEC CONSULTING MARKHAM,16
470,2024-07-12 15:26:56.080513+00:00,STANTEC CONSULTING SERVICES,16
471,2024-07-12 15:26:56.080513+00:00,STANTEC GLOBAL TECHNOLOGIES,16
472,2024-07-12 15:26:56.080513+00:00,STANTEC CONSULTING WINNIPEG,16
473,2024-07-12 15:26:56.080513+00:00,STANTEC CONSULTING EDMONTON,16
474,2024-07-12 15:26:56.080513+00:00,STANTEC CONSULTING HAMILTON,16
475,2024-07-12 15:26:56.080513+00:00,STANTEC CONSULTING VICTORIA,16
476,2024-07-12 15:26:56.080513+00:00,STANTEC CONSULTING DARTMOUTH,16
477,2024-07-12 15:26:56.080513+00:00,STANTEC CONSULTING VANCOUVER,16
478,2024-07-12 15:26:56.080513+00:00,STANTEC CONSULTING NORTH BAY,16
479,2024-07-12 15:26:56.080513+00:00,STANTEC CONSULTING KITCHENER,16
480,2024-07-12 15:26:56.080513+00:00,STANTEC CONSULTING SAINT JOHN,16
481,2024-07-12 15:26:56.080513+00:00,STANTEC CONSULTING PACKAGE B,16
482,2024-07-12 15:26:56.080513+00:00,STANTEC EXPERTSCONSEILS QUEBEC,16
483,2024-07-12 15:26:56.080513+00:00,STANTEC CONSULTING DO NOT USE,16
484,2024-07-12 15:26:56.080513+00:00,STANTEC CONSULTING SAINT JOHNNB,16
485,2024-07-12 15:26:56.080513+00:00,STANTEC CONSULTING SAINTLAURENT,16
486,2024-07-12 15:26:56.080513+00:00,STANTEC CONSULTING FREDERICTON,16
487,2024-07-12 15:26:56.080513+00:00,STANTEC CONSULTING STANTEC ARCHITECTURE,16
488,2024-07-12 15:26:56.080513+00:00,STANTEC CONSULTING INTERNATIONAL,16
1158,2024-07-18 16:50:18.119058+00:00,KIA,79
489,2024-07-12 15:27:31.950655+00:00,STANTEC EXPERTSCONSEILS LONGUEUIL,16
490,2024-07-12 15:27:31.950655+00:00,JACQUES WHITFORD STANTEC,16
491,2024-07-12 15:30:43.411371+00:00,VERITAAQ TECHNOLOGY HOUSE,17
492,2024-07-12 15:30:43.411371+00:00,VERITAAQ TECHNOLOG HOUSE,17
493,2024-07-12 15:30:43.411371+00:00,VERITAAQ TECHNOLOGY HOUSING,17
494,2024-07-12 15:30:43.411371+00:00,EXPERIS VERITAAQ TECHNOLOGY HOUSE,17
495,2024-07-12 15:30:43.411371+00:00,VERITAAQ TECHNOLOGY HOUSE EXPERIS,17
496,2024-07-12 15:30:43.411371+00:00,VERITAAQ TECHNOLOGY HOUSEEXPERIS,17
497,2024-07-12 15:30:43.411371+00:00,VERITAAQ TECHNOLOGY HOUSE OA EXPERIS,17
498,2024-07-12 15:30:43.411371+00:00,VERITAAQ TECHNOLOGY HOUSE OA EXPERISVERITAAQ,17
499,2024-07-12 15:30:43.411371+00:00,VERITAAQ TECHNOLOGY HOUSE 1002327 ST LAURENT BLVD OTTAWA ON K1G 4J8,17
500,2024-07-12 15:31:11.596458+00:00,VERITAAQ,17
501,2024-07-12 15:31:11.596458+00:00,EXPERIS VERITAAQ,17
502,2024-07-12 15:31:11.596458+00:00,EXPERISVERITAAQ,17
503,2024-07-12 15:31:11.596458+00:00,VERITAAQ IT CONSULTING,17
504,2024-07-12 15:31:11.596458+00:00,VERITAAQ IT CONSULTANTS,17
505,2024-07-12 15:31:49.702221+00:00,EXPERIS,17
506,2024-07-12 15:31:49.702221+00:00,EXPERIS CANADA,17
507,2024-07-12 15:31:49.702221+00:00,EXPERIS MANPOWERGROUP,17
508,2024-07-12 15:31:49.702221+00:00,EXPERIS MANPOWER GROUP,17
509,2024-07-12 16:51:19.135497+00:00,IMPERIAL OIL,19
510,2024-07-12 16:51:19.135497+00:00,IMPERIAL OIIL,19
511,2024-07-12 16:51:19.135497+00:00,IMPERIALO OIL,19
512,2024-07-12 16:51:19.135497+00:00,IMPERIIAL OIL,19
513,2024-07-12 16:51:19.135497+00:00,IMPERIAL OIT,19
514,2024-07-12 16:51:19.135497+00:00,IMPERIAL OIV,19
515,2024-07-12 16:51:19.135497+00:00,IMPERIAL OIS,19
516,2024-07-12 16:51:19.135497+00:00,IMPERIAM OIL,19
517,2024-07-12 16:51:19.135497+00:00,IMPERIAIL OIL,19
518,2024-07-12 20:46:00.480117+00:00,COMMISSIONAIRES COMMISSIONAIRES,13
519,2024-07-12 20:46:00.480117+00:00,COMMISSIONAIRES COMMISSIONNAIRES,13
520,2024-07-12 20:46:00.480117+00:00,CANADIAN CORPS COMMISSIONAIRES CORPS CANADIEN COMMISSIONNAIRES,13
521,2024-07-12 20:46:43.253704+00:00,STANTEC STANTEC,16
522,2024-07-12 21:08:46.728986+00:00,IMPERIAL OIL ESSO,19
523,2024-07-12 21:08:46.728986+00:00,ESSO IMPERIAL OIL,19
524,2024-07-12 21:08:46.728986+00:00,IMPERIAL ESSO OIL,19
525,2024-07-12 21:08:46.728986+00:00,IMPERIL OIL,19
526,2024-07-12 21:08:46.728986+00:00,IMPERIAL,19
527,2024-07-12 21:08:46.728986+00:00,IMPERIAL OIUL,19
528,2024-07-12 21:08:46.728986+00:00,IMPRERIAL OIL,19
529,2024-07-12 21:08:46.728986+00:00,IMPERIAL OIL EXXON,19
530,2024-07-12 21:08:46.728986+00:00,IMPERAL OIL,19
531,2024-07-12 21:08:46.728986+00:00,MPERIAL OIL,19
532,2024-07-12 21:08:46.728986+00:00,IMPERIOR OIL,19
533,2024-07-12 21:08:46.728986+00:00,INPERIAL OIL,19
534,2024-07-12 21:08:46.728986+00:00,EMPERIAL OIL,19
535,2024-07-12 21:08:46.728986+00:00,IMPARIAL OIL,19
536,2024-07-12 21:08:46.728986+00:00,IMPERIAL OLI,19
537,2024-07-12 21:08:46.728986+00:00,IMPERILA OIL,19
538,2024-07-12 21:08:46.728986+00:00,IMPERIEL OIL,19
539,2024-07-12 21:10:05.020408+00:00,IMPERIAL OIL VITERRA,19
540,2024-07-12 21:10:05.020408+00:00,IMPERIAL OIL PRODUCT,19
541,2024-07-12 21:10:05.020408+00:00,IMPERIAL OIL PRODUCTS,19
542,2024-07-12 21:10:05.020408+00:00,IMPERIAL OIL PRODCUTS,19
543,2024-07-12 21:10:05.020408+00:00,IMPERIAL OIL LIMITEDIMPERIAL OIL,19
544,2024-07-12 21:10:05.020408+00:00,IMPERIAL OIL COMMERCIAL,19
545,2024-07-12 21:10:05.020408+00:00,EXXONMOBIL IMPERIAL OIL,19
546,2024-07-12 21:10:05.020408+00:00,IMPERIAL OIL EXXONMOBIL,19
547,2024-07-12 21:10:05.020408+00:00,IMPERIAL OIL ESSO LT5D,19
548,2024-07-12 21:10:05.020408+00:00,IMPERIAL OILEXXONMOBIL,19
549,2024-07-12 21:10:05.020408+00:00,IMPERIAL OIL PRODLUCTS,19
550,2024-07-12 21:10:05.020408+00:00,IMPERAIL OIL,19
551,2024-07-12 21:10:05.020408+00:00,IMPERIAL OIL PETROLIERE IMPERIALE,19
552,2024-07-12 21:10:05.020408+00:00,ESSO IMPERIAL,19
553,2024-07-12 21:10:05.020408+00:00,IMPERIAL ESSO,19
554,2024-07-12 21:10:05.020408+00:00,IMPERIAL OIL FUEL EX ENERGY,19
555,2024-07-12 21:10:05.020408+00:00,IMPERIAL OIL AVIATION FUEL,19
556,2024-07-12 21:10:05.020408+00:00,INPERIAL OIL ESSO,19
557,2024-07-12 21:10:05.020408+00:00,INMPERIAL OIL PRODUCTS,19
558,2024-07-12 21:14:07.161552+00:00,IMPERIAL OIL PRODUCTS DIVISION,19
559,2024-07-12 21:14:07.161552+00:00,IMPERIAL OIL PRODUCTS CHMICALS DIVISION,19
560,2024-07-12 21:14:07.161552+00:00,IMPERIAL OIL PRODUCTS CHEMICALS DIVISION,19
561,2024-07-12 21:14:07.161552+00:00,IMPERIAL OIL PORDUCTS CHEMICALS DIVISIONS,19
562,2024-07-12 21:14:07.161552+00:00,IMPERIAL OIL PETROLEUM CHEMICALS DIVISION,19
563,2024-07-12 21:14:07.161552+00:00,IMPERIAL OIL SHIPPED FROM MCDOUGALL ENERGY,19
564,2024-07-12 21:14:07.161552+00:00,IMPERIAL OIL PRODUCTS AD CHEMICALS DIVISION,19
565,2024-07-12 21:18:04.968325+00:00,COSSETTE COMMUNICATION,20
566,2024-07-12 21:18:04.968325+00:00,COSSETTE COMMUNICATIONS,20
567,2024-07-12 21:18:04.968325+00:00,COSSETTE COMMUNICATION GROUP,20
568,2024-07-12 21:18:04.968325+00:00,COSETTE COMMUNICATIONS,20
569,2024-07-12 21:18:04.968325+00:00,GROUPE COSSETTE COMMUNICATION,20
570,2024-07-12 21:18:04.968325+00:00,COSSETTE COMMUHICATIONS,20
571,2024-07-12 21:18:04.968325+00:00,COSSETTE COMMUNICATIONMARKETING,20
572,2024-07-12 21:18:04.968325+00:00,COSETTE COMMUNICATION MERKETNG,20
573,2024-07-12 21:19:15.196929+00:00,COSSETTE,20
574,2024-07-12 21:19:15.196929+00:00,COSSETTE MEDIA,20
575,2024-07-12 21:19:15.196929+00:00,COSSETTE MEDIA COSSETTE,20
576,2024-07-12 21:19:15.196929+00:00,COSSETTE DIGITAL,20
577,2024-07-12 21:19:15.196929+00:00,COSSETTE ATLANTIC,20
578,2024-07-12 21:19:15.196929+00:00,COSETTE MEDIA,20
579,2024-07-12 21:19:15.196929+00:00,COSSETTE MEDIA ATTN AOR CANADA,20
580,2024-07-15 15:36:08.879610+00:00,BOMBARDIER BOMBARDIER,3
581,2024-07-15 15:36:08.879610+00:00,BOMBARIER,3
582,2024-07-15 15:36:08.879610+00:00,BOMBARDIER CAPITAL,3
583,2024-07-15 15:36:08.879610+00:00,BOMBERDIER,3
584,2024-07-15 15:36:08.879610+00:00,BOMBARDIER AEROSPACE,3
585,2024-07-15 15:36:08.879610+00:00,BOMBARDIER AERONAUTIQUE,3
586,2024-07-15 15:36:08.879610+00:00,BOMBARDIER TRANSPORTATION,3
587,2024-07-15 15:36:08.879610+00:00,BOMBARDIER TRANSPORTATION BOMBARDIER TRANSPORT,3
588,2024-07-15 15:36:08.879610+00:00,BOMBARDIER SPECIALIZED AIRCRAFT,3
589,2024-07-15 15:36:08.879610+00:00,BOMBARDIER TRANSPORTATION CANADA,3
590,2024-07-15 15:36:08.879610+00:00,BOMBARDIER MASS TRANSIT DIVISION,3
591,2024-07-15 15:36:08.879610+00:00,BOMBARDIER AEROSPACE DEFENCE SERVICES NFTC,3
592,2024-07-15 15:36:48.852298+00:00,BOMBARDIER REC PROD,21
593,2024-07-15 15:36:48.852298+00:00,BOMBARDIER REC PRODINC,21
594,2024-07-15 15:36:48.852298+00:00,BOMBARDIER RECREATIONAL,21
595,2024-07-15 15:36:48.852298+00:00,BOMBARDIER RECR PRODUCTS,21
596,2024-07-15 15:36:48.852298+00:00,BOMBARDIER RECERATIONAL PROD,21
597,2024-07-15 15:36:48.852298+00:00,BPR US BOMBARDIER RECREATIONAL,21
598,2024-07-15 15:36:48.852298+00:00,BOMBARDIER PRODUITS RECREATIFS,21
599,2024-07-15 15:36:48.852298+00:00,BOMBARDIER RECREATION PRODUCTS,21
600,2024-07-15 15:36:48.852298+00:00,BOMBARDIER RECREATIONAL PRODUCTS,21
601,2024-07-15 15:36:48.852298+00:00,BOMBARDIER RECREATIONAL PRODUCTS BRP,21
602,2024-07-15 15:36:48.852298+00:00,BOMBARDIER RECREATIONAL PRODUCTS IN,21
603,2024-07-15 15:36:48.852298+00:00,BOMBARDIER RECREATIONAL PRODUCTS IN C,21
604,2024-07-15 15:36:48.852298+00:00,BOMBARDIER RECREATIONAL PRODUCTS BOMBARDIER PRODUITS RECREATIFS,21
605,2024-07-15 15:36:48.852298+00:00,BOMBARDIER PRODUITS RECREATIFS BOMBARDIER RECREATIONAL PRODUCTS,21
606,2024-07-15 15:36:48.852298+00:00,BOMBARDIER PRODUITS RECREATIFS BOMBARDIER RECREATIONAL PRODUCTS IN,21
607,2024-07-15 15:38:39.834689+00:00,BRP,21
608,2024-07-15 15:38:39.834689+00:00,BRP US,21
609,2024-07-15 15:38:39.834689+00:00,BRP RD SERVICES,21
610,2024-07-15 15:43:17.618235+00:00,CALIAN TECHNOLOGIES,14
611,2024-07-15 15:43:17.618235+00:00,CALIAN DWP SOLUTIONS,14
612,2024-07-15 15:43:17.618235+00:00,CALIAN DWP SOLUTIONS IN J,14
613,2024-07-15 15:43:17.618235+00:00,CALIAN DWP SOLUTIONS IN JV,14
614,2024-07-15 15:43:17.618235+00:00,SED SYSTEMS A DIVISION CALIAN,14
615,2024-07-15 15:43:51.754612+00:00,SED SYSTEMS,14
616,2024-07-15 16:33:09.479253+00:00,NORTHERN MICRO INCL,5
617,2024-07-15 16:33:09.479253+00:00,NOERTHERN MICRO,5
618,2024-07-15 16:33:09.479253+00:00,NORTHEM MICRO,5
619,2024-07-15 16:33:09.479253+00:00,NOTHERN MICRO,5
620,2024-07-15 16:33:09.479253+00:00,NORTHERN MICO,5
621,2024-07-15 16:33:09.479253+00:00,NORTHEN MICRO,5
622,2024-07-15 16:33:09.479253+00:00,NORTERN MICRO,5
623,2024-07-15 16:33:09.479253+00:00,160267 NORTHERN MICRO,5
624,2024-07-15 16:33:09.479253+00:00,NORTHENR MICRO,5
625,2024-07-15 16:33:09.479253+00:00,NORTHERN MIVRO,5
626,2024-07-15 16:33:09.479253+00:00,NORTHERN MOCRO,5
627,2024-07-15 16:33:09.479253+00:00,NORTHERN MICOR,5
628,2024-07-15 16:33:09.479253+00:00,NORTHERN MICRO VIA SSC,5
629,2024-07-15 16:33:09.479253+00:00,NORTHERN MIRCO,5
630,2024-07-15 16:33:09.479253+00:00,NORHTERN MICRO,5
631,2024-07-15 16:33:09.479253+00:00,NORTHERN MICRO CARE XEROX,5
632,2024-07-15 16:33:09.479253+00:00,NORTHERN MICRO HEADQUARTER,5
633,2024-07-15 16:33:09.479253+00:00,NOTHEN MICRO,5
634,2024-07-15 16:40:04.346579+00:00,STANTEC ARCHITECTURE YELLOWKNIFE,16
635,2024-07-15 16:40:04.346579+00:00,STANTEC CONSULTING CIVIL ENGINEER,16
636,2024-07-15 16:40:04.346579+00:00,SRANTEC CONSULTING,16
637,2024-07-15 16:40:04.346579+00:00,STAMTEC CONSULTING,16
638,2024-07-15 16:40:37.154725+00:00,STANTEC CONSULTING STRUCTURAL ENGINEER,16
639,2024-07-16 15:52:08.230700+00:00,EXXONMOBILIMPERIAL OIL,19
640,2024-07-16 15:52:08.230700+00:00,IMPERIAL OIL EXXONMOBIL AVIATION,19
641,2024-07-16 15:52:08.230700+00:00,EXXONMOBIL AVIATION IMPERIAL OIL,19
642,2024-07-16 15:52:08.230700+00:00,EXXIONMOBIL AVIATION IMPERIAL OIL,19
643,2024-07-16 15:52:08.230700+00:00,IMPERIAL OIL ESSO HARNOIS ENERGIES,19
644,2024-07-16 15:52:08.230700+00:00,EXXONMOBIL AVIATION AKA IMPERIAL OIL,19
645,2024-07-16 15:52:08.230700+00:00,ESSO PETROLEUM CANADA IMPERIAL OIL,19
646,2024-07-16 15:52:08.230700+00:00,IMPERIAL OIL ESSO EXXONMOBIL AVIATION,19
647,2024-07-16 15:52:08.230700+00:00,IMPERIAL OIL MCCOLLFRONTENAC PETROLEUM,19
648,2024-07-16 15:52:08.230700+00:00,IMPERIAL OIL MCCOLL FRONTENAC PETROLIUM NOCO FUELS CANADA,19
649,2024-07-16 15:52:08.230700+00:00,IMPERIAL OIL MCCOLL FRONTENAC PETROLEUM NOCO FUELS CANADA,19
650,2024-07-16 15:54:48.765608+00:00,XEROX CANADA XEROX CANADA,23
651,2024-07-16 15:54:48.765608+00:00,XEROX CANADA,23
652,2024-07-16 15:54:48.765608+00:00,XEROX CANADANA,23
653,2024-07-16 15:54:48.765608+00:00,XEROX CANAD,23
654,2024-07-16 15:54:48.765608+00:00,XERO CANADA,23
655,2024-07-16 15:54:48.765608+00:00,XEROX CANANDA,23
656,2024-07-16 15:54:48.765608+00:00,XEROX CANADA BC ACC,23
657,2024-07-16 15:54:48.765608+00:00,XEROX CANADA STJOHN,23
658,2024-07-16 15:54:48.765608+00:00,XEROX CANADA OTTAWA,23
659,2024-07-16 15:54:48.765608+00:00,XEROX CANADA TORONTO,23
660,2024-07-16 15:54:48.765608+00:00,XEROX CANADA WINNIPEG,23
661,2024-07-16 15:54:48.765608+00:00,XEROX CA,23
662,2024-07-16 15:54:48.765608+00:00,XEROX CANADA DARTMOUTH,23
663,2024-07-16 15:54:48.765608+00:00,XEROX CANADA SAINT JOHN,23
664,2024-07-16 15:54:48.765608+00:00,XEROX CANADA CO PRINTER PLUS,23
665,2024-07-16 15:54:48.765608+00:00,XEROX RESEARCH CENTRE CANADA,23
666,2024-07-16 15:54:48.765608+00:00,XEROX,23
667,2024-07-16 15:54:48.765608+00:00,XEROX CANADA RESELLER CAPITAL CAD,23
668,2024-07-16 15:57:36.340251+00:00,XEROX CIC,23
669,2024-07-16 15:57:36.340251+00:00,IDS XEROX,23
670,2024-07-16 15:57:36.340251+00:00,XEROX EASTERN REGION BUSINESS SOLUTIONS,23
671,2024-07-16 16:10:31.410346+00:00,SOFTCHOICE,24
672,2024-07-16 16:10:31.410346+00:00,SOFTCHOICE CAD,24
673,2024-07-16 16:10:31.410346+00:00,SOFTHOICE,24
674,2024-07-16 16:10:31.410346+00:00,SOFTCHOICE CANADA,24
675,2024-07-16 16:10:31.410346+00:00,SOFTCHOICE OTTAWA,24
676,2024-07-16 16:10:31.410346+00:00,SOFTCHOICE COMPANY,24
677,2024-07-16 16:10:31.410346+00:00,SORTCHOICE,24
678,2024-07-16 16:10:31.410346+00:00,SOFTCHOIVE,24
679,2024-07-16 16:10:31.410346+00:00,SOFTCHOICE CR 117956,24
680,2024-07-16 16:10:31.410346+00:00,SOFTCHOICE COPORATION,24
681,2024-07-16 16:10:31.410346+00:00,SOFTCHOICE MONTREAL QUE,24
682,2024-07-16 16:10:31.410346+00:00,SOFTCHOICE COROPORATION,24
683,2024-07-16 16:10:31.410346+00:00,SOFTCHOICEUNIS LUMIN,24
684,2024-07-16 16:10:31.410346+00:00,SOFTCHOICE ALBERT ST OTTAWA ON,24
685,2024-07-16 16:10:31.410346+00:00,SOFTCHOICE ATT JANICE RAKOWSKI,24
686,2024-07-16 16:17:07.590339+00:00,MDA SYSTEMS,25
687,2024-07-16 16:17:07.590339+00:00,MDA GEOSPATIAL SERVICES,25
688,2024-07-16 16:17:07.590339+00:00,MDA GEOSPATIAL SERVICE,25
689,2024-07-16 16:17:07.590339+00:00,MDA SYSTEM,25
690,2024-07-16 16:17:07.590339+00:00,MDA GEOSPATICAL SERVICES,25
691,2024-07-16 16:17:07.590339+00:00,MDA AVIATION REGD,25
692,2024-07-16 16:17:07.590339+00:00,MDA SPATIAL SERVICES,25
693,2024-07-16 16:17:07.590339+00:00,MDA GEOSPATIAL,25
694,2024-07-16 16:17:07.590339+00:00,MDA AVIATION,25
695,2024-07-16 16:17:07.590339+00:00,MDA GEOSPTATIAL SERVICES,25
696,2024-07-16 16:17:07.590339+00:00,MDA GEOSPATIAL SERICES,25
697,2024-07-16 16:17:07.590339+00:00,MDA GEOSPATIAL SERIVES,25
698,2024-07-16 16:17:51.783255+00:00,MDA,25
699,2024-07-16 16:17:51.783255+00:00,MDA SPACE,25
1276,2024-07-18 16:59:07.243001+00:00,ROCHE GROUPECONSEIL SAINTEFOY,93
1277,2024-07-18 16:59:07.243001+00:00,ROCHE GROUPECONSEIL CHICOUTIMI,93
1300,2024-07-18 17:01:47.929460+00:00,KRAUSSMAFFEI WEGMANN KG,102
1301,2024-07-18 17:01:47.929460+00:00,KRAUSSMAFFEI WEGMANN COKG,102
1302,2024-07-18 17:01:47.929460+00:00,KRAUSSMAFFEI WEGMANN KG KMW,102
1303,2024-07-18 17:01:47.929460+00:00,KRAUSS MAFFEI WEGMANN,102
1304,2024-07-18 17:01:47.929460+00:00,KRAUSSMAFFEIWEGMANN KG,102
1305,2024-07-18 17:01:47.929460+00:00,KRAUSSMAFFEIWEGMANN COKG,102
1306,2024-07-18 17:01:47.929460+00:00,KRAUSS MAFFEIWEGMANN,102
1328,2024-07-18 17:03:05.035843+00:00,GARDA CANADA SECURITY,99
1329,2024-07-18 17:03:05.035843+00:00,SECURITE GARDA CANADA,99
1330,2024-07-18 17:03:05.035843+00:00,GARDA CANADA SECURITY OPTIONS,99
1331,2024-07-18 17:03:05.035843+00:00,GARDA SECURITY,99
1332,2024-07-18 17:03:05.035843+00:00,GARDA SECURITY SCREENING,99
1333,2024-07-18 17:03:05.035843+00:00,GARDA DU CANADA,99
1334,2024-07-18 17:03:05.035843+00:00,GARDAWORLD CASH SERVICES CANADA,99
1335,2024-07-18 17:03:31.082212+00:00,BIRD CONSTRUCTION GP BIRD CONSTRUCTION COMPANY,90
1350,2024-07-18 17:05:30.695539+00:00,AMAZON,105
1351,2024-07-18 17:05:30.695539+00:00,AMAZONCA,105
1352,2024-07-18 17:05:30.695539+00:00,AMAZONCOM,105
1353,2024-07-18 17:05:30.695539+00:00,AMAZON CANADA,105
1354,2024-07-18 17:05:30.695539+00:00,AMAZONCOMCA,105
1355,2024-07-18 17:05:30.695539+00:00,AMAZON SERVICES,105
1356,2024-07-18 17:05:30.695539+00:00,AMAZON CORPORATE,105
1357,2024-07-18 17:05:30.695539+00:00,AMAZON CORPORATE AMAZON CORPORATE,105
1358,2024-07-18 17:05:30.695539+00:00,AMAZON WEB SERVICES,105
1359,2024-07-18 17:05:30.695539+00:00,AMAZON WE SERVICES AWS,105
1360,2024-07-18 17:05:30.695539+00:00,AMAZON WEB SERVICES AWS,105
1361,2024-07-18 17:05:30.695539+00:00,AMAZON WEB SERVICES SSC,105
1362,2024-07-18 17:05:30.695539+00:00,AMAZON WEB SERVICES CANADA AMAZON WEB SERVICES CANADA,105
1363,2024-07-18 17:05:30.695539+00:00,AMAZON WEB SERVICES CANADA,105
1369,2024-07-18 17:08:10.907441+00:00,ROGERS MEDIA PUBLISHING,8
2819,2024-07-25 16:27:58.218987+00:00,BOYD MOVING STORAGE,234
1416,2024-07-18 17:14:49.025674+00:00,CARSON AIR,112
1443,2024-07-18 17:20:30.956704+00:00,CDW CANADA,118
1444,2024-07-18 17:20:30.956704+00:00,CDW CANADAA,118
1445,2024-07-18 17:20:30.956704+00:00,CDW CANADAN,118
1446,2024-07-18 17:20:30.956704+00:00,CDW CANADA CROP,118
1447,2024-07-18 17:20:30.956704+00:00,SSC CDW CANADA,118
1448,2024-07-18 17:20:30.956704+00:00,CDW CANADA GROUP,118
1449,2024-07-18 17:20:30.956704+00:00,CDW CANDADA,118
1450,2024-07-18 17:21:34.672790+00:00,DELOTITE,116
1451,2024-07-18 17:21:34.672790+00:00,DELIOTTE,116
1485,2024-07-18 17:24:43.995513+00:00,ARAMARK CANADA ARAMARK CANADA,113
1486,2024-07-18 17:24:43.995513+00:00,ARAMARK,113
1517,2024-07-18 17:27:58.195251+00:00,DELOITTE TOUCHE CONSULTING,116
1518,2024-07-18 17:27:58.195251+00:00,DELOITTE TOUCHEDO NOT USE,116
1521,2024-07-18 17:28:38.336104+00:00,DELOITTE CONSULTING,116
1552,2024-07-18 17:30:09.221063+00:00,BMC SOFTWARE,124
1553,2024-07-18 17:30:09.221063+00:00,BMC SOFTWARE CA,124
1554,2024-07-18 17:30:09.221063+00:00,BMC SOFWARE,124
1555,2024-07-18 17:30:09.221063+00:00,BMC SOFTWARE CANADA,124
1565,2024-07-18 17:50:06.798886+00:00,ARI FINANCIAL SERVICES INCT46163,128
1566,2024-07-18 17:50:06.798886+00:00,ARI FINANCIAL SERVICE,128
1567,2024-07-18 17:50:06.798886+00:00,AFI FINANCIAL SERVICES,128
1568,2024-07-18 17:50:06.798886+00:00,1223864 ARI FINANCIAL SERVICES,128
1569,2024-07-18 17:50:06.798886+00:00,ARI FINANCIAL SERIVCES,128
1570,2024-07-18 17:50:06.798886+00:00,ARI FINANCAIL SERVICES,128
1571,2024-07-18 17:50:06.798886+00:00,ARI FIN SERVICES,128
1572,2024-07-18 17:50:06.798886+00:00,ARI FINANCIAL,128
1573,2024-07-18 17:50:06.798886+00:00,ARI FINANCIAL SS,128
1575,2024-07-18 17:57:59.526672+00:00,ARI FINANCIAL SERVICES HOLMAN,128
1576,2024-07-18 17:57:59.526672+00:00,A R I FINANCIAL,128
6933,2024-08-30 00:52:29.160289+00:00,HANNA INFRASTRUCTURE,767
1618,2024-07-18 18:43:48.418278+00:00,BOEING COMPANY,135
1619,2024-07-18 18:43:48.418278+00:00,BOEING DEFENCE UK,135
1620,2024-07-18 18:43:48.418278+00:00,BOEING DIST CANADA,135
1621,2024-07-18 18:43:48.418278+00:00,BOEING GLOBAL SALES,135
1623,2024-07-18 18:43:48.418278+00:00,BOEING AIRCRAFT COMPANY,135
1624,2024-07-18 18:43:48.418278+00:00,BOEING CANADA OPERATIONS,135
1625,2024-07-18 18:43:48.418278+00:00,BOEING DIGITAL SOLUTIONS,135
1626,2024-07-18 18:43:48.418278+00:00,BOEING DISTRIBUTION CANADA,135
1627,2024-07-18 18:43:48.418278+00:00,BOEING OPERATIONS INTERNATIONAL,135
1628,2024-07-18 18:43:48.418278+00:00,JEPPESEN BOEING DIGITAL SOLUTION,135
1640,2024-07-18 19:01:53.418301+00:00,CAE,138
1663,2024-07-18 19:56:46.710243+00:00,WHITE BEAR INDUSTRIES,142
1703,2024-07-18 23:05:01.551254+00:00,MERCK,97
1704,2024-07-18 23:05:01.551254+00:00,MERCK MERCK,97
1705,2024-07-18 23:05:01.551254+00:00,MERCK CIE,97
1706,2024-07-18 23:05:01.551254+00:00,MERCK EPROVA,97
1707,2024-07-18 23:05:01.551254+00:00,MERCK CANADA MERCK CANADA,97
1708,2024-07-18 23:05:01.551254+00:00,MERCK CANADA,97
1709,2024-07-18 23:05:01.551254+00:00,MERCK FROSST CANADA,97
1710,2024-07-18 23:05:01.551254+00:00,MERCK FROSST CANADA MERCK FROSST CANADA,97
2820,2024-07-25 16:29:28.253761+00:00,L3 COMMUNICATIONS MAS CANADA,69
1749,2024-07-19 10:39:57.703882+00:00,JOHNSON CONTROLS CANADA,104
1750,2024-07-19 10:39:57.703882+00:00,JOHNSON CONTROLS S PTE,104
1751,2024-07-19 10:39:57.703882+00:00,JOHNSON CONTROLS M2031,104
1752,2024-07-19 10:39:57.703882+00:00,JOHNSON CONTROLS T6067,104
1753,2024-07-19 10:39:57.703882+00:00,JOHNSON CONTROLS I PVT,104
1754,2024-07-19 10:39:57.703882+00:00,JOHNSON CONTROLS OTTAWA,104
1755,2024-07-19 10:39:57.703882+00:00,JOHNSON CONTROLS MARINE,104
1756,2024-07-19 10:39:57.703882+00:00,JOHNSON CONTROLS CALGARY,104
1757,2024-07-19 10:39:57.703882+00:00,JOHNSON CONTROLSIPVTLTD,104
1758,2024-07-19 10:39:57.703882+00:00,JOHNSON CONTROLS INDIA PVT,104
1759,2024-07-19 10:39:57.703882+00:00,JOHNSON CONTROLS S PRIVATE,104
1760,2024-07-19 10:39:57.703882+00:00,JOHNSON CONTROL CANADA,104
1761,2024-07-19 10:39:57.703882+00:00,JOHNSON CONTROLS CANADA CALGARY,104
1762,2024-07-19 10:39:57.703882+00:00,JOHNSON CONTROLS PARTNERSHIP,104
1763,2024-07-19 10:39:57.703882+00:00,SOCIETE CONTROLE JOHNSON CONTROLS SCJC,104
1738,2024-07-18 23:34:26.842270+00:00,MICRSOFT,148
700,2024-07-16 16:18:21.587768+00:00,MACDONALD DETTWILER,25
701,2024-07-16 16:18:21.587768+00:00,MACDONALD DETTWILER ASSOC,25
702,2024-07-16 16:18:21.587768+00:00,MACDONALD DETTWILER ASSOCIATES,25
703,2024-07-16 16:18:21.587768+00:00,MACDONALD DETTWILER ASSOCOIATES,25
704,2024-07-16 16:18:21.587768+00:00,MACDONALD DETTWILER ASSOCIATES MACDONALD DETTWILER ASSOCIES,25
705,2024-07-16 16:18:21.587768+00:00,MACDONALD DETTWILER ASSOCIATES MDA,25
706,2024-07-16 16:18:21.587768+00:00,MACDONALD DETTTWILLER ASSOCIATES,25
707,2024-07-16 16:18:21.587768+00:00,MACDONALDDETTWILER ASSOCIATES,25
708,2024-07-16 16:18:21.587768+00:00,MACDONALD DETWILLER ASSOCIATES,25
709,2024-07-16 16:18:21.587768+00:00,MACDONALD DETTWILER ASSOCIATES SYSTEMES DINFORMATION,25
710,2024-07-16 16:54:59.740465+00:00,ALTIS RECRUITMENT,26
711,2024-07-16 16:54:59.740465+00:00,ALTIS RECRRUITMENT,26
712,2024-07-16 16:54:59.740465+00:00,ALTIS RECUITMENT,26
713,2024-07-16 16:54:59.740465+00:00,ALTIS RECRUTMENT,26
714,2024-07-16 16:54:59.740465+00:00,ALTISRECRUITMENT,26
715,2024-07-16 16:54:59.740465+00:00,ALTIS RECRUITMENT TECHNOLOGY,26
716,2024-07-16 16:54:59.740465+00:00,ALTIS RECRUITMENT TECHNOLOGY ALTIS TECHNOLOGY,26
717,2024-07-16 16:54:59.740465+00:00,ALTIS RECRUITING,26
718,2024-07-16 16:54:59.740465+00:00,ALTIS PROFESSIONAL RECRUITMENT,26
719,2024-07-16 16:54:59.740465+00:00,ALTIS RECRUITMENT TECHNOLOGY IN,26
720,2024-07-16 16:54:59.740465+00:00,ALTIS RECRUITMENT QMR CONSULTING,26
721,2024-07-16 16:54:59.740465+00:00,ALTIS PROFESSIONAL RECRUITMENT HR,26
722,2024-07-16 16:54:59.740465+00:00,ALTIS PROFESSIONAL RECRUITEMENT,26
723,2024-07-16 16:54:59.740465+00:00,ALTIS HUMAN RESOURCES OTTAWA ALTIS RECRUITMENT,26
724,2024-07-16 16:54:59.740465+00:00,EXCEL ITR ALTIS RECRUITMENT TECHNOLOGY,26
725,2024-07-16 16:54:59.740465+00:00,ALTIS RECRUITMENT TECHNOLOGY OA EXCEL ITR,26
726,2024-07-16 16:54:59.740465+00:00,ATLIS PROFESSIONAL RECRUITMENT,26
727,2024-07-16 16:54:59.740465+00:00,ALTIS RERCRUITEMENT TECHNOLOGY,26
728,2024-07-16 16:54:59.740465+00:00,ALTIS HUMAN RESOURCES OTTAWA ALTIS RECRUITIMENT,26
729,2024-07-16 16:54:59.740465+00:00,ALTIS HUMAN RESOURCES OTTAWA ALTIS RECRUITMENT TECHNOLOGY,26
730,2024-07-16 16:54:59.740465+00:00,ALTIS PROFESSIONAL RECRUITMENT EXCEL HUMAN RESOURCES,26
731,2024-07-16 16:54:59.740465+00:00,ALTIS SPECIALIZED PROFESSIONAL RESOURCES OR ALTISSPR OR ALTIS PROFESSIONAL RECRUITMENT,26
732,2024-07-16 16:54:59.740465+00:00,ALTIS HR,26
733,2024-07-16 16:54:59.740465+00:00,ALTIS HUMAN RESOUCE,26
734,2024-07-16 16:54:59.740465+00:00,ALTIS HUMAN RESOUCES,26
735,2024-07-16 16:54:59.740465+00:00,ALTIS HUMAN RESOURCE,26
736,2024-07-16 16:54:59.740465+00:00,ALTIS HUMAN RESOURSES,26
737,2024-07-16 16:54:59.740465+00:00,ALTIS HUMAN RESSOUCES,26
738,2024-07-16 16:54:59.740465+00:00,ALTIS HUMAN RESSOURCE,26
739,2024-07-16 16:54:59.740465+00:00,ALTIS HUMAN RESOURCES,26
740,2024-07-16 16:54:59.740465+00:00,ALTIS EXCEL,26
741,2024-07-16 16:54:59.740465+00:00,ALTIS HUMAINE RESOURCE,26
742,2024-07-16 16:54:59.740465+00:00,ALTIS HUMAIN RESOURCES,26
743,2024-07-16 16:54:59.740465+00:00,ALTIS HUMAN RESSOURCES,26
744,2024-07-16 16:54:59.740465+00:00,ALTIS HURMAN RESOURCES,26
745,2024-07-16 16:54:59.740465+00:00,ALTISHR,26
746,2024-07-16 16:54:59.740465+00:00,ALTIS HUMAN RESOURCES DONT USE,26
747,2024-07-16 16:54:59.740465+00:00,ALTIS HUMAN RESOURCESOTTAWA,26
748,2024-07-16 16:54:59.740465+00:00,ALTIS HR OTTAWA,26
749,2024-07-16 16:54:59.740465+00:00,ALTIS VANCOUVER,26
750,2024-07-16 16:54:59.740465+00:00,ALTIS HUMAN RESOUCRS OTTAWA,26
751,2024-07-16 16:54:59.740465+00:00,ALTIS HUMAN RESORCES OTTAWA,26
752,2024-07-16 16:54:59.740465+00:00,ALTIS HUMAN RESOURCES EXCEL HUMAN RESOURCES,26
753,2024-07-16 16:54:59.740465+00:00,ALTIS HUMAN RESOUCES OTTAWA,26
754,2024-07-16 16:54:59.740465+00:00,ALTIS HUMAN RESOURCES EXCEL,26
755,2024-07-16 16:54:59.740465+00:00,ALTIS HUMAN RESOURCE OTTAWA,26
756,2024-07-16 16:56:20.523388+00:00,ALTIS HUMAN RESOURCES OTTAWA,26
757,2024-07-16 16:56:20.523388+00:00,ALTIS PROFESSIONAL RESOURCES,26
758,2024-07-16 16:56:20.523388+00:00,ALTIS HUMAN RESOURCES VANCOUVER,26
759,2024-07-16 16:56:20.523388+00:00,ALTIS PROFESSIONAL,26
760,2024-07-16 16:56:20.523388+00:00,ALTIS,26
761,2024-07-16 16:56:20.523388+00:00,ALTIS HUMAN RESOURCES CALGARY,26
762,2024-07-16 16:56:20.523388+00:00,ALTIS HR CALGARY,26
763,2024-07-16 16:56:20.523388+00:00,ALTIS HUMAN RESOURCES NORTH YORK,26
764,2024-07-16 16:56:20.523388+00:00,ALTIS HUMAN RESOURCES MISSISSAUGA,26
765,2024-07-16 16:56:20.523388+00:00,ALTIS HRO EXCEL HR ALTIS HR,26
766,2024-07-16 16:56:20.523388+00:00,JOINT VENTURE ALTIS EXCEL HUMAN RESOURCES,26
767,2024-07-16 16:56:20.523388+00:00,ALTIS HUMAN RESOURCES VANCOUVER I,26
768,2024-07-16 16:56:20.523388+00:00,ALTIS HR EXCEL HR IN JV,26
769,2024-07-16 16:56:20.523388+00:00,ALTIS HR EXCEL HR IN JOINT VENTURE,26
770,2024-07-16 16:56:20.523388+00:00,ALTIS TECHNOLOGY,26
771,2024-07-16 16:56:20.523388+00:00,ALTIS APR,26
772,2024-07-16 16:56:20.523388+00:00,ALTISEXCEL,26
773,2024-07-16 16:56:20.523388+00:00,ALTIS HUMAN RESOOURCES OTTAWA,26
774,2024-07-16 16:56:20.523388+00:00,ALTIS HR STAFFING,26
775,2024-07-16 16:56:20.523388+00:00,ALTIS HR EXCEL IN JOINT VENTURE,26
776,2024-07-16 16:56:20.523388+00:00,NAME ALTIS HUMAN RESOURCES OTTAWA,26
777,2024-07-16 16:58:39.421262+00:00,ALTIS PROFESSIONAL SERVICES,26
778,2024-07-16 16:58:39.421262+00:00,ALTIS HUMAN RESOURCES OTTAWA EXCEL HUMAN RESOURCES ALTIS HUMAN,26
779,2024-07-16 16:58:39.421262+00:00,ALTISEXCELHR IN JOINT VENTURE,26
780,2024-07-16 16:58:39.421262+00:00,ALTIS SPECIALIZED,26
781,2024-07-16 16:58:39.421262+00:00,ALTIS SPR OTTAWA,26
782,2024-07-16 16:58:39.421262+00:00,ALTIS PROFESSIONAL DONT USE,26
783,2024-07-16 16:58:39.421262+00:00,ALTIS SPRCOM,26
784,2024-07-16 16:58:39.421262+00:00,ALTIS HR OTTAWA EXCELHR JOINT VENTURE,26
785,2024-07-16 16:58:39.421262+00:00,NAME ALTIS PROFESSIONAL,26
786,2024-07-16 16:58:39.421262+00:00,ALTIS HUMAN RESOURCES EXCEL HUMAN RESOURCES IN JV,26
787,2024-07-16 16:58:39.421262+00:00,ALTISHR EXCELHR IN JOINT VENT,26
788,2024-07-16 17:00:06.872347+00:00,EXCEL HUMAN RESOURCES,26
789,2024-07-16 17:00:06.872347+00:00,EXCEL HUMAN RESOURCES OTTAWA,26
790,2024-07-16 17:00:06.872347+00:00,EXCEL HUMAN RESSOURCES,26
791,2024-07-16 17:00:06.872347+00:00,ALTIS HUMAN RESOURCES OTTAWA EXCEL HUMAN RESOURCES IN JOINT VENTURE,26
792,2024-07-16 17:00:06.872347+00:00,EXCEL HUMAN RESOURCES EXCELITR,26
793,2024-07-16 17:00:06.872347+00:00,ALTIS HUMAN RESOURCES OTTAWA EXCEL HUMAN RESOURCES ALTIS HUMAN RESOURCES IN JOINT VENTURE,26
794,2024-07-16 17:00:06.872347+00:00,ATLIS HUMAN RESOURCES,26
1159,2024-07-18 16:50:18.119058+00:00,KIA CANADA,79
795,2024-07-16 17:00:06.872347+00:00,EXCEL HUMAN RESOURCE,26
796,2024-07-16 17:00:06.872347+00:00,ATLIS HUMAN RESOURCES OTTAWA,26
797,2024-07-16 17:00:06.872347+00:00,EXEL HUMAN RESOURCES,26
798,2024-07-16 17:00:06.872347+00:00,EXCELL HUMAN RESOURCES,26
799,2024-07-16 17:00:06.872347+00:00,ALTIS HUMAN RESOURCES OTTAWA EXCEL HUMAN RESOURCES RESSOURCES HUMAINES EXCEL ALTIS HUMAN RESOURCES RESSOURCES HUMAINES ALTIS IN JOINT VENTURE,26
800,2024-07-16 17:00:06.872347+00:00,EXCEL HUMAN RESOURCESINC,26
801,2024-07-16 17:00:06.872347+00:00,ALTUS HUMAN RESOURCES,26
802,2024-07-16 17:00:06.872347+00:00,ALTIS HUMAN RESOURCES OTTAWA EXCELHUMAN RESOURCES IN JOINT VENTURE,26
803,2024-07-16 17:00:06.872347+00:00,EXCEL HUMAN RESOURCES OA EXCEL HR,26
804,2024-07-16 17:00:06.872347+00:00,EXCEL HUMAN RESOURCES OPERATING AS EXCELITR,26
805,2024-07-16 17:00:06.872347+00:00,ALTISA HUMAN RESOURCES,26
806,2024-07-16 17:00:06.872347+00:00,ALTIS HUMAN RESOURCES OTTAWA EXCEL HUMAN RESOURCES IN JV ALTISEXCEL,26
807,2024-07-16 17:00:06.872347+00:00,EXCEL HUMAN RESOURCES 102 BANK ST SUITE 300,26
808,2024-07-16 17:00:06.872347+00:00,EXCEL HURMAN RESOURSES,26
809,2024-07-16 17:00:06.872347+00:00,EXCEL IT RESOURCES,26
810,2024-07-16 17:00:06.872347+00:00,EXCEL HUMAN RESOURSE,26
811,2024-07-16 17:00:06.872347+00:00,EXCEL HUMAN RESSOURCE,26
812,2024-07-16 17:00:06.872347+00:00,EXCEL HUMAN RESOUCES,26
813,2024-07-16 17:00:06.872347+00:00,EXCEL INFORMATION TECHNOLOGY RESOURCES A DIVISION EXCEL HUMAN RESOURCES,26
814,2024-07-16 17:00:06.872347+00:00,EXCEL HUMAN RESOURCES EXCELLTR,26
815,2024-07-16 17:00:06.872347+00:00,EXCEL HUMAN RESOURCES EXCEL ITR,26
816,2024-07-16 17:00:06.872347+00:00,EXCEL HUMAN RESOURCES EXCEL HR,26
817,2024-07-16 17:01:30.969471+00:00,EXCEL ITR,26
818,2024-07-16 17:01:30.969471+00:00,EXCEL,26
819,2024-07-16 17:01:30.969471+00:00,EXCEL HR,26
820,2024-07-16 17:01:30.969471+00:00,EXCELHR,26
821,2024-07-16 17:01:30.969471+00:00,EXCEL HRITR,26
822,2024-07-16 17:01:30.969471+00:00,EXCELITR,26
823,2024-07-16 17:01:30.969471+00:00,EXCEL ITREXCEL INFORMATION TECHNOL,26
824,2024-07-16 17:01:30.969471+00:00,EXCEL INFORMATION TECHNOLOGY,26
825,2024-07-16 17:02:30.724949+00:00,EXCEHR,26
826,2024-07-16 17:02:30.724949+00:00,EXCELLTR,26
827,2024-07-16 19:20:14.916004+00:00,ROGERS COMMUNICATIONS CANADA,8
828,2024-07-16 19:20:14.916004+00:00,ROGERS COMMUNICATIONS,8
829,2024-07-16 19:20:14.916004+00:00,ROGERS CABLE COMMUNICATIONS,8
830,2024-07-16 19:20:14.916004+00:00,ROGERS WIRELESS,8
831,2024-07-16 19:20:14.916004+00:00,ROGERS OTTAWA,8
832,2024-07-16 19:20:14.916004+00:00,ROGERS,8
833,2024-07-16 19:20:14.916004+00:00,ROGERS TELECOM,8
834,2024-07-16 19:20:14.916004+00:00,ROGERS MEDIA,8
835,2024-07-16 19:36:09.382688+00:00,BGIS GLOBAL INTEGRATED SOLUTIONS CA,28
836,2024-07-16 19:36:09.382688+00:00,BGIS ITF CANADA LANDS,28
837,2024-07-16 19:36:09.382688+00:00,BGIS GLOBAL SOLUTIONS,28
838,2024-07-16 19:36:09.382688+00:00,BGIS INTEGRATED TECHNICAL,28
839,2024-07-16 19:36:09.382688+00:00,BGIS GLOBAL INTEGRATED SOLUTIONS,28
840,2024-07-16 19:36:09.382688+00:00,BGIS GLOBAL INTEGRATED SOLUTIONS CANADA,28
841,2024-07-16 19:36:09.382688+00:00,BGIS GLOBAL INTEGRATED,28
842,2024-07-16 19:36:09.382688+00:00,BGIS ENERGY FACILITY SOLUTIONS,28
843,2024-07-16 19:36:09.382688+00:00,BGIS ENERGY FACILITY SOLUTIONS IN,28
844,2024-07-16 19:36:09.382688+00:00,BGIS GLOBAL INTEGRATED SOLUTIONS US,28
845,2024-07-16 19:36:09.382688+00:00,BGIS WORKPLACE SOLUTIONS,28
846,2024-07-16 19:36:58.976852+00:00,BGIS GLOBAL INTEGRATED SOLUTIONS CANADA BGIS SOLUTIONS GLOBALES INTEGREES CANADA SEC,28
847,2024-07-16 19:36:58.976852+00:00,BROOKFIELD GLOBAL INTEGRATED SOLUTIONS,28
848,2024-07-16 19:36:58.976852+00:00,BROOKFIELD GLOBAL INTEGRATED SOLUTIONS CANADA,28
849,2024-07-16 19:36:58.976852+00:00,BROOKFIELD GLOBAL INTEGRATED SOLUTIONS CANADA BROOKFIELD,28
850,2024-07-16 19:36:58.976852+00:00,BROOKFIELD GLOBAL INTEGRATED SOLUTIONS CANADA GP,28
851,2024-07-16 19:36:58.976852+00:00,BROOKFIELD GLOBAL INTEGRATED SOLUTION,28
852,2024-07-16 19:36:58.976852+00:00,BROOKFIELD GLOBAL INTEGRATED SOLUTI,28
853,2024-07-16 19:36:58.976852+00:00,BROOKFIELD GLOBAL INTEG SOLUTIONS,28
854,2024-07-16 19:36:58.976852+00:00,BROOKFIELD GLOBAL INTEGRATED,28
855,2024-07-16 19:37:28.072033+00:00,BGIS,28
856,2024-07-16 19:45:55.777774+00:00,BROOKFIELD SOLUTIONS GLOBALES,28
857,2024-07-16 19:45:55.777774+00:00,BROOKFIELD GIS WORKPLACE SOLUTIONS,28
858,2024-07-16 19:45:55.777774+00:00,BROOKFIELD SOLUTIONS GLOBALES INTEGREES,28
859,2024-07-16 19:46:53.520491+00:00,IBM CANADA,29
860,2024-07-16 19:46:53.520491+00:00,IBM CANADA IBM CANADA,29
861,2024-07-16 19:46:53.520491+00:00,IBM CANADA IPSS,29
862,2024-07-16 19:46:53.520491+00:00,IBM CANADA M2108,29
863,2024-07-16 19:46:53.520491+00:00,IBM CANADA T5044,29
864,2024-07-16 19:46:53.520491+00:00,IBM CNADA,29
865,2024-07-16 19:46:53.520491+00:00,IBM CANADA OTTAWA,29
866,2024-07-16 19:46:53.520491+00:00,186678 IBM CANADA,29
867,2024-07-16 19:46:53.520491+00:00,IBM CANADA IBM CANADA LIMITAE,29
868,2024-07-16 19:46:53.520491+00:00,2026695 IBM CANADA,29
869,2024-07-16 19:46:53.520491+00:00,IBM CANADA IBM CANADA LIMITIE,29
870,2024-07-16 19:48:24.314231+00:00,IBM,29
871,2024-07-16 19:48:24.314231+00:00,IBM CA,29
872,2024-07-16 19:48:24.314231+00:00,IBM CDA,29
873,2024-07-16 19:48:24.314231+00:00,IBM BROMONT,29
874,2024-07-16 19:48:24.314231+00:00,IBM RED BOOK,29
875,2024-07-16 19:48:24.314231+00:00,IBM CAN91898807,29
876,2024-07-16 19:48:24.314231+00:00,IBM GLOBAL SERVICES,29
877,2024-07-16 19:48:24.314231+00:00,IBM MULTIDEPARTMENTAL,29
878,2024-07-16 19:48:24.314231+00:00,IBM CANADA 16TH FLOOR,29
879,2024-07-16 19:48:24.314231+00:00,IBM CANADA 102444452PG0014,29
880,2024-07-16 19:48:24.314231+00:00,IBM CANADA T5044 TORONTO ON,29
881,2024-07-16 19:48:24.314231+00:00,IBM BELGIUM NV SV PLIGLOBAL,29
882,2024-07-16 19:48:24.314231+00:00,IBM GLOBAL BUSINESS SERVICES,29
883,2024-07-16 19:48:24.314231+00:00,IBM SECURITY SOLUTIONS LEADER,29
884,2024-07-16 19:48:24.314231+00:00,IBM CANADA VMWARE VENDOR POOL,29
885,2024-07-16 19:48:24.314231+00:00,IBM CANADA ATTN KAREN CRAWFORD,29
886,2024-07-16 19:48:24.314231+00:00,IBM CANADA 16TH FLOOR SUITE 1610,29
887,2024-07-16 19:50:12.616592+00:00,KYNDRYL KYNDRYL,30
888,2024-07-16 19:50:12.616592+00:00,KYNDRYL CANADA KYNDRYL CANADA,30
889,2024-07-16 19:50:12.616592+00:00,KYNDRYL CANADA,30
890,2024-07-16 19:50:12.616592+00:00,KYNDRYL CANADA FORMERLY IBM OCEAN CANADA,30
891,2024-07-16 19:50:12.616592+00:00,KYNDRYL CANADA GLOBAL KNOWLEDGE NETWORK CANADA IN JOINT VENTURE,30
992,2024-07-18 16:28:52.678445+00:00,BAIN COMPANY CANADA,44
892,2024-07-16 19:50:12.616592+00:00,KYNDRYL CANADA ISM INFORMATION SYSTEMS MANAGEMENT IN JOINT VENTURE,30
893,2024-07-16 19:50:12.616592+00:00,KYNDRYL CANADA KYNDRYL CANADA ISM INFORMATION SYSTEMS MANAGEMENT IN JOINT VENTURE,30
894,2024-07-16 19:50:31.017090+00:00,IBM OCEAN CANADA IBM OCEAN CANADA,30
895,2024-07-16 19:50:31.017090+00:00,IBM OCEAN CANADA,30
896,2024-07-17 01:26:42.087945+00:00,FORD MOTOR COMPANY CANADA,31
897,2024-07-17 01:26:42.087945+00:00,FORD MOTOR COMPANY CANADA FORD DU CANADA,31
898,2024-07-17 01:26:42.087945+00:00,FORD MOTO COMPANY CANADA,31
899,2024-07-17 01:26:42.087945+00:00,FORD MOTOR COMPANY CANADA LYD,31
900,2024-07-17 01:26:42.087945+00:00,FORD MOTOR COMPANYOF CANADA,31
901,2024-07-17 01:26:42.087945+00:00,FORD MOTOR COMPANY CANADS,31
902,2024-07-17 01:26:42.087945+00:00,CORD MOTOR COMPANY CANADA,31
903,2024-07-17 01:26:42.087945+00:00,FORD MOTOR COMPAGNY CANADA,31
904,2024-07-17 01:26:42.087945+00:00,FORD MOTOR COMP CANADA,31
905,2024-07-17 01:26:42.087945+00:00,FORD MOTOR COMPANY CANSDA,31
906,2024-07-17 01:26:42.087945+00:00,FORD MOTOR CONPANY CANADA,31
907,2024-07-17 01:26:42.087945+00:00,FORD MOTOR COMPANY CA,31
908,2024-07-17 01:26:42.087945+00:00,FORD COMPANY CANADA,31
909,2024-07-17 01:26:42.087945+00:00,FORD MOTOR COMPANY,31
910,2024-07-17 01:26:42.087945+00:00,1212016 FORD MOTOR COMPANY CANADA,31
911,2024-07-17 01:26:42.087945+00:00,FORD MOTOR COMPNAY CANADA,31
912,2024-07-17 01:26:42.087945+00:00,FORD MOTOR CANADA,31
913,2024-07-17 01:26:42.087945+00:00,FORD MOTOR COMPANY CANADA LIMITEDFORD DU CANADA,31
914,2024-07-17 01:26:42.087945+00:00,FORD MOTOR CAMPONY CANADA,31
915,2024-07-17 01:26:42.087945+00:00,FORD MOTORS CANADA,31
916,2024-07-17 01:26:42.087945+00:00,FORD MOTOR COMPAMY,31
917,2024-07-17 01:26:42.087945+00:00,FORD MOTOR COMPANY CANADA ATTN JACKIE PAYROLL,31
918,2024-07-17 01:44:20.048165+00:00,FORD,31
919,2024-07-17 01:44:20.048165+00:00,FORD MOTOR,31
920,2024-07-17 02:19:35.993492+00:00,FORD CANADA,31
921,2024-07-17 02:55:14.699503+00:00,FORD DU CANADA,31
922,2024-07-17 02:55:14.699503+00:00,FORD CREDIT CANADA,31
923,2024-07-17 02:55:14.699503+00:00,FORD CREDIT CANADA COMPANY COMPAGNIE CREDIT FORD DU CANADA,31
924,2024-07-17 13:44:08.166243+00:00,IRVING SHIPBUILDING,32
925,2024-07-17 13:44:08.166243+00:00,IRVING SHIPBUILDING OPERATING AS HALIFAX SHIPYARD,32
926,2024-07-17 13:44:08.166243+00:00,IRVING SHIPBUILDING CHANTIERS MARITIME IRVING,32
927,2024-07-17 13:44:08.166243+00:00,IRVING SHIP BUILDING,32
928,2024-07-17 13:44:08.166243+00:00,IRVING SHIPBUILDING SHELBURNE SHIP REPAIR,32
929,2024-07-17 13:44:08.166243+00:00,IRVING SHIPBULIDING INDUSTRIES,32
930,2024-07-18 14:36:59.805121+00:00,IRVING SHIPBUILDING INDUSTRIES,32
931,2024-07-18 16:10:43.450709+00:00,AECOM CANADA,33
932,2024-07-18 16:10:43.450709+00:00,AECOM CANADA LITD,33
933,2024-07-18 16:10:43.450709+00:00,AECOM CANADA CALGARY,33
934,2024-07-18 16:10:43.450709+00:00,AECOM CANADA WHITBY,33
935,2024-07-18 16:19:38.457159+00:00,LEONARDO,36
936,2024-07-18 16:19:38.457159+00:00,LEONARDO UK,36
937,2024-07-18 16:19:38.457159+00:00,LEONARDO MW,36
938,2024-07-18 16:19:38.457159+00:00,LEONARDO DRS,36
939,2024-07-18 16:19:38.457159+00:00,LEONARDO SPA,36
940,2024-07-18 16:19:38.457159+00:00,LEONARDO GERMANY,36
941,2024-07-18 16:21:08.878060+00:00,LEONARDO AIRCRAFT DIVISION,36
942,2024-07-18 16:24:32.671586+00:00,719098097PG0001 LEONARDO UK,36
943,2024-07-18 16:24:32.671586+00:00,LEONARDO GERMANY FKASELEX ES,36
944,2024-07-18 16:24:32.671586+00:00,LEONARDOFINMECCANICA SPA,36
945,2024-07-18 16:24:32.671586+00:00,LEONARDO DEFENCE SYSTEMS DIVISION,36
946,2024-07-18 16:24:32.671586+00:00,LEONARDO DRS TECHNOLOGIES CANADA,36
947,2024-07-18 16:24:32.671586+00:00,LEONARDO AIRBORNE SPACE SYSTEMS DIVISION,36
6934,2024-08-30 01:03:59.926745+00:00,ARROWSMITH ROAD MAINTENANCE,768
949,2024-07-18 16:24:55.878381+00:00,ALLTECK LINE CONTRACTORS,37
950,2024-07-18 16:24:59.892565+00:00,INMARSAT,41
951,2024-07-18 16:24:59.892565+00:00,INMARSAT SOLUTIONS,41
952,2024-07-18 16:24:59.892565+00:00,INMARSAT SOLUTIONS CANADA,41
953,2024-07-18 16:25:12.237422+00:00,CANADA LIFE ASSURANCE COMPANY,40
954,2024-07-18 16:25:12.237422+00:00,CANADA LIFE ASSURANCE COMPANY COMPAGNIE DASSURANCE DU CANADA SUR VIE,40
955,2024-07-18 16:25:12.237422+00:00,COMPAGNIE DASSURANCE DU CANADA SUR VIE,40
956,2024-07-18 16:25:36.144993+00:00,AECOM AECOM,33
957,2024-07-18 16:25:36.144993+00:00,AECOM,33
958,2024-07-18 16:25:36.144993+00:00,AECOM TECSULT,33
959,2024-07-18 16:25:36.144993+00:00,TECSULT AECOM,33
960,2024-07-18 16:25:36.144993+00:00,CONSULTANTS AECOM AECOM CONSULTANTS,33
961,2024-07-18 16:25:36.144993+00:00,CONSULTANTS AECOM AECOM,33
962,2024-07-18 16:25:36.144993+00:00,AECOM CONSULTANTS,33
963,2024-07-18 16:25:36.144993+00:00,CONSULTANTS AECOM,33
964,2024-07-18 16:27:57.957029+00:00,LOGISTIK UNICORP,47
965,2024-07-18 16:27:57.957029+00:00,LOGISTIK UNICORP LOGISTIK UNICORP,47
966,2024-07-18 16:27:57.957029+00:00,LOGISTIK UNICORPC,47
967,2024-07-18 16:27:57.957029+00:00,LOGISTIK UNICORPS,47
968,2024-07-18 16:27:57.957029+00:00,LOGISTIK UNICORP LOGISTIQUE UNICORP,47
969,2024-07-18 16:27:57.957029+00:00,LOGISTIL UNICORP,47
970,2024-07-18 16:27:57.957029+00:00,LOGISTIC UNICORP,47
971,2024-07-18 16:27:57.957029+00:00,LOGISITIK UNICORP,47
972,2024-07-18 16:27:57.957029+00:00,LOGITSTIK UNICORP,47
973,2024-07-18 16:27:57.957029+00:00,LOGISTICK UNICORP,47
974,2024-07-18 16:27:57.957029+00:00,LOGISTK UNICORP,47
975,2024-07-18 16:27:57.957029+00:00,LOGISTIK UNICOPR,47
976,2024-07-18 16:27:57.957029+00:00,LOGISTEK UNICORP,47
977,2024-07-18 16:27:57.957029+00:00,LOGISTIK INICORP,47
978,2024-07-18 16:27:57.957029+00:00,LIGISTIK UNICORP,47
979,2024-07-18 16:27:57.957029+00:00,LOGISTICK UNICORPS,47
980,2024-07-18 16:27:57.957029+00:00,LOGISTIK UNICROP,47
981,2024-07-18 16:27:57.957029+00:00,LOGSITIK UNICORP,47
982,2024-07-18 16:27:57.957029+00:00,LOSGISTIQUE UNICORP,47
983,2024-07-18 16:27:57.957029+00:00,LOGISTIK,47
984,2024-07-18 16:27:57.957029+00:00,LOGSITIKS UNICORP,47
985,2024-07-18 16:28:13.490321+00:00,INSTITUTE CANADA,49
986,2024-07-18 16:28:35.145160+00:00,LOGISTIKS,47
987,2024-07-18 16:28:48.485534+00:00,3M CANADA COMPANY,35
988,2024-07-18 16:28:48.485534+00:00,3M CANADA COMPANYCOMPAGNIE 3M CANADA,35
989,2024-07-18 16:28:48.485534+00:00,3M CANADA COMPAGNIE,35
990,2024-07-18 16:28:48.485534+00:00,COMPAGNIE 3M CANADA,35
991,2024-07-18 16:28:48.485534+00:00,3M CANADA,35
993,2024-07-18 16:29:26.777835+00:00,NOVO NORDISK CANADA,46
994,2024-07-18 16:29:26.777835+00:00,NOVO NORDISK CANADA NOVO NORDISK CANADA,46
995,2024-07-18 16:29:27.325778+00:00,ASTRAZENECA CANADA ASTRAZENECA CANADA,39
996,2024-07-18 16:29:27.325778+00:00,ASTRAZENECA CANADA,39
997,2024-07-18 16:29:27.325778+00:00,ASTRA ZENECA CANADA,39
998,2024-07-18 16:29:27.325778+00:00,ATRAZENECA CANADA,39
999,2024-07-18 16:29:27.325778+00:00,ASTRAZENECA CANADA SUITE 5000,39
1000,2024-07-18 16:29:27.325778+00:00,ASTRAZENECA,39
1018,2024-07-18 16:36:28.520953+00:00,CANADA WORKDAY,50
1019,2024-07-18 16:36:28.520953+00:00,CANADA WORKDAY CANADA WORKDAY,50
1020,2024-07-18 16:36:28.520953+00:00,WORKDAY,50
1278,2024-07-18 16:59:07.518086+00:00,DALIAN ENTREPRISE,98
1307,2024-07-18 17:02:00.552950+00:00,BIRD CONSTRUCTION,90
1308,2024-07-18 17:02:00.552950+00:00,BIRD CONSTRUCTION GP,90
1309,2024-07-18 17:02:00.552950+00:00,BIRD CONSTRUCTION GROUP,90
1310,2024-07-18 17:02:00.552950+00:00,BIRD CONSTRUCTION COMPANY,90
1349,2024-07-18 17:04:49.493923+00:00,CAPITAL POWER,96
1370,2024-07-18 17:09:36.985936+00:00,GENERAL ATOMICS AERONAUTICAL SYSTEMS,106
1371,2024-07-18 17:10:00.403729+00:00,WESCO DISTRIBUTION CANADA,72
1372,2024-07-18 17:10:00.403729+00:00,WESCO,72
1373,2024-07-18 17:10:00.403729+00:00,WESCO DISTRIBUTION,72
1374,2024-07-18 17:10:00.403729+00:00,WESCO KINGSTON,72
1375,2024-07-18 17:10:00.403729+00:00,WESCO DIST CANADA,72
1376,2024-07-18 17:10:00.403729+00:00,WESCO DIST CAN,72
1377,2024-07-18 17:10:00.403729+00:00,WESCO DISTIBUTION CANADA,72
1378,2024-07-18 17:10:00.403729+00:00,WESCO 2640,72
1379,2024-07-18 17:10:00.403729+00:00,WESCO DIST,72
1380,2024-07-18 17:10:00.403729+00:00,WESCO AIRCRAFT,72
1381,2024-07-18 17:10:00.403729+00:00,WESCO DISTRIBUTORS,72
1382,2024-07-18 17:10:00.403729+00:00,WESCO AIRCRAFT HARDWARE,72
1383,2024-07-18 17:10:00.403729+00:00,WESCO DISTRIBUTIONCANADA,72
1384,2024-07-18 17:10:00.403729+00:00,WESCO CANADA,72
1385,2024-07-18 17:10:00.403729+00:00,WESCO DISTRIBUTION CA,72
1386,2024-07-18 17:10:00.403729+00:00,WESCO DISTRIBUTATION CANADA,72
1387,2024-07-18 17:10:00.403729+00:00,WESCO INTERNATIONAL,72
1388,2024-07-18 17:10:00.403729+00:00,OTTAWA WESCO CANADA,72
1389,2024-07-18 17:10:00.403729+00:00,WESCO DESTRIBUTION CANADA,72
1390,2024-07-18 17:10:00.403729+00:00,WESCO UPS,72
1391,2024-07-18 17:10:00.403729+00:00,WESCO DISTROBUTION CANADA,72
1392,2024-07-18 17:10:00.403729+00:00,WESCO DRITRIBUTION CANADA,72
1393,2024-07-18 17:10:00.403729+00:00,WESCO DISTRIBUTION CANANDA,72
1394,2024-07-18 17:10:00.403729+00:00,WESCO DISTRIBUTION CANBADA,72
1395,2024-07-18 17:10:00.403729+00:00,WESCO DISTRIIBUTION CANADA,72
1396,2024-07-18 17:10:00.403729+00:00,ANIXTER WESCO,72
1423,2024-07-18 17:16:56.784046+00:00,GENERAL DYNAMICS CA,110
1424,2024-07-18 17:16:56.784046+00:00,GENERAL DYNAMICS CANADA,110
2821,2024-07-25 16:29:28.253761+00:00,L3 COMMUNICATIONS CANADA,69
2822,2024-07-25 16:29:28.253761+00:00,L3 MAS COMMUNICATIONS,69
2823,2024-07-25 16:29:28.253761+00:00,L3 COMMUNICATIONS MAS,69
2824,2024-07-25 16:29:28.253761+00:00,L3 COMMUNICATIONS CMRO A DIV L3 COMMUNICATIONS MAS CANADA,69
2825,2024-07-25 16:29:28.253761+00:00,L3 COMMUNICATIONS CMRO A DIVISION L3 COMMUNICATIONS MAS CANADA,69
1459,2024-07-18 17:22:08.410505+00:00,BLACK MCDONALD,107
1460,2024-07-18 17:22:08.410505+00:00,BLACK MACDONALD,107
1461,2024-07-18 17:22:08.410505+00:00,BLACK MCDONDALD,107
1462,2024-07-18 17:22:08.410505+00:00,BLACKMCDONALD,107
1463,2024-07-18 17:22:08.410505+00:00,BLACK MCDONALD OTTAWA,107
1464,2024-07-18 17:22:08.410505+00:00,BLACK MCDONALD CALGARY,107
1465,2024-07-18 17:22:08.410505+00:00,BLACK MCDONALD BATHURST,107
1466,2024-07-18 17:22:08.410505+00:00,BLACK MCDONALD WINNIPEG,107
1467,2024-07-18 17:22:08.410505+00:00,BLACK MCDONALD EDMONTON,107
1468,2024-07-18 17:22:08.410505+00:00,BLACK MCDONALD MARKHAM ON,107
1469,2024-07-18 17:22:08.410505+00:00,BLACK MCDONALD VANCOUVER,107
1470,2024-07-18 17:22:08.410505+00:00,BLACK MCDONALD SASKATOON,107
1471,2024-07-18 17:22:08.410505+00:00,BLACK MCDONALD DARTMOUTH,107
1472,2024-07-18 17:22:08.410505+00:00,BALCK MCDONALD,107
1473,2024-07-18 17:22:08.410505+00:00,BLACK MCDONLAD,107
1474,2024-07-18 17:22:08.410505+00:00,BLACK MCDONALD SCARBOROUGH,107
1475,2024-07-18 17:22:08.410505+00:00,BLACL MACDONALD,107
1476,2024-07-18 17:22:08.410505+00:00,BLACK MCDONALD STONEY CREEK,107
1477,2024-07-18 17:22:08.410505+00:00,BLACK MCDONALD ATLANTIC REGION,107
1479,2024-07-18 17:23:33.335930+00:00,LAICO OUAGA 2000,119
1483,2024-07-18 17:24:30.328291+00:00,SIRCO MACHINERY,120
1484,2024-07-18 17:24:30.328291+00:00,SIRCO MACHINERY COMPANY,120
1490,2024-07-18 17:26:22.334143+00:00,CGI INFORMATION SYSTEMS,121
1491,2024-07-18 17:26:22.334143+00:00,CGI INFORMATIONS SYSTEMS,121
1492,2024-07-18 17:26:22.334143+00:00,CGI INFORMATION SYSTEMS MANAGEM,121
1493,2024-07-18 17:26:22.334143+00:00,CGI INFORMATION SYSTMES,121
1494,2024-07-18 17:26:22.334143+00:00,CGI INFORMATION SYSTEMS MANAGMENT,121
1495,2024-07-18 17:26:22.334143+00:00,CGI INFORMATION SYSTEMS MANAGEMENT,121
1496,2024-07-18 17:26:22.334143+00:00,CGI INFORMATION SYSTEMS MANAGEMEMENT,121
1497,2024-07-18 17:26:22.334143+00:00,CGI INFORMATION SYTEMS MANAGEME,121
1498,2024-07-18 17:26:22.334143+00:00,CGI INFORMATION SYSTEMS MGMT CONSULTANTS,121
1499,2024-07-18 17:26:22.334143+00:00,CGI INFORMATION SYSTEMS MANAGEMENT CONSULTANT,121
1500,2024-07-18 17:26:22.334143+00:00,CGI INFORMATION SYSTEMS MANAGEMENT CONSULTING,121
1501,2024-07-18 17:26:22.334143+00:00,CGI INFORMATION SYSTEMS MANAGEMENT CONCULTANTS,121
1502,2024-07-18 17:26:22.334143+00:00,CGI INFORMATION SYSTEMS MANAGEMENT CONSULTANTS,121
1503,2024-07-18 17:26:22.334143+00:00,CGI INFORMATION SYSTEMS MANAGEMENT CONSULTATNTS,121
1504,2024-07-18 17:26:22.334143+00:00,CGI INFORMATION SYSTEMS MANAGEMEMENT CONSULTANTS,121
1505,2024-07-18 17:26:22.334143+00:00,CGI INFORMATION SYSTEMS MANAGEMENT CONSULTANTS I,121
1506,2024-07-18 17:26:22.334143+00:00,CGI INFORMATIONS SYSTEMS MANAGEMENT CONSULTING,121
1507,2024-07-18 17:26:22.334143+00:00,CGI INFORMATION SYSTEM MANAGEMENT CONSULTANTS,121
1508,2024-07-18 17:26:22.334143+00:00,CGI INFORMATION SYSTEMS ANDMANAGEMENT CONSULTANTS INCMANAGEMENT CONSULTANTS,121
1509,2024-07-18 17:26:22.334143+00:00,CGI INFORMATION SYST MANAGEMENT CONSULTANTS,121
1510,2024-07-18 17:26:22.334143+00:00,CGI INFORAMTION SYSTEMS MANAGEMENT CONSULTANTS,121
1511,2024-07-18 17:26:38.839633+00:00,DELLOITTE TOUCHE,116
1512,2024-07-18 17:26:38.839633+00:00,DELOITTE TOUCHE TOHMATSU,116
1513,2024-07-18 17:26:51.102535+00:00,1 DELOITTE 5500000823,116
6935,2024-08-30 01:05:51.530225+00:00,NEW RELATIONSHIP TRUST,769
1516,2024-07-18 17:27:45.287040+00:00,NATO SEASPARROW SURFACE MISSILE SYSTEM PROJECT,126
1001,2024-07-18 16:29:44.414910+00:00,INTERNATIONAL AIRFINANCE,51
1002,2024-07-18 16:29:50.214756+00:00,FLATIRON CONSTRUCTORS CANADA,42
1003,2024-07-18 16:32:16.284209+00:00,IPSS,53
1004,2024-07-18 16:32:16.284209+00:00,IPSS SUITE 101,53
1005,2024-07-18 16:32:16.284209+00:00,IPSS IT SOLUTIONS,53
1006,2024-07-18 16:33:16.926773+00:00,AECOM INTERNATIONAL,33
1007,2024-07-18 16:33:16.926773+00:00,AECOM CANADA BARRIE,33
1008,2024-07-18 16:33:16.926773+00:00,AECOM CONSULTANTINC,33
1009,2024-07-18 16:33:16.926773+00:00,AECOM CANADA OTTAWA,33
1010,2024-07-18 16:33:16.926773+00:00,AECOM CANADA BURNABY,33
1015,2024-07-18 16:34:38.779057+00:00,3M,35
1021,2024-07-18 16:36:36.150187+00:00,GENERAL MOTORS CANADA,38
1022,2024-07-18 16:36:36.150187+00:00,GENERAL MOTORS CANAD,38
1023,2024-07-18 16:36:36.150187+00:00,GENERAL MOTOR CANADA,38
1024,2024-07-18 16:36:36.150187+00:00,GENERAL MOTORES CANADA,38
1025,2024-07-18 16:36:36.150187+00:00,GENERAL MOTORS CANDA,38
1026,2024-07-18 16:36:36.150187+00:00,GENERAL MOTORS CANADA COMPANY,38
1027,2024-07-18 16:36:36.150187+00:00,GENERAL MOTORS CANADA LIMTED,38
1028,2024-07-18 16:36:36.150187+00:00,GENERAL MOTORS COMPANY CANADA,38
1029,2024-07-18 16:36:36.150187+00:00,GENERAL MOTORS CA,38
1030,2024-07-18 16:36:36.150187+00:00,1203309 GENERAL MOTORS CANADA,38
1031,2024-07-18 16:36:36.150187+00:00,GENERAL MOTORS,38
1032,2024-07-18 16:36:36.150187+00:00,COMPAGNIE GENERAL MOTORS DU CANADA,38
1033,2024-07-18 16:36:36.150187+00:00,GENERAL MOTOTRS CANADA COMPANY,38
1034,2024-07-18 16:36:36.150187+00:00,GENERAL MOTORS CANADA COMPANY COMPAGNIE GENERAL MOTORS DU CANADA,38
1035,2024-07-18 16:36:36.150187+00:00,GENERAL MOTORS CANADA COMPANYCOMPAGNIE GENERAL MOTORS DU CANADA,38
1036,2024-07-18 16:36:36.150187+00:00,GENERAL MOTOR,38
1037,2024-07-18 16:36:36.150187+00:00,GM DEFENSE A DIVISION GENERAL MOTORS CANADA,38
1038,2024-07-18 16:36:36.150187+00:00,GENERAL MOTORS CANADA COMPANY GOVERNMENT FLEET SALES,38
1039,2024-07-18 16:36:47.273860+00:00,AMERESCO CANADA,56
1040,2024-07-18 16:36:47.273860+00:00,AMERESCO,56
1279,2024-07-18 16:59:24.484516+00:00,BABCOCK CANADA,95
1280,2024-07-18 16:59:24.484516+00:00,CSMG DBA BABCOCK CANADA,95
2826,2024-07-25 16:29:28.253761+00:00,L3 COMMUNICATIONS,69
1311,2024-07-18 17:02:27.163458+00:00,ROGERS ATT,8
1312,2024-07-18 17:02:27.163458+00:00,ROGERS CABLE,8
1313,2024-07-18 17:02:27.163458+00:00,ROGERS PUBLISHING,8
1314,2024-07-18 17:02:27.163458+00:00,ROGERS DATA CENTER,8
1315,2024-07-18 17:02:27.163458+00:00,ROGERS ENTERPRISES,8
1316,2024-07-18 17:02:27.163458+00:00,ROGERS DATA CENTRE,8
1317,2024-07-18 17:02:27.163458+00:00,ROGERS DATA CENTRES,8
1318,2024-07-18 17:02:27.163458+00:00,ROGERS COMMUNICAION,8
1319,2024-07-18 17:02:27.163458+00:00,ROGERS BROADCASTING,8
1320,2024-07-18 17:02:27.163458+00:00,ROGERS PAYMENT CENTRE,8
1321,2024-07-18 17:02:27.163458+00:00,ROGERS PAYMENT CENTER,8
1322,2024-07-18 17:02:27.163458+00:00,ROGERS COMMUNICATION,8
1323,2024-07-18 17:02:27.163458+00:00,ROGERS CABLE SERVICES,8
1324,2024-07-18 17:02:27.163458+00:00,ROGERS BROADCASTING ROGERS MEDIA,8
1325,2024-07-18 17:02:27.163458+00:00,ROGERS COMMUNICAITON CANADA,8
1326,2024-07-18 17:02:27.163458+00:00,ROGERS CABLE COMMUNICATIONS COMMUNICATIONS ROGERS CABLE,8
1327,2024-07-18 17:02:27.163458+00:00,ROGERS COMMUNICATION CANADA,8
1336,2024-07-18 17:03:43.370313+00:00,ROGERS BLUE JAYS BASEBALL,8
1337,2024-07-18 17:03:43.370313+00:00,ROGERS BUSINESS SOLUTIONS,8
1338,2024-07-18 17:03:43.370313+00:00,ROGERS DATA SERVICES CLOUD,8
1339,2024-07-18 17:03:43.370313+00:00,ROGERS COMMUNICATION PARTNERSHIP,8
1340,2024-07-18 17:03:43.370313+00:00,ROGERS COMMUNICATIONS PARTNERSHIP,8
1404,2024-07-18 17:12:52.560763+00:00,LAFARGE CONCRETE,92
1405,2024-07-18 17:12:52.560763+00:00,LAFARGE NORTH AMERICA,92
1406,2024-07-18 17:12:52.560763+00:00,LAFARGE BLAGDON AGGREGATES,92
1407,2024-07-18 17:12:52.560763+00:00,LAFARGE CONSTRUCTION BARRIE,92
1408,2024-07-18 17:12:52.560763+00:00,LAFARGE ASPHALT TECHNOLIGIES,92
1409,2024-07-18 17:12:52.560763+00:00,LAFARGE ASPHALT TECHNOLOGIES,92
1410,2024-07-18 17:12:52.560763+00:00,LAFARGE CONSTRUCTION MATERIAL,92
1411,2024-07-18 17:12:52.560763+00:00,LAFARGE CONSTRUCTION MATERIALS,92
1412,2024-07-18 17:12:52.560763+00:00,LAFARGE PAVING CONSTRUCTION EASTERN,92
1413,2024-07-18 17:12:52.560763+00:00,LAFARGE CANADA DBA VERNON PAVING A DIV LAFARGE CANADA,92
1414,2024-07-18 17:12:52.560763+00:00,LAFARGE CANADA DBA WESTLAKE PAVING AGGREGATES,92
1415,2024-07-18 17:12:52.560763+00:00,LAFARGE ASPHALT TECHNOLOGIES A DIVISION LAFARGE CANADA,92
1417,2024-07-18 17:14:49.675873+00:00,FACEBOOK,114
1418,2024-07-18 17:14:49.675873+00:00,FACEBOOK CANADA,114
1420,2024-07-18 17:16:19.613271+00:00,CASCADE AEROSPACE,115
1421,2024-07-18 17:16:19.613271+00:00,CASP AEROSPACE,115
1422,2024-07-18 17:16:19.613271+00:00,CASP AEROSPACE INCE,115
1425,2024-07-18 17:17:55.959478+00:00,DELOITTE,116
1426,2024-07-18 17:17:55.959478+00:00,DELOITE,116
1427,2024-07-18 17:17:55.959478+00:00,DELOITTE INCC,116
1428,2024-07-18 17:17:55.959478+00:00,DELOITTE CANADA,116
1519,2024-07-18 17:28:03.269345+00:00,DELOITTE TOUCHE TOHMATSU CERTIFIED,116
2827,2024-07-25 16:29:28.253761+00:00,L3 COMMUNICATION,69
2828,2024-07-25 16:29:28.253761+00:00,L3 COMMUNICATIONS AVIATION,69
2829,2024-07-25 16:29:28.253761+00:00,L3 COMMUNICATIONS CYTERRA,69
1577,2024-07-18 18:07:21.586563+00:00,BMT CANADA,129
1578,2024-07-18 18:14:48.862604+00:00,ASCENT HELICOPTERS,130
1603,2024-07-18 18:20:22.061230+00:00,BMT FLEET TECHNOLOGY,129
1604,2024-07-18 18:20:22.061230+00:00,BMT FLEET TECHNOLOGIES,129
1605,2024-07-18 18:20:22.061230+00:00,BMT COMMERCIAL AUSTRALIA,129
1629,2024-07-18 18:49:28.684583+00:00,BRISTOLMYERS SQUIBB,136
1630,2024-07-18 18:49:28.684583+00:00,BRISTOLMYERS SQUIBB CANADA,136
1631,2024-07-18 18:49:28.684583+00:00,BRISTOL MYERS SQUIBB CANADA,136
1632,2024-07-18 18:49:28.684583+00:00,SOCIETE BRISTOLMYERS SQUIBB CANADA,136
1633,2024-07-18 18:49:28.684583+00:00,BRISTOLMYERS SQUIBB PHARMACEUTICAL GROUP,136
1634,2024-07-18 18:56:49.847222+00:00,BROOKFIELD GLOBAL RELOCATION SERVICES,137
1635,2024-07-18 18:56:49.847222+00:00,BROOKFIELD GLOBAL RELOCATION SERVIC,137
1636,2024-07-18 18:56:49.847222+00:00,BROOKFIELD GLOBAL RELOCATION SERVS,137
1637,2024-07-18 18:56:49.847222+00:00,BROOKFIELD GLOBAL RELOCATION SERVICES SERVICES GLOBAUX RELOGEMENT BROOKFIELD,137
1638,2024-07-18 18:56:49.847222+00:00,BROOKFIELD GLOBAL RELOCATION,137
1639,2024-07-18 18:56:49.847222+00:00,BROOKFIELD,137
1664,2024-07-18 20:05:15.773860+00:00,WOODWARDS OIL,143
1665,2024-07-18 20:05:15.773860+00:00,WOODWARD OIL,143
1666,2024-07-18 20:05:15.773860+00:00,WOODWARDS,143
1667,2024-07-18 20:05:15.773860+00:00,WOOWDWARDS OIL,143
1011,2024-07-18 16:33:45.869154+00:00,JOHNSON JOHNSON JOHNSON JOHNSON,9
1012,2024-07-18 16:33:45.869154+00:00,JOHNSON JOHNSON CANADA JOHNSON JOHNSON CANADA,9
1013,2024-07-18 16:33:45.869154+00:00,JOHNSON JOHNSON CONSUMER,9
1016,2024-07-18 16:34:41.707399+00:00,IPPSS,53
1282,2024-07-18 17:00:59.904666+00:00,LAFARGE CANADA,92
1283,2024-07-18 17:00:59.904666+00:00,LAFARGE CANADA LAFARGE CANADA,92
1284,2024-07-18 17:00:59.904666+00:00,LAFARGE CANADA IN,92
1285,2024-07-18 17:00:59.904666+00:00,LAFARGE CANADA EASTERN CANADA,92
1286,2024-07-18 17:00:59.904666+00:00,LAFARGE CANADA HALIFAX,92
1287,2024-07-18 17:00:59.904666+00:00,LAFARGE,92
1288,2024-07-18 17:00:59.904666+00:00,LAFARGE CANADA DBA HUB CITY PAVING,92
1289,2024-07-18 17:00:59.904666+00:00,LAFARGE CANADA DBA ISLAND SLIPFORM,92
1290,2024-07-18 17:01:28.654344+00:00,ABB BOMEM,77
1341,2024-07-18 17:04:10.352298+00:00,JOHNSON CONTROLS,104
1342,2024-07-18 17:04:10.352298+00:00,JOHNSONS CONTROLS,104
1343,2024-07-18 17:04:10.352298+00:00,JOHNSON CONTROL,104
1344,2024-07-18 17:04:10.352298+00:00,JOHNSON CONTROLS ST JOHNS,104
1345,2024-07-18 17:04:10.352298+00:00,JOHNSON CONTROLS C3039,104
1346,2024-07-18 17:04:33.108764+00:00,DALIAN,98
1347,2024-07-18 17:04:33.108764+00:00,DALIAN CORADIX,98
1348,2024-07-18 17:04:33.108764+00:00,DALIAN ENTERPRISES CORADIX,98
1556,2024-07-18 17:33:34.184516+00:00,BMC SOFTWARE SERVICES,124
1557,2024-07-18 17:40:42.761059+00:00,ARCTIC PETROLEUM SERVICES,125
1558,2024-07-18 17:40:42.761059+00:00,ARCTIC PETROLEUM,125
1559,2024-07-18 17:40:42.761059+00:00,ARCTIC PETROLEUM SERVICE,125
1560,2024-07-18 17:40:42.761059+00:00,ARCTIC PETROLUEM SERVICES,125
1561,2024-07-18 17:40:42.761059+00:00,ARTIC PETROLEUM SERVICE,125
1562,2024-07-18 17:40:42.761059+00:00,ARTIC PETTROLEUM SERVICE,125
2830,2024-07-25 16:29:53.477617+00:00,AON REED STENHOUSE,222
2831,2024-07-25 16:29:53.477617+00:00,AON REED STENHOUSE IC,222
2832,2024-07-25 16:29:53.477617+00:00,AON REDD STENHOUSE,222
2833,2024-07-25 16:29:53.477617+00:00,AON RE,222
2834,2024-07-25 16:29:53.477617+00:00,AON RISK SOLUTIONS,222
2835,2024-07-25 16:29:53.477617+00:00,AON UK,222
2884,2024-07-25 16:34:45.083190+00:00,AON HEWITT,222
2885,2024-07-25 16:34:45.083190+00:00,AON CANADA,222
2886,2024-07-25 16:34:45.083190+00:00,AON PARIZEAU,222
2887,2024-07-25 16:34:45.083190+00:00,AON BENFIELD,222
2888,2024-07-25 16:34:45.083190+00:00,AON CONSULTING,222
2889,2024-07-25 16:34:45.083190+00:00,GROUPE CONSEIL AON,222
2890,2024-07-25 16:34:45.083190+00:00,AON SOLUTIONS CANADA,222
3089,2024-07-25 16:48:12.814540+00:00,BRITISH COLUMBIA CONSERVATION FOUNDATION,260
3090,2024-07-25 16:48:12.814540+00:00,BRITISH COLUMBIA CONSERVATION FOUND ATION,260
3097,2024-07-25 16:49:42.731676+00:00,APPAREL TRIMMINGS,256
3098,2024-07-25 16:49:42.731676+00:00,APPAREL TRIMMINGS APPTRIM,256
3099,2024-07-25 16:49:42.731676+00:00,APPARELL TRIMMINGS,256
3100,2024-07-25 16:49:42.731676+00:00,APPAREL TRIMMING,256
3101,2024-07-25 16:49:42.731676+00:00,APPAREL TRIMMIGS,256
3151,2024-07-25 16:56:54.874897+00:00,SOLOTECH DIVISION LOCATION QC,273
3167,2024-07-25 16:57:37.222511+00:00,CBCI TELECOM,273
3168,2024-07-25 16:57:37.222511+00:00,CBCI TELECOM CANADA,273
3169,2024-07-25 16:57:37.222511+00:00,CBCI TELECOMCOM,273
1608,2024-07-18 18:28:36.301089+00:00,ASSOCIATED ENERGY GROUP,132
1609,2024-07-18 18:28:36.301089+00:00,AEG ASSOCIATED ENERGY GROUP,132
1610,2024-07-18 18:28:36.301089+00:00,AEG AVIATION SERVICES ASSOCIATED ENERGY GROUP,132
1611,2024-07-18 18:28:36.301089+00:00,ASSICIATED ENERGY GROUP,132
1641,2024-07-18 19:06:03.465531+00:00,CAE MONTREAL,138
1642,2024-07-18 19:06:03.465531+00:00,CAE SIMUFLITE,138
1643,2024-07-18 19:06:03.465531+00:00,CAE HEALTHCARE,138
1644,2024-07-18 19:06:03.465531+00:00,CAE FLIGHTSCAPE,138
1668,2024-07-18 20:05:15.773860+00:00,WOODWARDAS OIL,143
1669,2024-07-18 20:05:15.773860+00:00,WOODWARD OILS,143
1670,2024-07-18 20:05:15.773860+00:00,WOODWARDS OIL LIMITIED,143
1671,2024-07-18 20:05:15.773860+00:00,WOODWARD,143
1672,2024-07-18 20:05:15.773860+00:00,WOODWARD OIL LIMITIED,143
1673,2024-07-18 20:05:15.773860+00:00,WOODWARDS AVIATION,143
1674,2024-07-18 20:05:15.773860+00:00,WOODWARD AVIATON,143
1675,2024-07-18 20:05:15.773860+00:00,WOODWARD AVIATION,143
1676,2024-07-18 20:05:15.773860+00:00,WOODWARD AVIAITON,143
1677,2024-07-18 20:05:15.773860+00:00,WOODWARD AVAITION,143
1678,2024-07-18 20:05:15.773860+00:00,WOODWARDS AVIATION SERVICES,143
1711,2024-07-18 23:17:22.226332+00:00,MICHAUD PETROLEUM,147
1712,2024-07-18 23:17:22.226332+00:00,MICHAUD PETROLEUMCOM,147
3170,2024-07-25 16:57:37.222511+00:00,CBCITELECOM,273
3171,2024-07-25 16:57:37.222511+00:00,CBCI,273
3172,2024-07-25 16:57:37.222511+00:00,CBCI TELCOM,273
1764,2024-07-19 10:39:57.703882+00:00,JOHNSON CONTROLS WINNIPEG HVAC,104
1765,2024-07-19 10:39:57.703882+00:00,SOCIETE CONTROL JOHNSON SEC,104
1766,2024-07-19 10:39:57.703882+00:00,JOHNSON CONTROLS CANADA STLAURENT,104
1767,2024-07-19 10:39:57.703882+00:00,JOHNSON CONTROLS CANADA SOCIETE CONTROLE,104
1768,2024-07-19 10:39:57.703882+00:00,JOHNSON CONTROLS INTERNATIONAL SP,104
1769,2024-07-19 10:39:57.703882+00:00,SOCIETE CONTROLE JOHNSON SEC,104
1770,2024-07-19 10:39:57.703882+00:00,JOHNSON CONTROLS SYSTEMS PRODUCTS,104
1771,2024-07-19 10:39:57.703882+00:00,JOHNSON CONTROLS CANADA PARTNERSHIP,104
1772,2024-07-19 10:39:57.703882+00:00,JOHNSON CONTROLS CANADA SOCIETE CONTROLE JOHNSON CANADA SEC,104
1773,2024-07-19 10:39:57.703882+00:00,SOCIETE CONTROLE JOHNSON QUEBEC,104
1774,2024-07-19 10:39:57.703882+00:00,JOHNSON CONTROLS BUILDING EFFICIENCY UK,104
1775,2024-07-19 10:39:57.703882+00:00,SOCIETE CONTROLE JOHNSON CANADA SEC,104
1778,2024-07-19 10:48:44.245718+00:00,PWC,151
1779,2024-07-19 10:48:44.245718+00:00,PWC CONSULTING,151
1780,2024-07-19 10:48:44.245718+00:00,PWC PRODUCTION SALES PWC,151
1781,2024-07-19 10:48:44.245718+00:00,PWC MANAGEMENT SERVICES,151
1782,2024-07-19 10:48:44.245718+00:00,PRICEWATERHOUSECOOPERS PWC,151
1783,2024-07-19 10:48:44.245718+00:00,PWC CONSULTING A BUSINESS,151
1784,2024-07-19 10:48:44.245718+00:00,PWC PRICEWATERHOUSECOOPERS,151
1785,2024-07-19 10:48:44.245718+00:00,PRICEWATERHOUSE COOPERS PWC,151
1786,2024-07-19 10:48:44.245718+00:00,PRICE WATERHOUSE COOPERS PWC,151
1787,2024-07-19 10:48:44.245718+00:00,PRICEWATERHOUSECOOPERS OA PWC,151
1815,2024-07-19 10:53:58.908122+00:00,PRICE WATERHOUSE COOPER,151
1816,2024-07-19 10:53:58.908122+00:00,PRICE WATERHOUSE COOPERS STFOY,151
1845,2024-07-19 12:55:30.462587+00:00,TELECOM,154
1579,2024-07-18 18:18:07.937016+00:00,ERNST YOUNG,179
1580,2024-07-18 18:18:07.937016+00:00,ERNST YOUNG EY,179
3338,2024-07-25 20:00:07.277705+00:00,COMBAT NETWORKS,289
1014,2024-07-18 16:34:18.289371+00:00,AECOM CANADA ARCHITECTS,33
1017,2024-07-18 16:34:57.903871+00:00,BAYER CANADA,7
1041,2024-07-18 16:36:56.927339+00:00,SANDOZ CANADA,59
1042,2024-07-18 16:37:43.273483+00:00,CUBIC DEFENSE APPLICATIONS,61
1043,2024-07-18 16:37:43.273483+00:00,CUBIC DEFENCE APPLICATIONS,61
1044,2024-07-18 16:37:55.294578+00:00,BOSTON CONSULTING GROUP,60
1045,2024-07-18 16:37:55.294578+00:00,BOSTON CONSULTING GROUP CANADA,60
1046,2024-07-18 16:37:55.294578+00:00,BOSTON CONSULTING,60
1047,2024-07-18 16:38:18.757128+00:00,CUBIC GLOBAL DEFENSE,61
1048,2024-07-18 16:38:18.757128+00:00,CUBIC DEFENSE SYSTEMS,61
1049,2024-07-18 16:38:50.762211+00:00,CUBIC DEFENCE,61
1050,2024-07-18 16:40:09.758933+00:00,BOEHRINGER INGELHEIM,64
1051,2024-07-18 16:40:09.758933+00:00,BOEHRINGER INGELHEIM CANADA BOEHRINGER INGELHEIM CANADA,64
1052,2024-07-18 16:40:09.758933+00:00,BOEHRINGER INGELHEIM CANADA,64
1053,2024-07-18 16:40:09.758933+00:00,BOEHRINGERINGELHEIM CANADA,64
1054,2024-07-18 16:40:09.758933+00:00,BOEHRINGERINGLEHEIM,64
1055,2024-07-18 16:40:25.217236+00:00,3 M CANADA,35
1056,2024-07-18 16:40:42.176403+00:00,MACEWAN PETROLEUM,52
1057,2024-07-18 16:40:42.176403+00:00,MACEWAN PERTROLEUM,52
1058,2024-07-18 16:40:42.176403+00:00,MACEWN PETROLEUM,52
1059,2024-07-18 16:40:42.176403+00:00,MACEWEN PETROLEUM,52
1060,2024-07-18 16:40:42.176403+00:00,MACEQEN PETROLEUM,52
1061,2024-07-18 16:40:42.176403+00:00,MAC EWEN PETROLEUM,52
1062,2024-07-18 16:40:42.176403+00:00,MCEWEN PETROLEUM,52
1063,2024-07-18 16:40:42.176403+00:00,MACEWEN PETROLEM,52
1064,2024-07-18 16:40:42.176403+00:00,MACEWEN PATROLEUM,52
1065,2024-07-18 16:40:42.176403+00:00,MACEWEN PETROL,52
1066,2024-07-18 16:40:42.176403+00:00,MACEWEN PETROLIUM,52
1067,2024-07-18 16:40:42.176403+00:00,MACEWAN,52
1068,2024-07-18 16:40:42.176403+00:00,MACEWEN PETROLUIM,52
1069,2024-07-18 16:40:42.176403+00:00,MAC EWEN PETROLIUM,52
1070,2024-07-18 16:40:47.141797+00:00,IRVING OIL,57
1071,2024-07-18 16:40:47.141797+00:00,IRVING OIL GP,57
1072,2024-07-18 16:40:47.141797+00:00,IRVING OIL ITD,57
1073,2024-07-18 16:40:47.141797+00:00,IRVING OIL LTF,57
1074,2024-07-18 16:40:47.141797+00:00,IRVING OIL COMM,57
1075,2024-07-18 16:40:47.141797+00:00,IRVIHNG OIL,57
1076,2024-07-18 16:40:47.141797+00:00,IRIVING OIL,57
1077,2024-07-18 16:40:47.141797+00:00,ORVING OIL,57
1078,2024-07-18 16:40:47.141797+00:00,IRVING OIL CANADA,57
1079,2024-07-18 16:40:47.141797+00:00,IRVING OIL COMPANY,57
1080,2024-07-18 16:40:47.141797+00:00,IRVING OIL MARKETING,57
1081,2024-07-18 16:40:47.141797+00:00,IRVIGN OIL,57
1082,2024-07-18 16:40:47.141797+00:00,IRVING OIL COMERCIAL,57
1083,2024-07-18 16:40:47.141797+00:00,IRVING OIL COMMERCIAL,57
1084,2024-07-18 16:40:47.141797+00:00,IRVING OIL COMERCIAL GP,57
1085,2024-07-18 16:40:47.141797+00:00,IRVING OIL COMMERICAL CP,57
1086,2024-07-18 16:40:47.141797+00:00,IRVING COMMECIAL OIL GP,57
1087,2024-07-18 16:40:47.141797+00:00,IRVING OIL CMMERCIAL GP,57
1088,2024-07-18 16:40:47.141797+00:00,IRVNG OIL COMM,57
1089,2024-07-18 16:40:47.141797+00:00,IRVING OIL AO DBA IRVING ENERGY,57
1090,2024-07-18 16:40:47.141797+00:00,IRVING OIL COMEMRCIAL GP,57
1091,2024-07-18 16:40:47.141797+00:00,IRVING OIL COMMERCIAL GP,57
1092,2024-07-18 16:40:47.141797+00:00,IRVING OIL COMMERICAL GP,57
1093,2024-07-18 16:40:47.141797+00:00,IRVING OIL COMMERCIAL G P,57
1094,2024-07-18 16:40:47.141797+00:00,IRVING OIL COMMERCIASL GP,57
1095,2024-07-18 16:40:47.141797+00:00,IRVING OILD COMMERCIAL,57
1096,2024-07-18 16:40:47.141797+00:00,IRVING ENGERY,57
1097,2024-07-18 16:40:47.141797+00:00,IRVING ENERGY,57
1098,2024-07-18 16:40:47.141797+00:00,IRIVING OIL COMMERCIAL,57
1099,2024-07-18 16:40:47.141797+00:00,PETROLES IRVING,57
1100,2024-07-18 16:40:47.141797+00:00,IRVING COMMERCIAL GP,57
1101,2024-07-18 16:43:15.818593+00:00,ALTAGAS,45
1102,2024-07-18 16:43:15.818593+00:00,ALTAGAS ALTAGAS,45
1103,2024-07-18 16:43:15.818593+00:00,ALTAGAS UTILITY GROUP,45
1104,2024-07-18 16:43:24.173470+00:00,GENERIC PSPCMANAGE SUPPLIER ACCOUNT,62
1105,2024-07-18 16:44:05.170747+00:00,APOTEX APOTEX,10
1106,2024-07-18 16:44:08.513370+00:00,ATLAS VAN LINES CANADA,55
1107,2024-07-18 16:44:08.513370+00:00,ATLAS VAN LINES,55
1108,2024-07-18 16:44:08.513370+00:00,ATLAS VAN LINES CANADA LIGNE TRANSPORT ATLAS CANADA,55
1109,2024-07-18 16:44:08.513370+00:00,ATLAS CANADA,55
1110,2024-07-18 16:45:01.354702+00:00,ENERCHEM INTERNATIONAL,45
1111,2024-07-18 16:45:13.507330+00:00,AMTEK ENGINEERING SERVICES,63
1112,2024-07-18 16:45:13.507330+00:00,AMTEK ENGINEERING SRVICES,63
1113,2024-07-18 16:45:13.507330+00:00,NAME AMTEK ENGINEERING SERVICES,63
1114,2024-07-18 16:45:13.507330+00:00,AMTEK ENGINEERING,63
1115,2024-07-18 16:45:13.507330+00:00,AMTEK ENGINEERING SERICES,63
1116,2024-07-18 16:45:13.507330+00:00,AMTEK ENGINEERING SERVICES LD,63
1117,2024-07-18 16:45:20.080130+00:00,BAXTER,43
1118,2024-07-18 16:45:43.673559+00:00,CANADIAN BANK NOTE,66
1119,2024-07-18 16:45:43.673559+00:00,CANADIAN BANK NOTE COMPANY,66
1120,2024-07-18 16:46:02.579453+00:00,D H PARTNERSHIP,71
1121,2024-07-18 16:46:02.579453+00:00,DH PARTNERSHIP,71
1122,2024-07-18 16:46:03.415525+00:00,JANSSEN,67
1123,2024-07-18 16:46:32.524273+00:00,MACK TRUCKS CANADA A DIVISION VGCI,65
1124,2024-07-18 16:46:51.362548+00:00,MACK DEFENSE,65
1125,2024-07-18 16:47:08.182467+00:00,ABBVIE,70
1126,2024-07-18 16:47:08.182467+00:00,ABBVIE CANADA,70
1127,2024-07-18 16:47:08.182467+00:00,ABBVIE PHARMACEUTICAL,70
1128,2024-07-18 16:48:19.025779+00:00,MACEWEN,52
1129,2024-07-18 16:48:19.025779+00:00,MACEWENQ,52
1130,2024-07-18 16:48:19.025779+00:00,MACEWEN FUEL,52
1131,2024-07-18 16:48:19.025779+00:00,MACEWEN FUELS,52
1132,2024-07-18 16:49:16.858276+00:00,PACIFIC NORTHERN GAS,45
1133,2024-07-18 16:49:18.930172+00:00,MERCEDESBENZ,75
1134,2024-07-18 16:49:18.930172+00:00,MERCEDES BENZ,75
1135,2024-07-18 16:49:18.930172+00:00,MERCEDESBENZ CANADA,75
2836,2024-07-25 16:31:44.436526+00:00,L3 COMMUNICATIONS FL,69
2837,2024-07-25 16:31:44.436526+00:00,L3 COMMUNICATIONS CMRO,69
2838,2024-07-25 16:31:44.436526+00:00,L3 COMMUNICATIONS EOIR,69
2839,2024-07-25 16:31:44.436526+00:00,L3 COMMUNICATIONS WESTWOOD,69
1140,2024-07-18 16:49:18.930172+00:00,MERCEDES BENZ CANADA,75
2840,2024-07-25 16:31:44.436526+00:00,L3 COMMUNICATIONS CMRO A DIV L3 COMMUNICATIONS,69
1142,2024-07-18 16:49:18.930172+00:00,MECEDESBENZ CANADA,75
2841,2024-07-25 16:32:22.326889+00:00,AJILON,237
2842,2024-07-25 16:32:22.326889+00:00,AJILON CANADA,237
2843,2024-07-25 16:32:22.326889+00:00,AJILON CONSULTING,237
2844,2024-07-25 16:32:22.326889+00:00,AJILON COMMUNICATIONS,237
1147,2024-07-18 16:49:18.930172+00:00,1203589 MERCEDES BENZ CANADA,75
2845,2024-07-25 16:32:22.326889+00:00,AJIILON CONSULTING,237
1149,2024-07-18 16:49:18.930172+00:00,DAIMLER MERCEDESBENZ VERTRIEB DEUTSCHLAND,75
1161,2024-07-18 16:50:27.127326+00:00,CANADIAN HEALTH CARE AGENCY,78
1162,2024-07-18 16:50:27.127326+00:00,CANADIAN HEALTHCARE AGENCY,78
6936,2024-08-30 01:07:37.311795+00:00,UNIQUE MEDICAL SUPPLY,770
1183,2024-07-18 16:52:07.766395+00:00,FLEETWAY,76
1184,2024-07-18 16:52:07.766395+00:00,1376387 FLEETWAY,76
1186,2024-07-18 16:52:48.187950+00:00,BIG EDDY FUEL SERVICES,82
1190,2024-07-18 16:53:21.582111+00:00,NASITTUQ,87
1291,2024-07-18 17:01:39.469163+00:00,PFIZER,103
1292,2024-07-18 17:01:39.469163+00:00,PFIZER CANADA,103
1293,2024-07-18 17:01:39.469163+00:00,PFIZER CANADA PFIZER CANADA SRI,103
1294,2024-07-18 17:01:39.469163+00:00,PFIZER CANADA SRI,103
1295,2024-07-18 17:01:39.469163+00:00,PFIZER CANADA ONTARIO,103
1296,2024-07-18 17:01:39.469163+00:00,PFIZER CONSUMER HEALTHCARE,103
1297,2024-07-18 17:01:39.469163+00:00,PFIZER CANADA PHARMACEUTICAL,103
1298,2024-07-18 17:01:39.469163+00:00,PFIZER CONSUMER HEALTHCARE V8247,103
1299,2024-07-18 17:01:39.469163+00:00,PFIZER GLOBAL PHARMACEUTICALS CANADA,103
1429,2024-07-18 17:19:02.854175+00:00,DLOITTE,116
1457,2024-07-18 17:21:45.643864+00:00,OTO MELARA,36
1458,2024-07-18 17:21:45.643864+00:00,OTO MELARA SPA,36
6937,2024-08-30 01:07:37.311795+00:00,UNIQUE MEDICAL SUPPLIES,770
6946,2024-08-30 01:22:49.694887+00:00,MEDISON PHARMA CANADA,773
6947,2024-08-30 01:27:26.160265+00:00,WEST HORIZON CONTRACTING,774
1522,2024-07-18 17:29:08.224011+00:00,DELOITTE FKA DELOITTE TOUCHE,116
1563,2024-07-18 17:43:14.735536+00:00,ARI FINANCIAL SERVICES,128
1612,2024-07-18 18:29:46.726099+00:00,ESRI,133
1613,2024-07-18 18:29:46.726099+00:00,ESRI CANADA,133
1614,2024-07-18 18:29:46.726099+00:00,ESRI CANDAA,133
1615,2024-07-18 18:29:46.726099+00:00,ESRI CANADA LTC,133
2846,2024-07-25 16:32:22.326889+00:00,AJILION CANADA,237
2881,2024-07-25 16:34:14.512770+00:00,ALIMENTS CHICOINE,240
2882,2024-07-25 16:34:14.512770+00:00,ALIMENTS GUY CHICOINE,240
1648,2024-07-18 19:32:59.615332+00:00,FIDO SOLUTIONS,8
1649,2024-07-18 19:35:15.620820+00:00,GENERAL ELECTRIC CANADA,140
1650,2024-07-18 19:35:15.620820+00:00,GENERAL ELECTRIC CAPITAL CANADA,140
1651,2024-07-18 19:35:15.620820+00:00,GENERAL ELECTRIC CANADA COMPANY,140
1652,2024-07-18 19:35:15.620820+00:00,GENERAL ELECTRIC CAPITAL CANADA CAPITAL GENERAL ELECTRIQUE CANADA,140
1653,2024-07-18 19:35:15.620820+00:00,GENERAL ELECTRIC GENERAL ELECTRIC,140
1654,2024-07-18 19:35:15.620820+00:00,GENERAL ELECTRIC,140
1655,2024-07-18 19:35:15.620820+00:00,GENERAL ELECTRIC CANADA INTERNATIONAL,140
1656,2024-07-18 19:35:15.620820+00:00,GENERALE ELECTRIQUE DU CANADA,140
1657,2024-07-18 19:35:15.620820+00:00,GENERAL ELECTRIC INTERNATIONAL,140
1658,2024-07-18 19:35:15.620820+00:00,GENERAL ELECTRIC NOVA SCOTIA 1 COMPANY GENERAL ELECTRIC CANADA HOLDINGS,140
1679,2024-07-18 20:17:58.937708+00:00,WSP CANADA,144
1680,2024-07-18 20:17:58.937708+00:00,WSP E CANADA,144
1681,2024-07-18 20:17:58.937708+00:00,WSP EI CANADA,144
1682,2024-07-18 20:17:58.937708+00:00,WSP EO CANADA,144
1683,2024-07-18 20:17:58.937708+00:00,WSP E I CANADA,144
1684,2024-07-18 20:17:58.937708+00:00,WSP CANADA INCE,144
1685,2024-07-18 20:17:58.937708+00:00,WSP GROUP CANADA,144
1686,2024-07-18 20:17:58.937708+00:00,WSP CANADA GROUP,144
1687,2024-07-18 20:21:17.079484+00:00,WSP CANDA,144
1688,2024-07-18 20:21:17.079484+00:00,WSP CANADA OTTAWA,144
1689,2024-07-18 20:21:17.079484+00:00,1373478 WSP CANADA,144
1690,2024-07-18 20:22:09.018136+00:00,WSP CANADA KINGSTON,144
1691,2024-07-18 20:22:09.018136+00:00,WSP CANADA RED DEER,144
1692,2024-07-18 20:22:09.018136+00:00,WSP CANADA EDMONTON,144
1693,2024-07-18 20:22:09.018136+00:00,WSP CANADA MONTREAL,144
1694,2024-07-18 20:22:09.018136+00:00,WSP CANADA DARTMOUTH,144
1695,2024-07-18 20:22:09.018136+00:00,WSP CANADA CHICOUTIMI,144
1696,2024-07-18 20:22:09.018136+00:00,1421046 WSP EI CANADA,144
1714,2024-07-18 23:26:34.298030+00:00,MICROSOFT,148
1715,2024-07-18 23:26:34.298030+00:00,MICROSOFT CA,148
1716,2024-07-18 23:26:34.298030+00:00,MICROSOFT SP,148
1717,2024-07-18 23:26:34.298030+00:00,MICROSOFT CO,148
1718,2024-07-18 23:26:34.298030+00:00,MICROSOFT CANADA,148
1719,2024-07-18 23:26:34.298030+00:00,MICROSOFT CANAADA,148
1720,2024-07-18 23:26:34.298030+00:00,MIICROSOFT CANADA,148
1721,2024-07-18 23:26:34.298030+00:00,MICROSOFT CANADA OTTAWA,148
1722,2024-07-18 23:26:34.298030+00:00,MICROSOFT CANADA COMPANY,148
1723,2024-07-18 23:26:34.298030+00:00,MICROSOFT CANADA RUTH GASTLE,148
1724,2024-07-18 23:26:34.298030+00:00,MICROSOFT CORPOARATION WRCCA,148
2883,2024-07-25 16:34:14.512770+00:00,DISTRIBUTIONS GUY CHICOINE,240
3103,2024-07-25 16:51:25.620423+00:00,COLUMBIA FUELS,262
3104,2024-07-25 16:51:25.620423+00:00,COLUMBIA FUEL,262
3105,2024-07-25 16:51:25.620423+00:00,COLUMIBA FUELS,262
1776,2024-07-19 10:41:28.036535+00:00,JOHNSON CONTROLS TYCO INTEGRATED FIRE SECUITY,104
1788,2024-07-19 10:53:58.908122+00:00,PRICEWATERHOUSECOOPERS,151
1789,2024-07-19 10:53:58.908122+00:00,PRICEWATERHOUSECOOPERS PRICEWATERHOUSECOOPERS,151
1790,2024-07-19 10:53:58.908122+00:00,PRICEWATERHOUSECOOPERS US,151
1791,2024-07-19 10:53:58.908122+00:00,PRICEWATERHOUSECOOPER,151
1792,2024-07-19 10:53:58.908122+00:00,PRICEWATERHOUSECOOPERS LDA,151
1793,2024-07-19 10:53:58.908122+00:00,PRICEWATERHOUSECOOPERSPWC,151
1794,2024-07-19 10:53:58.908122+00:00,PRICEWATERHOUSE COOPERS,151
1795,2024-07-19 10:53:58.908122+00:00,PRICEWATERHOUSECOOPES,151
1796,2024-07-19 10:53:58.908122+00:00,PRICEWATERHOUSECOOPERS AUDIT,151
1797,2024-07-19 10:53:58.908122+00:00,PRICEWATERHOUSECOOPERLLP,151
1798,2024-07-19 10:53:58.908122+00:00,PRICEWATERHOUSECOOPERS TAIWAN,151
1799,2024-07-19 10:53:58.908122+00:00,PRICEWATERHOUSECOOPC306ERS,151
1800,2024-07-19 10:53:58.908122+00:00,PRICEWATERHOUSE COOPER,151
1801,2024-07-19 10:53:58.908122+00:00,PRICEWATERHOUSE COOPERS JJP,151
1802,2024-07-19 10:53:58.908122+00:00,PRICEWATERHOUSECOOPERS DAVID EGAN,151
1803,2024-07-19 10:53:58.908122+00:00,PRICEWATERHOUSECOOPERS OWEN TAYLOR,151
1804,2024-07-19 10:53:58.908122+00:00,PRICEWATERHOUSECOOPERS MIKE HARRIS,151
1805,2024-07-19 10:53:58.908122+00:00,PRICE WATERHOUSE COOPERS,151
1731,2024-07-18 23:33:04.312087+00:00,MICROSOFT LICENSING,148
1732,2024-07-18 23:33:04.312087+00:00,MICROSOFT LICENSING GP,148
1733,2024-07-18 23:33:04.312087+00:00,MICROSOFT LICENSING GIP,148
1734,2024-07-18 23:33:04.312087+00:00,MSLI MICROSOFT LICENSING GP,148
1735,2024-07-18 23:33:04.312087+00:00,MICROSOFT LICENSING GP WRCCA,148
3106,2024-07-25 16:51:25.620423+00:00,COLUMBIA FUELS OA PARKLAND FUELS,262
2847,2024-07-25 16:32:35.759768+00:00,ABIADVANCED BUSINESS INTERIORS,239
2848,2024-07-25 16:32:35.759768+00:00,ABI ADVANCED BUSINESS INTERIORS,239
1152,2024-07-18 16:49:52.844476+00:00,MERCEDESBENS CANADA,75
2849,2024-07-25 16:32:35.759768+00:00,ADVANCED BUSINESS INTERIORS ABI,239
1154,2024-07-18 16:50:07.733838+00:00,AECOM CANADA MARKHAM,33
1155,2024-07-18 16:50:07.733838+00:00,AECOM CANADA EDMONTON,33
1156,2024-07-18 16:50:07.733838+00:00,GROUPE AECON,33
1157,2024-07-18 16:50:07.733838+00:00,AECOM CANADA WINNIPEG,33
1163,2024-07-18 16:50:38.583958+00:00,MAGELLAN AEROSPACE,80
1164,2024-07-18 16:50:38.583958+00:00,MAGELLAN AEROSPACE WINNIPEG,80
1165,2024-07-18 16:50:38.583958+00:00,MAGELLAN AIRCRAFT SERVICES LLLP,80
1180,2024-07-18 16:51:52.859461+00:00,MCKINSEY CANADA,83
1181,2024-07-18 16:51:52.859461+00:00,MCKINSEY COMPANY,83
1182,2024-07-18 16:51:52.859461+00:00,MCKINSEY COMPANY CANADA,83
1187,2024-07-18 16:52:48.452011+00:00,ABB,77
1188,2024-07-18 16:52:48.452011+00:00,ABB ABB,77
1189,2024-07-18 16:52:48.452011+00:00,ABB CANADA,77
2850,2024-07-25 16:32:35.759768+00:00,ADVANCED BUSINESS INTERIORS,239
1364,2024-07-18 17:06:12.571800+00:00,DAWSON CONSTRUCTION,108
1365,2024-07-18 17:06:12.571800+00:00,3 DAWSON CONSTRUCTION,108
1397,2024-07-18 17:10:52.308387+00:00,CARDINAL HEALTH CANADA,111
1398,2024-07-18 17:10:52.308387+00:00,CARDINAL HEALTH,111
1399,2024-07-18 17:10:52.308387+00:00,CARDINAL HEALTH CANADA REGULAR UNDER PADS,111
1430,2024-07-18 17:19:14.023223+00:00,DELOITTE OTTAWA,116
1431,2024-07-18 17:19:14.023223+00:00,DELOITTE TORONTO,116
1432,2024-07-18 17:19:14.023223+00:00,DELOITTE OTTAWA ON,116
1433,2024-07-18 17:19:24.938036+00:00,SELEX ES,36
1434,2024-07-18 17:19:24.938036+00:00,SELEX GALILEO,36
1435,2024-07-18 17:19:24.938036+00:00,SELEX SENSORS AIRBORNE SYSTEMS,36
1436,2024-07-18 17:19:24.938036+00:00,SELEX SYSTEMS INTEGRATION,36
1437,2024-07-18 17:20:19.766997+00:00,SELEX SAS,36
1438,2024-07-18 17:20:19.766997+00:00,SELEX ES SELEX ES,36
1439,2024-07-18 17:20:19.766997+00:00,SELEX ES UK,36
1440,2024-07-18 17:20:19.766997+00:00,SELEX GALLEO,36
1441,2024-07-18 17:20:19.766997+00:00,SELEX SISTEMI INTEGRATI,36
1442,2024-07-18 17:20:19.766997+00:00,SELEX GALILEO INFRARED,36
1478,2024-07-18 17:22:21.861807+00:00,WECSO DISTRIBUTION,118
1487,2024-07-18 17:24:54.835148+00:00,HAAS FACTORY OUTLET,120
1488,2024-07-18 17:26:16.499568+00:00,DELOITTE TOUCHE,116
1489,2024-07-18 17:26:16.499568+00:00,DELOITTE FINANCE,116
1514,2024-07-18 17:27:07.929357+00:00,DELOITTE TOUCHE LLB,116
1520,2024-07-18 17:28:32.233112+00:00,DELOITTE TOHMATSU CONSULTING DO,116
2851,2024-07-25 16:32:35.759768+00:00,ABI ADVANCED BUSINESS INTTERIORS,239
2852,2024-07-25 16:32:35.759768+00:00,ADVANCED BUSSINESS INTERIORS,239
2853,2024-07-25 16:32:35.759768+00:00,ADVANCE BUSINESS INTERIORS,239
2854,2024-07-25 16:32:35.759768+00:00,ADVANCED BUSINESS INTERIOR,239
2855,2024-07-25 16:32:35.759768+00:00,ABI ADVANCED BUSINESS INTERIORS OTTAWA,239
2856,2024-07-25 16:32:35.759768+00:00,ADVANCE BUSINESS INTERIOR,239
2857,2024-07-25 16:32:35.759768+00:00,ADVANCED BUISNESS INTERIORS,239
2858,2024-07-25 16:32:35.759768+00:00,ADVANCED BUSINESS INTERIORS CO ASOKAN SOLUTIONS BUREAU,239
3121,2024-07-25 16:55:32.470534+00:00,PARKLAND PARKLAND,269
3122,2024-07-25 16:55:32.470534+00:00,PARKLAND,269
3123,2024-07-25 16:55:32.470534+00:00,PARKLAND PA,269
3124,2024-07-25 16:55:32.470534+00:00,PARKLANDS,269
3125,2024-07-25 16:55:32.470534+00:00,PARKLAND FUEL,269
3126,2024-07-25 16:55:32.470534+00:00,PARKLAND FUELS,269
3127,2024-07-25 16:55:32.470534+00:00,PARTKLAND,269
3128,2024-07-25 16:55:32.470534+00:00,PETROLE PARKLAND,269
3129,2024-07-25 16:55:32.470534+00:00,PRTROLES PARKLAND,269
3130,2024-07-25 16:55:32.470534+00:00,PETROLES PARKLAND,269
3131,2024-07-25 16:55:32.470534+00:00,PARKLAND PETROLES,269
3132,2024-07-25 16:55:32.470534+00:00,PARKLAND REFINING,269
1543,2024-07-18 17:29:21.046068+00:00,DELOITTE JODI EVANS,116
1544,2024-07-18 17:29:38.464087+00:00,NAV CANADA,127
1545,2024-07-18 17:29:38.464087+00:00,NAV CANADA NAV CANADA,127
1546,2024-07-18 17:29:38.464087+00:00,NAVCANADA,127
1547,2024-07-18 17:29:38.464087+00:00,NAV CANADA OTTAWA,127
1548,2024-07-18 17:29:38.464087+00:00,NAV CAN,127
1564,2024-07-18 17:43:49.681186+00:00,ARI FINANCIAL SERVICES T46163,128
1574,2024-07-18 17:57:25.213484+00:00,ARIHOLMAN FINANCIAL SERVICES,128
1616,2024-07-18 18:35:35.884601+00:00,ASTELLAS PHARMACEUTICALS,134
1659,2024-07-18 19:38:02.029053+00:00,GE ELECTRIC CANADA OPERATING AS GE HEALTHCARE,140
1660,2024-07-18 19:53:03.438376+00:00,WESTERN PETROLEUM,141
1661,2024-07-18 19:53:03.438376+00:00,WESTERN PATROLEUM,141
1662,2024-07-18 19:53:03.438376+00:00,WESTERN PETROLEUM NEWFOUNDLAND,141
1697,2024-07-18 20:24:32.196755+00:00,ZODIAC HURRICANE TECHNOLOGIES,145
1698,2024-07-18 20:24:32.196755+00:00,ZODIAC HURRICAN TECHNOLOGIES,145
1699,2024-07-18 20:24:32.196755+00:00,ZODIAK HURRICANE TECHNOLOGIES,145
1700,2024-07-18 20:24:32.196755+00:00,ZODIAC HURRICANE TECHNOLOGY,145
1701,2024-07-18 20:24:32.196755+00:00,ZODIAC HURRICANE TECH,145
1702,2024-07-18 20:24:32.196755+00:00,ZODIAC HURRICANE,145
1725,2024-07-18 23:28:25.504173+00:00,MICROSOFT WRCCA,148
1726,2024-07-18 23:28:25.504173+00:00,MICROSOFT SERVICES,148
1727,2024-07-18 23:28:25.504173+00:00,MICROSOFT SOFTCHOICE,148
1728,2024-07-18 23:28:25.504173+00:00,MICROSOFT CO SOFTCHOICE,148
1729,2024-07-18 23:28:25.504173+00:00,MICROSOFT CORPOARATION,148
1730,2024-07-18 23:28:25.504173+00:00,MIRCOSOFT,148
1744,2024-07-19 00:10:39.754234+00:00,MINDWIRE,150
1745,2024-07-19 00:10:39.754234+00:00,MINDWIRE ZYLOG,150
1746,2024-07-19 00:10:39.754234+00:00,MINDWIRE SYSTEM,150
1747,2024-07-19 00:10:39.754234+00:00,MINDWIRE SYTEMS,150
1748,2024-07-19 00:10:39.754234+00:00,MINDWIRE SYSTEMS,150
1777,2024-07-19 10:43:30.154142+00:00,SOCIETE CONTROLES JOHNSTON CANADA SEC,104
1806,2024-07-19 10:53:58.908122+00:00,PRICEWATERHOUSECOOPERS BUSINESS SOL,151
1807,2024-07-19 10:53:58.908122+00:00,PRICEWATERHOUSE,151
1808,2024-07-19 10:53:58.908122+00:00,PRICEWATERHOUSECOOPERS DANIEL OBRIEN,151
1809,2024-07-19 10:53:58.908122+00:00,PRICEWATERHOUSECOOPERS JOSEPH HICKEY,151
1810,2024-07-19 10:53:58.908122+00:00,PRICEWATERHOUSE COPPERS,151
1811,2024-07-19 10:53:58.908122+00:00,PRICEWATERHOUSE COOPERS BARISTER,151
1812,2024-07-19 10:53:58.908122+00:00,PRICE WATERHOUSE COOPERS SC,151
1813,2024-07-19 10:53:58.908122+00:00,PRICE WATERHOUSE COOPERS SEN,151
1814,2024-07-19 10:53:58.908122+00:00,PRICEWATERHOUSECOOPERS CATHERINE PEACOCK,151
3133,2024-07-25 16:55:38.700568+00:00,KELOWNA FLIGHTCRAFT,272
3134,2024-07-25 16:55:38.700568+00:00,KELOWNA FLIGHTCRAFT AIR CHARTER,272
3184,2024-07-25 16:58:16.052592+00:00,CRESTRON CO CBCI,273
1160,2024-07-18 16:50:18.119058+00:00,KIA MOTORS,79
1166,2024-07-18 16:50:53.741178+00:00,CONSORTIUM AECOMTECHNOREM,33
1167,2024-07-18 16:50:53.741178+00:00,CONSULTANTS AECOM MONTREAL,33
1168,2024-07-18 16:50:53.741178+00:00,AECOM CANADA KITCHENER,33
1169,2024-07-18 16:50:53.741178+00:00,AECOM CANADA KINGSTON,33
1170,2024-07-18 16:50:53.741178+00:00,AECOM CANADA NORTH BAY,33
1171,2024-07-18 16:50:53.741178+00:00,AECOM CANADA SASKATOON,33
1172,2024-07-18 16:50:53.741178+00:00,AECOM TECHNICAL SERVICES,33
1173,2024-07-18 16:50:53.741178+00:00,AECOM CANADA SAULT STE MARIE,33
1174,2024-07-18 16:50:53.741178+00:00,AICOM CANADA,33
1175,2024-07-18 16:51:07.292884+00:00,DMTI SPATIAL,58
1176,2024-07-18 16:51:27.242115+00:00,AECOM CANADA CH2M HILL CANADA,33
1177,2024-07-18 16:51:27.242115+00:00,AECOM TECHNOCAL SERVICES,33
1178,2024-07-18 16:51:27.242115+00:00,AECOM CANADA NUCLEAR SERVICES,33
1185,2024-07-18 16:52:43.207300+00:00,BRISTOL AEROSPACE,80
1191,2024-07-18 16:53:24.336614+00:00,ATMOSPHERE,73
1192,2024-07-18 16:53:24.336614+00:00,ATMOSPHERE VICTORIA,73
1194,2024-07-18 16:55:43.279831+00:00,ABB SP Z OO,77
1195,2024-07-18 16:55:56.377383+00:00,MAPLE REINDERS,91
1196,2024-07-18 16:55:56.377383+00:00,MAPLEREINDERS,91
1197,2024-07-18 16:55:56.377383+00:00,MAPLE REINDERS CONSTRUCTORS,91
1198,2024-07-18 16:56:12.481055+00:00,DAVISHENDERSON,71
1199,2024-07-18 16:56:31.407270+00:00,MAPLE REINDERS CONSTRUCTORS CONSTRUCTION DEMATHIEU BARD CDB IN JOINT VENTURE,91
1200,2024-07-18 16:56:35.742438+00:00,ROCHE,93
1201,2024-07-18 16:56:35.742438+00:00,ROCHE LTIE GROUPECONSEIL,93
1202,2024-07-18 16:56:35.742438+00:00,ROCHE GROUPECONSEIL,93
1203,2024-07-18 16:56:35.742438+00:00,ROCHE GROUPE CONSEIL,93
1204,2024-07-18 16:56:35.742438+00:00,ROCHE GROUPECONSEIL MONTREAL,93
1205,2024-07-18 16:57:30.033063+00:00,GLAXOSMITHKLINE,81
1206,2024-07-18 16:57:30.033063+00:00,GLAXOSMITHKLINEINC,81
1207,2024-07-18 16:57:30.033063+00:00,GLAXOSMITH KLINE,81
1208,2024-07-18 16:57:30.033063+00:00,GLAXOSMITHKLINE CANADA,81
1209,2024-07-18 16:57:30.033063+00:00,GLAXO SMITH KLINE,81
1210,2024-07-18 16:57:30.033063+00:00,GLAXOSMITHKLINE CONSUMER HEALTHCARE GLAXOSMITHKLINE CONSUMER HEALTHCARE,81
1211,2024-07-18 16:57:30.033063+00:00,GLAXOSMITHKLINE CONSUMER HEALTHCARE,81
1212,2024-07-18 16:57:30.033063+00:00,GLAXO SMITH KLEIN,81
1213,2024-07-18 16:57:30.033063+00:00,GLAXOWELLCOME,81
1214,2024-07-18 16:57:30.033063+00:00,GLAXO WELLCOME,81
1215,2024-07-18 16:57:38.030794+00:00,FUJITSU CONSULTING CANADA,89
1216,2024-07-18 16:57:38.030794+00:00,FUJITSU CONSULTING CANADA FUJITSU CONSEIL CANADA,89
1217,2024-07-18 16:57:38.030794+00:00,FIJITSU CONSULTING CANADA,89
1218,2024-07-18 16:57:38.030794+00:00,FUJITSU CONSULTING,89
1219,2024-07-18 16:57:38.030794+00:00,FTI CONSULTING CANADA,89
1220,2024-07-18 16:57:38.030794+00:00,FUJITSU CONSEIL CANADA,89
1221,2024-07-18 16:57:38.030794+00:00,FUJITSU CANADA,89
1222,2024-07-18 16:57:48.814995+00:00,DALIAN ENTERPRISES,98
1223,2024-07-18 16:57:48.814995+00:00,DALIAN ENTERPRISE,98
1224,2024-07-18 16:57:57.693950+00:00,DALIAN ENTREPRISES,98
1225,2024-07-18 16:57:57.699408+00:00,KPMG KPMG,86
1226,2024-07-18 16:57:57.699408+00:00,KPMG,86
1227,2024-07-18 16:57:57.699408+00:00,KPMG DLL,86
1228,2024-07-18 16:57:57.699408+00:00,KPMG LAW,86
1229,2024-07-18 16:57:57.699408+00:00,KPMG LLB,86
1230,2024-07-18 16:57:57.699408+00:00,KPMG MSLP,86
1231,2024-07-18 16:57:57.699408+00:00,KPMG T4348,86
1232,2024-07-18 16:57:57.699408+00:00,ITNET KPMG,86
1233,2024-07-18 16:57:57.699408+00:00,KPMGVAN,86
1234,2024-07-18 16:57:57.699408+00:00,KPMG OTTAWA,86
1235,2024-07-18 16:57:57.699408+00:00,KPMG CANADA,86
1236,2024-07-18 16:57:57.699408+00:00,KPMG AAS DOO,86
1237,2024-07-18 16:57:57.699408+00:00,KPMG FORENSIC,86
1238,2024-07-18 16:57:57.699408+00:00,KPMG PAKISTAN,86
1239,2024-07-18 16:57:57.699408+00:00,KPMG LENORA LEE,86
1240,2024-07-18 16:57:57.699408+00:00,KPMG VICTORIA,86
1241,2024-07-18 16:57:57.699408+00:00,KPMG FKA KPMG MSLP,86
1242,2024-07-18 16:57:57.699408+00:00,KPMG CONSULTING,86
1243,2024-07-18 16:57:57.699408+00:00,KPMG TASEER HADI,86
1244,2024-07-18 16:57:57.699408+00:00,KPMG WILL LIPSON,86
1245,2024-07-18 16:57:57.699408+00:00,KPMG ALAN PERETZ,86
1246,2024-07-18 16:57:57.699408+00:00,KPMG GARY WEBSTER,86
1247,2024-07-18 16:57:57.699408+00:00,KPMG ROSS HOMENIUK,86
1248,2024-07-18 16:57:57.699408+00:00,KPMG ADVISORY CHINA,86
1249,2024-07-18 16:57:57.699408+00:00,130614613PG0004 KPMG,86
1250,2024-07-18 16:57:57.699408+00:00,ITNET OTTAWAINC KPMG,86
1251,2024-07-18 16:57:57.699408+00:00,KPMG IN JOINT VENTURE,86
1252,2024-07-18 16:57:57.699408+00:00,ITNET OTTAWA KPMG IN JV,86
1253,2024-07-18 16:57:57.699408+00:00,KPMG TAX ADVISORY BRANC,86
1254,2024-07-18 16:57:57.699408+00:00,KPMG MANAGEMENT SERVICES,86
1255,2024-07-18 16:57:57.699408+00:00,KPM ANALYTICS,86
1256,2024-07-18 16:57:57.699408+00:00,KPMG MANAGEMENT CONSULTING,86
1257,2024-07-18 16:57:57.699408+00:00,ITNETOTTAWA IN JV WITH KPMG,86
1258,2024-07-18 16:57:57.699408+00:00,FINANCEMENT CORPORATIF KPMG,86
1259,2024-07-18 16:57:57.699408+00:00,KPMG SUB CONTRACT WILLIS COLLEGE,86
1260,2024-07-18 16:57:57.699408+00:00,KPMG ACCOUNTING SERVICE CENTRE,86
2859,2024-07-25 16:33:19.757306+00:00,L3 COMMUNICATIONS MAPPS,69
1262,2024-07-18 16:57:57.699408+00:00,ITNETOTTAWA KPMG IN JOINT VENTURE,86
1263,2024-07-18 16:57:57.699408+00:00,KPMG FINANCIAL ADVISORY SERVICES,86
1264,2024-07-18 16:57:57.699408+00:00,KPMG FINANCILAL ADVISORY SERVICES,86
1265,2024-07-18 16:57:57.699408+00:00,ITNET OTTAWA KPMG IN JOINT VENTURE,86
2860,2024-07-25 16:33:19.757306+00:00,L3 COMMUNICATIONS SONOMA EO,69
1267,2024-07-18 16:58:04.872582+00:00,HOFFMANLAROCHE,11
1268,2024-07-18 16:58:04.872582+00:00,HOFFMANNLAROCHE,11
1269,2024-07-18 16:58:04.872582+00:00,ROCHE DIAGNOSTICS DIVISION HOFFMANN ROCHE,11
1270,2024-07-18 16:58:04.872582+00:00,ROCHE DIAGNOSTICS A DIVISION HOFFMANN ROCHE,11
1271,2024-07-18 16:58:23.731833+00:00,COMPAGNIE DALIAN ENTERPRISES,98
1272,2024-07-18 16:58:23.791870+00:00,ANIXTER CANADA,72
1273,2024-07-18 16:58:23.791870+00:00,ANIXTER POWER SOLUTIONS CANADA,72
1274,2024-07-18 16:58:23.791870+00:00,ANIXTER POWER SOLUTIONS,72
1275,2024-07-18 16:58:33.463462+00:00,ROCHE DIAGNOSTICS CANADA,11
1366,2024-07-18 17:07:40.837552+00:00,AMAZON SELLER SERVICES PVT,105
1367,2024-07-18 17:07:40.837552+00:00,AMAZON CANADA FULFILLMENT SERVICES,105
1368,2024-07-18 17:07:40.837552+00:00,AMAZON KUIPER MANUFACTURING ENTERPRISES,105
1401,2024-07-18 17:12:46.658179+00:00,AGUSTAWESTLAND,36
1402,2024-07-18 17:12:46.658179+00:00,AGUSTA WESTLAND PHILADELPHIA,36
1403,2024-07-18 17:12:46.658179+00:00,AUGUSTAWESTLAND,36
1817,2024-07-19 10:53:58.908122+00:00,PRICEWATERHOUSECOOPERS PWC MANAGEMENT SERVICES,151
1818,2024-07-19 10:53:58.908122+00:00,PRICEWATERHOUSECOOPERS MAIN PWC NATIONAL ACCT,151
1819,2024-07-19 10:53:58.908122+00:00,PRICEWATERHOUSECOOPERS TRUSTEE IN BANKRUPTCY,151
1820,2024-07-19 10:53:58.908122+00:00,PRICE WATERHOUSE,151
1821,2024-07-19 10:53:58.908122+00:00,PRICEWATERHOUSECOOPERSPWC CENTRAL ACCOUNTING,151
1822,2024-07-19 10:53:58.908122+00:00,POWERWATERHOUSE COOPERS,151
1823,2024-07-19 10:53:58.908122+00:00,PRICEWATERHOUSECOOPERS SI SYSTEMS ACCENTURE IN JOINT VENTURE,151
1824,2024-07-19 10:53:58.908122+00:00,PRICEWATERHOUSECOOPERS ESIT CANADA ENTERPRISE SERVICES IN JV,151
1825,2024-07-19 10:53:58.908122+00:00,PRICE WATER HOUSE,151
1826,2024-07-19 10:53:58.908122+00:00,PRICEWATERHOUSECOOPERS ESIT CANADA ENTERPRISE SERVICES ESIT CANADA SERVICES AUX ENTREPRISES CIE IN JV,151
1827,2024-07-19 10:53:58.908122+00:00,PRICEWATERHOUSECOOPERS ESIT CANADA ENTERPRISE SERVICES ESIT CANADA SERVICES AUX ENTREPRISES CIE IN JOINT VENTURE,151
1829,2024-07-19 11:30:23.744224+00:00,MTG MANAGEMENT CONSULTANT,152
1830,2024-07-19 11:34:49.368353+00:00,MAKWA TPG IN JV,153
1831,2024-07-19 11:34:49.368353+00:00,MAKWA RESOURCING,153
1832,2024-07-19 11:34:49.368353+00:00,TEAM MAKWATPG,153
1833,2024-07-19 11:34:49.368353+00:00,MAKWA RESOURCING TPG,153
1834,2024-07-19 11:34:49.368353+00:00,MAKAWA RESOURCING,153
1835,2024-07-19 11:34:49.368353+00:00,MAKWA RESOURCING TPG TECHNOLOGY,153
1836,2024-07-19 11:35:49.720996+00:00,MAKWA RESURSING,153
1837,2024-07-19 11:36:22.841765+00:00,MAKWA RESOURCING WITH KOROC CONSULTING IN JV,153
1838,2024-07-19 11:36:22.841765+00:00,MAKWA RESOURCING TPG TECHNOLOGY CONSULTING IN JV,153
1839,2024-07-19 11:36:22.841765+00:00,MAKWA RESOURCING IN JV WITH TPG TECHNOLOGY CONSULTING,153
1840,2024-07-19 11:36:22.841765+00:00,MAKWA RESOURCING ISHEVA IN JOINT VENTURE,153
1841,2024-07-19 11:37:04.017083+00:00,MAKWA RESOURCING TPG TECHNOLOGY CONSULTING IN JOINT VENTURE,153
1842,2024-07-19 11:37:04.017083+00:00,MAKWA RESOURCE TPG TECHNOLOGLY CONSULTING IN JOINT VENTURE,153
1843,2024-07-19 11:37:04.017083+00:00,MAKWA RESOURCING KOROC CONSULTING IN JOINTVENTURE,153
1844,2024-07-19 11:38:03.739457+00:00,MAKWA RESOURCING TPG TECHNOLOGY CONSULTING,153
2862,2024-07-25 16:33:19.757306+00:00,L3 COMMUNICATIONS ESS,69
2863,2024-07-25 16:33:19.757306+00:00,L3 COMMUNICATIONS TITAN,69
2864,2024-07-25 16:33:19.757306+00:00,L3 COMMUNICATION LINK,69
2865,2024-07-25 16:33:19.757306+00:00,L3 COMMUNICATION CMRO,69
3185,2024-07-25 16:58:16.052592+00:00,CBCI TLECOM CANADA,273
3186,2024-07-25 16:58:16.052592+00:00,CBCI TELECOMMUNICATIONS,273
3187,2024-07-25 16:58:16.052592+00:00,CBCI TELECOM CANADA A SOLOTECH COMPANY,273
3188,2024-07-25 16:58:16.052592+00:00,CBCI TELECOM CISCO AUTHORIZED RESELLER,273
3339,2024-07-25 20:00:07.277705+00:00,COMBAT NETWORKDS,289
3449,2024-07-26 11:49:26.608951+00:00,SERVICES CORRECTIONNELS CANADA,296
3488,2024-07-26 19:23:57.680996+00:00,PETERS BROS CONSTRUCTION,304
3489,2024-07-26 19:23:57.680996+00:00,PETER BROS CONSTRUCTION,304
3490,2024-07-26 19:23:57.680996+00:00,PETERS CONSTRUCTION,304
3583,2024-07-26 20:04:30.728586+00:00,SHELL,312
3584,2024-07-26 20:04:30.728586+00:00,SHELLQ,312
3585,2024-07-26 20:04:30.728586+00:00,SHELLUSA,312
3586,2024-07-26 20:04:30.728586+00:00,SHELL BRASIL,312
3587,2024-07-26 20:04:30.728586+00:00,SHELL CANADA,312
3588,2024-07-26 20:04:30.728586+00:00,SHELOL,312
3589,2024-07-26 20:04:30.728586+00:00,SHELL CANANDA,312
3590,2024-07-26 20:04:30.728586+00:00,SHELL CALGARY,312
3591,2024-07-26 20:04:30.728586+00:00,SHELL AVIATION,312
3592,2024-07-26 20:04:30.728586+00:00,SHELL AVIAITON,312
3593,2024-07-26 20:04:30.728586+00:00,SHELL AVIATIOIN,312
3594,2024-07-26 20:04:30.728586+00:00,SHELL BRASIL LTDA,312
3595,2024-07-26 20:04:30.728586+00:00,SHELL CANADA ENERGY,312
3596,2024-07-26 20:04:30.728586+00:00,SHELL CANDA PRODUCTS,312
3597,2024-07-26 20:04:30.728586+00:00,SHELL CANADA PODUCTS,312
3598,2024-07-26 20:04:30.728586+00:00,SHELL CANADA PRDUCTS,312
3599,2024-07-26 20:04:30.728586+00:00,SHELL CANADA PRODUCT,312
3600,2024-07-26 20:04:30.728586+00:00,PRODUIT SHELL CANADA,312
3601,2024-07-26 20:04:30.728586+00:00,SHELL CANADA PRODUCTS,312
3602,2024-07-26 20:04:30.728586+00:00,SHELL PRODUCTS CANADA,312
3603,2024-07-26 20:04:30.728586+00:00,SHELL CANADA PRODUTCS,312
3604,2024-07-26 20:04:30.728586+00:00,PRODUITS SHELL CANADA,312
3605,2024-07-26 20:04:30.728586+00:00,SHELL CANADA PRODUCTS SHELL CANADA,312
3606,2024-07-26 20:04:30.728586+00:00,SHELL CANADA PRODCUTS,312
3607,2024-07-26 20:04:30.728586+00:00,SHELL CANADA PRODUCTSE,312
3608,2024-07-26 20:04:30.728586+00:00,SHELL CANADA PRODUCTES,312
3609,2024-07-26 20:04:30.728586+00:00,SHELL CANADA PRIODUCTS,312
3610,2024-07-26 20:04:30.728586+00:00,SHELL CANADA PRODUCTFS,312
3611,2024-07-26 20:04:30.728586+00:00,SHELLCANADA PRODUCTS,312
3779,2024-07-26 20:33:35.288827+00:00,ILLUMINA CANADA,318
3780,2024-07-26 20:33:35.288827+00:00,ILLUMINA,318
4689,2024-07-30 12:14:45.362706+00:00,HP,392
3855,2024-07-26 23:41:13.284528+00:00,HONEYWELL HONEYWELL,325
3856,2024-07-26 23:41:13.284528+00:00,HONEYWELL,325
3857,2024-07-26 23:41:13.284528+00:00,EMS HONEYWELL,325
3858,2024-07-26 23:41:13.284528+00:00,HONEYWELL ASCA,325
3859,2024-07-26 23:41:13.284528+00:00,HONEYWELL ENRAF,325
3860,2024-07-26 23:41:13.284528+00:00,HONEYWELL LIMITIE,325
3861,2024-07-26 23:41:13.284528+00:00,HONEYWELL CONTROLS,325
3862,2024-07-26 23:41:13.284528+00:00,HONEYWELL A CANADA HONEYWELL,325
3863,2024-07-26 23:41:13.284528+00:00,HONEYWELL ANNISTON,325
3864,2024-07-26 23:41:13.284528+00:00,HONEYWELL MONTREAL,325
3865,2024-07-26 23:41:13.284528+00:00,HONEYWELL DARTMOUTH,325
3866,2024-07-26 23:41:13.284528+00:00,HONEYWELL AEROSPACE,325
3867,2024-07-26 23:41:13.284528+00:00,HONEYWELL ANALYTICS,325
3868,2024-07-26 23:41:13.284528+00:00,HONEYWELL SAINTEFOY,325
3869,2024-07-26 23:41:13.284528+00:00,HONEYWELL CHICOUTIMI,325
3870,2024-07-26 23:41:13.284528+00:00,COMDEV HONEYWELL CANADA,325
3871,2024-07-26 23:41:13.284528+00:00,HONEYWELL AEROSPATIALE,325
3872,2024-07-26 23:41:13.284528+00:00,HONEYWELL INTERNATIONAL,325
3873,2024-07-26 23:41:13.284528+00:00,HONEYWELL ADVANCED FIBER,325
3874,2024-07-26 23:41:13.284528+00:00,HONEYWELL CANADA LOGISTICS,325
3875,2024-07-26 23:41:13.284528+00:00,HONEYWELL AEROSPACE TORONTO,325
3876,2024-07-26 23:41:13.284528+00:00,HONEYWELL PRECISION SENSORS,325
3877,2024-07-26 23:41:13.284528+00:00,HONEYWELL SOLUTION BATIMENT,325
3878,2024-07-26 23:41:13.284528+00:00,HONEYWELL BUILDING SOLUTIONS,325
4690,2024-07-30 12:14:45.362706+00:00,HP CANADA,392
4691,2024-07-30 12:14:45.362706+00:00,HP CANANDA,392
4692,2024-07-30 12:14:45.362706+00:00,HP CANADA HP CANADA CIE,392
1846,2024-07-19 12:55:30.462587+00:00,TELECOM COMPTER,154
1847,2024-07-19 12:55:30.462587+00:00,TELECOM COMPUTER,154
1848,2024-07-19 12:55:30.462587+00:00,CO TELECOM COMPUTER,154
1849,2024-07-19 12:55:30.462587+00:00,TELECOM COMPUTERS,154
1850,2024-07-19 12:55:30.462587+00:00,NAME TELECOM COMPUTER,154
1851,2024-07-19 12:56:31.208053+00:00,TELECOM COMPUTER ONTARIO,154
1852,2024-07-19 12:58:39.949952+00:00,TELCOM COMPUTER,154
1853,2024-07-19 12:58:39.949952+00:00,TELECOM COMPUTER CR 112645,154
1854,2024-07-19 12:58:39.949952+00:00,TELECOM COMPUTER PRODUCTS,154
1855,2024-07-19 12:58:39.949952+00:00,TELECOM COMPUTER SERVICES,154
1856,2024-07-19 12:58:39.949952+00:00,TELCOM COMPUTERS,154
1857,2024-07-19 12:58:39.949952+00:00,TELECOM COMPUTER DO NOT USE,154
1858,2024-07-19 14:28:02.953496+00:00,DONNA CONA,101
1859,2024-07-19 14:28:02.953496+00:00,CONA DONNA,101
1860,2024-07-19 14:28:02.953496+00:00,DONA CONNA,101
1861,2024-07-19 14:28:02.953496+00:00,DONNA CONNA,101
1862,2024-07-19 14:28:02.953496+00:00,DONNA CON,101
1863,2024-07-19 14:28:02.953496+00:00,DONA CONA,101
1864,2024-07-19 14:28:02.953496+00:00,DONNA CONA II,101
1865,2024-07-19 14:28:02.953496+00:00,DONNACONA,101
1866,2024-07-19 14:28:02.953496+00:00,DONNA CONA IBM CANADA,101
1867,2024-07-19 14:28:02.953496+00:00,DONNA CONA IBM CANADA IN,101
2866,2024-07-25 16:33:27.035965+00:00,BUREAU VERITAS CANADA 2019,236
1869,2024-07-19 14:28:02.953496+00:00,DONNA CONA IBM CANADA IN JOINT VENTURE,101
1870,2024-07-19 14:28:02.953496+00:00,DONNA CONA IBM CANADA IBM CANADA IN JOINT VENTURE,101
1871,2024-07-19 14:34:02.893820+00:00,EMIL ANDERSON CONSTRUCTION EAC,155
1872,2024-07-19 14:34:02.893820+00:00,EMIL ANDERSON CONSTRUCTION EAC IN,155
1873,2024-07-19 14:34:02.893820+00:00,EMIL ANDERSON CONSTRUCTION,155
1874,2024-07-19 14:34:02.893820+00:00,EMIL ANDERSON CONSTRUCTION EAC INCL,155
1875,2024-07-19 15:58:58.835060+00:00,MITSUBISHI,156
1876,2024-07-19 15:58:58.835060+00:00,MITSUBISHI MOTORS,156
1877,2024-07-19 15:58:58.835060+00:00,MITSUBISHI CANADA,156
2867,2024-07-25 16:33:27.035965+00:00,BUREAU VERITAS CANADA,236
1879,2024-07-19 15:58:58.835060+00:00,MITSUBISHI MOTOR SALES,156
1880,2024-07-19 15:58:58.835060+00:00,MITSUBISHI MOTORS CANADA,156
1881,2024-07-19 15:58:58.835060+00:00,MITSUBISHI MOTOR SALES CAN,156
1882,2024-07-19 15:58:58.835060+00:00,MITSUBISHI MOTOR SALES CANADA,156
1883,2024-07-19 15:58:58.835060+00:00,MITSUBISHI MOTOR SALES CANADA I,156
1884,2024-07-19 15:58:58.835060+00:00,MITSUBISHI MOTOR SALES CANADA IN,156
1885,2024-07-19 16:10:59.156040+00:00,EMIL ANDERSON MAINTENANCE,155
1886,2024-07-19 16:13:58.801727+00:00,BALLINA CONTRACTING,155
2868,2024-07-25 16:33:27.035965+00:00,BUREAU VERITAS MARINE CANADA,236
6938,2024-08-30 01:13:31.667798+00:00,CGI INFORMATION SYSTEMS MANAGEMENT CONSULTANTS CONSEILLERS EN SYSTEMES DINFORMATION EN GESTION CGI,771
6939,2024-08-30 01:13:31.667798+00:00,1001544CGI INFORMATION SYST MANAGEMENT CONSULTANTS,771
6940,2024-08-30 01:13:31.667798+00:00,CGI SYSTEMS MANAGEMENT CONSULTANTS,771
6941,2024-08-30 01:13:31.667798+00:00,CGI CONSEILLERS EN GESTION INFORMATIQUE CGI,771
6942,2024-08-30 01:13:31.667798+00:00,CONSEILLERS EN GESTION INFORMATIQUE CGI,771
1898,2024-07-19 16:35:37.514338+00:00,ELLISDON,158
1899,2024-07-19 16:35:37.514338+00:00,ELLISDON ELLISDON,158
1900,2024-07-19 16:35:37.514338+00:00,ELLIS DON,158
1901,2024-07-19 16:35:37.514338+00:00,ELLISDON OTTAWA,158
1902,2024-07-19 16:35:37.514338+00:00,ELLISDON HALIFAX,158
1903,2024-07-19 16:35:37.514338+00:00,ELLISDON CONSTRUCTION,158
1904,2024-07-19 16:35:37.514338+00:00,ELLISDON CONSTRUCTION HALIFAX,158
1905,2024-07-19 16:35:37.514338+00:00,ELLISDON CONSTRUCTION SERVICES,158
1906,2024-07-19 16:35:37.514338+00:00,ELLISDON CIVIL CHANT IN JOINT VENTURE,158
1907,2024-07-19 16:35:37.514338+00:00,ELLISDON 994466 NUNAVUT IN JOINT VENTURE,158
1908,2024-07-19 16:35:37.514338+00:00,ELLIS DON CONSTRUCTION SERVICES,158
1909,2024-07-19 16:39:32.359239+00:00,EBSCO CANADA,159
1910,2024-07-19 16:39:32.359239+00:00,EBSCO CANADA EBSCO CANADA,159
1911,2024-07-19 16:39:32.359239+00:00,EBSCO CANADA US,159
1912,2024-07-19 16:42:07.386872+00:00,EBSCO,159
1913,2024-07-19 16:42:07.386872+00:00,EBSCO HEALTH,159
1914,2024-07-19 16:42:07.386872+00:00,EBSCO PUBLISHING,159
1915,2024-07-19 16:42:07.386872+00:00,EBSCO CANADA TORONTO ON,159
1916,2024-07-19 16:42:07.386872+00:00,EBSCO INFORMATION SERVICES,159
1917,2024-07-19 16:42:07.386872+00:00,EBSCO INFORMATION PRODUCTS,159
1919,2024-07-19 17:13:39.730652+00:00,MODIS,160
1920,2024-07-19 17:13:39.730652+00:00,TEAM MODIS,160
1921,2024-07-19 17:13:39.730652+00:00,MODIS CANADA,160
1922,2024-07-19 17:13:39.730652+00:00,MODIS AJILON,160
1923,2024-07-19 17:13:39.730652+00:00,MODIS CANADA IC,160
1924,2024-07-19 17:13:39.730652+00:00,AJILON CANADA MODIS,160
1925,2024-07-19 17:13:39.730652+00:00,MODIS CANADA CR 114705,160
1926,2024-07-19 17:13:39.730652+00:00,MODIA CANADA,160
1927,2024-07-19 17:27:25.242988+00:00,MONERIS,162
1928,2024-07-19 17:27:25.242988+00:00,MONERIS SOLUTIONS,162
4708,2024-07-30 12:17:00.121885+00:00,HEWLETTPACKARD FINANCIAL SERVICES,393
4709,2024-07-30 12:17:00.121885+00:00,HEWLETTPACKARD FINANCIAL SERVICES CANADA COMPANY HPFS,393
4737,2024-07-30 16:23:22.573614+00:00,NAVTECH,395
1933,2024-07-19 17:32:58.091772+00:00,MOTOROLA SOLUTION CANDAD,164
1934,2024-07-19 17:32:58.091772+00:00,MOTOROLA SOLUTIONS CANDA,164
1935,2024-07-19 17:32:58.091772+00:00,MOTOROLA SOLUTION CANADA,164
1936,2024-07-19 17:32:58.091772+00:00,MOTOROLA SOLUTINS CANADA,164
1937,2024-07-19 17:32:58.091772+00:00,MOTOROLA SOUTIONS CANADA,164
1938,2024-07-19 17:32:58.091772+00:00,MOTOROLA SOLTUIONS CANADA,164
1939,2024-07-19 17:32:58.091772+00:00,MOTOROLA SOLUTIONS CNAADA,164
1940,2024-07-19 17:32:58.091772+00:00,MOTOROLA SOLUTIONS CANADA,164
1941,2024-07-19 17:32:58.091772+00:00,MOTOROLA SOLUTIONS LIMTED,164
1942,2024-07-19 17:32:58.091772+00:00,MOTOROLA SOLUTIONS CANADIAN,164
1943,2024-07-19 17:54:54.995411+00:00,MOTOROLA,164
1944,2024-07-19 17:54:54.995411+00:00,MOTOROLA CNADA,164
1945,2024-07-19 17:54:54.995411+00:00,MOTOROLA CANDA,164
1946,2024-07-19 17:54:54.995411+00:00,MOTOROLA CANADA,164
1947,2024-07-19 17:54:54.995411+00:00,MOTOROALA CANADA,164
1948,2024-07-19 17:54:54.995411+00:00,MOTORTOLA CANADA,164
1949,2024-07-19 17:54:54.995411+00:00,MOROROLA CANADA,164
1950,2024-07-19 18:49:07.298013+00:00,BAE SYSTEMS BOFORS,165
1951,2024-07-19 18:49:07.298013+00:00,BAE SYSTEM BOFORS,165
1952,2024-07-19 18:49:07.298013+00:00,BA SYSTEMS BOFORS,165
4796,2024-07-30 18:19:06.466339+00:00,UNISYS CANADA,410
1888,2024-07-19 16:27:48.490078+00:00,COFOMO,358
1889,2024-07-19 16:27:48.490078+00:00,COFOMO OTTAWA,358
1953,2024-07-19 18:49:07.298013+00:00,BAE SYSTEMS BOFORES,165
1954,2024-07-19 18:49:07.298013+00:00,BAE SYSTEMS BOFORS HOLDING COMPANY,165
1955,2024-07-19 19:01:57.401860+00:00,BAYSHORE HEALTHCARE,166
1956,2024-07-19 19:01:57.401860+00:00,BAYSHORE HEALTH CARE,166
1957,2024-07-19 19:01:57.401860+00:00,BAYSHORE HEALTCARE,166
1958,2024-07-19 19:01:57.401860+00:00,BAYSHORE HEALTH,166
1959,2024-07-19 19:03:16.684339+00:00,BAYSHORE HEALTHCARE OTTAWA,166
1960,2024-07-19 19:03:16.684339+00:00,BAYSHORE HEALTHCARE BAYSHORE SOINS SANTE,166
1961,2024-07-19 19:03:16.684339+00:00,BAYSHORE HOME HEALTH,166
1962,2024-07-19 19:03:16.684339+00:00,BAYSHORE HEALTH CARE WINNIPEG,166
1963,2024-07-19 19:03:16.684339+00:00,BAYSHORE HEALTH SERVICES,166
1964,2024-07-19 19:03:16.684339+00:00,BAYSHORE HOME HEALTH NEPEAN,166
1965,2024-07-19 19:34:53.396664+00:00,BELL,167
1966,2024-07-19 19:34:53.396664+00:00,BELL CA,167
1967,2024-07-19 19:34:53.396664+00:00,BELL CDA,167
1968,2024-07-19 19:34:53.396664+00:00,BELL MTS,167
1969,2024-07-19 19:34:53.396664+00:00,BELL MEDIA,167
1970,2024-07-19 19:34:53.396664+00:00,BELL CANADA BELL CANADA,167
1971,2024-07-19 19:34:53.396664+00:00,BELL CANADA,167
1972,2024-07-19 19:34:53.396664+00:00,BELL MOBILITE,167
1973,2024-07-19 19:34:53.396664+00:00,BELL MOBILITY,167
1974,2024-07-19 19:34:53.396664+00:00,BELL WIRELESS,167
1975,2024-07-19 19:34:53.396664+00:00,BELL EXPRESSVU,167
1976,2024-07-19 19:34:53.396664+00:00,BELL TELEPHONE,167
1977,2024-07-19 19:34:53.396664+00:00,BELL EXPRESS VU,167
1978,2024-07-19 19:34:53.396664+00:00,BELL MOBILITY DBA,167
1979,2024-07-19 19:35:36.400321+00:00,BELL ALIANT,167
1980,2024-07-19 19:37:34.278494+00:00,BELL ALIANT REGIONAL,167
1981,2024-07-19 19:37:34.278494+00:00,BELL CANADABELL NEXXIA,167
1982,2024-07-19 19:37:34.278494+00:00,BELL CANADA OTTAWA,167
1983,2024-07-19 19:37:34.278494+00:00,BELL NEXXIA,167
1984,2024-07-19 19:37:34.278494+00:00,BELL DISTRIBUTION,167
1985,2024-07-19 20:53:58.156208+00:00,29699899 QUEBEC SIRCO,168
1986,2024-07-19 23:23:05.633565+00:00,ACCENTURE,169
1987,2024-07-19 23:23:05.633565+00:00,ACCENTURE ACCENTURE,169
1988,2024-07-19 23:23:05.633565+00:00,ACCENTURE CANADA,169
1989,2024-07-19 23:28:23.252662+00:00,ACCENTURE CANADA HOLDINGS,169
1990,2024-07-22 11:16:04.226338+00:00,UNITED STATES DEPARTMENT NAVY,171
1991,2024-07-22 11:16:04.226338+00:00,UNITED STATES DEPARTMENT NAVY NAVICP,171
1992,2024-07-22 11:16:04.226338+00:00,UNITED STATES DEPARTMENT NAVY NAVSEA,171
1993,2024-07-22 11:16:04.226338+00:00,UNITED STATES DEPARTMENT NAVY NAVAIR,171
1994,2024-07-22 11:16:04.226338+00:00,UNITED STATES DEPARTMENT NAVY MISC,171
1995,2024-07-22 11:16:04.226338+00:00,UNITED STATES DEPARTEMENT NAVY,171
1996,2024-07-22 11:16:04.226338+00:00,UNITED STATES DEPARTMENT NAVY SPAWAR,171
1997,2024-07-22 11:16:04.226338+00:00,UNITED STATES DEPARTMENT NAVY NETSAFA,171
1998,2024-07-22 11:16:04.226338+00:00,UNITED STATES DEPARTEMENT NAVY NAVAIR,171
1999,2024-07-22 11:16:40.076955+00:00,US NAVY,171
2000,2024-07-22 11:17:56.302907+00:00,UNITED STATES AIR FORCE,172
2001,2024-07-22 11:17:56.302907+00:00,UNITED STATES DEPARTMENT AIR FORCE,172
2002,2024-07-22 11:17:56.302907+00:00,UNITED STATES DEPARTMENT AIR FORCES,172
2003,2024-07-22 11:17:56.302907+00:00,UNITED STATES DEPARTMENT AIR FORCE AFSAT,172
2004,2024-07-22 11:17:56.302907+00:00,UNITED STATES DEPARTMENT AIR FORCE AFSAC,172
2005,2024-07-22 11:17:56.302907+00:00,UNITED STATES DEPARTMENT AIR FORCE SAFIA,172
2006,2024-07-22 11:17:56.302907+00:00,UNITED STATES DEPARTEMENT AIR FORCE AFSAC,172
2007,2024-07-22 11:17:56.302907+00:00,UNITED STATES DEPARTMENT AIRFORCE,172
2008,2024-07-22 11:17:56.302907+00:00,UNITED STATES DEPARTMENT AIR FORCES AFSAC,172
2009,2024-07-22 11:17:56.302907+00:00,UNITED STATES DEPARTMENT AIR FORCEAFSEC,172
2010,2024-07-22 11:17:56.302907+00:00,UNITED STATES DEPARTEMENT AIR FORCES AFSAC,172
2011,2024-07-22 11:18:08.678145+00:00,UNITED STATES NAVY,171
2012,2024-07-22 11:19:24.364090+00:00,UNITED STATES DEPARTMENT ARMY ARMY,173
2013,2024-07-22 11:19:24.364090+00:00,UNITED STATES DEPARTMENT ARMY,173
2014,2024-07-22 11:19:24.364090+00:00,VV009 UNITED STATES DEPARTMENT ARMY,173
2015,2024-07-22 11:19:24.364090+00:00,UNITED STATES DEPARTMENT ARMY USASAC,173
2016,2024-07-22 11:19:24.364090+00:00,UNITED STATES DEPARTMENT ARMY TRADOC,173
2017,2024-07-22 11:31:31.955262+00:00,3M COGENT,35
2018,2024-07-22 11:31:31.955262+00:00,3M CANADA KEN SYMNS,35
2019,2024-07-22 11:31:31.955262+00:00,3M CANADA HEALTHCARE,35
2020,2024-07-22 11:31:31.955262+00:00,3M ABRASIVES SYSTEMS DIVISION,35
2021,2024-07-22 11:31:31.955262+00:00,3M TECHNICAL CERAMICS GERMANY,35
2022,2024-07-22 11:32:38.432356+00:00,KEN SYMNS 3M CANADA,35
2023,2024-07-22 11:35:12.238546+00:00,ABB EMOBILITY,77
2024,2024-07-22 11:35:12.238546+00:00,ABB ENTERPRISE SOFTWARE,77
2025,2024-07-22 11:35:12.238546+00:00,ABB INDUSTRIAL SOLUTIONS,77
2026,2024-07-22 11:39:14.427446+00:00,ALLTECK,37
2027,2024-07-22 11:39:14.427446+00:00,ALLTECK PARTNERSHIP,37
2028,2024-07-22 11:41:43.811888+00:00,AMTEK,63
2029,2024-07-22 11:43:27.499764+00:00,ANIXTER,72
2030,2024-07-22 11:43:27.499764+00:00,ANIXTER UK,72
2031,2024-07-22 11:43:27.499764+00:00,ANIXTER CDA,72
2032,2024-07-22 11:43:27.499764+00:00,ANIXTER CANDA,72
2033,2024-07-22 11:43:27.499764+00:00,ANIXSTER,72
2034,2024-07-22 11:43:27.499764+00:00,ANIXTER CANDAA,72
2035,2024-07-22 11:43:27.499764+00:00,ANIXTER OTTAWA,72
2036,2024-07-22 11:43:27.499764+00:00,ANIXER,72
2037,2024-07-22 11:43:27.499764+00:00,ANIXTER CANADAINC,72
2038,2024-07-22 11:43:27.499764+00:00,ANTIXTER CANADA,72
2039,2024-07-22 11:43:27.499764+00:00,ANXTER CANADA,72
2040,2024-07-22 11:43:27.499764+00:00,ANXITER CANADA,72
2041,2024-07-22 11:45:17.483932+00:00,ARAMARK QUEBEC,113
2042,2024-07-22 11:45:17.483932+00:00,ARAMARK CANADA,113
2043,2024-07-22 11:45:17.483932+00:00,ARAMARK REMOT SERVICES,113
2044,2024-07-22 11:45:17.483932+00:00,ARAMARK SPORTS ENTERTAINMENT SERVICES,113
2045,2024-07-22 11:46:02.071841+00:00,ARTIC PETROLEUM SERVICES,125
2046,2024-07-22 11:46:39.258128+00:00,ASCENT HELICOPTER,130
2047,2024-07-22 11:47:54.418596+00:00,ASTELLAS PHARMA CANADA,134
2048,2024-07-22 11:53:41.657265+00:00,BAE SYSTEM,165
2049,2024-07-22 11:53:41.657265+00:00,BAE SYSTEMS,165
2050,2024-07-22 11:53:41.657265+00:00,BAE LAND SYSTEMS,165
2051,2024-07-22 11:53:41.657265+00:00,BAE SYSTEMS CANADA,165
2052,2024-07-22 11:53:41.657265+00:00,BAE SYSTEMS DETICA,165
2053,2024-07-22 11:53:41.657265+00:00,BAE SYSTEMS OVERSEAS,165
2054,2024-07-22 11:53:41.657265+00:00,BAE SYSTEMS PROJECTS,165
2055,2024-07-22 11:53:41.657265+00:00,BAE SYSTEMS HAGGLUNDS,165
2056,2024-07-22 11:53:41.657265+00:00,BAE SYSTEMS AEROSPACE,165
2060,2024-07-22 11:53:52.771693+00:00,BAE SYSTEMS TSS,165
2057,2024-07-22 11:53:41.657265+00:00,BAE SYSTEMS AUSTRALIA,165
2058,2024-07-22 11:53:41.657265+00:00,BAE SYSTEMS OPERATIONS,165
2059,2024-07-22 11:53:41.657265+00:00,BAE SYSTEMS INFORMATION,165
2869,2024-07-25 16:33:27.035965+00:00,BUREAU VERITAS CANADABURNABY,236
2870,2024-07-25 16:33:27.035965+00:00,BUREAU VERITAS COMMODITIES CANADA,236
2871,2024-07-25 16:33:27.035965+00:00,BUREAU VERITAS,236
2872,2024-07-25 16:33:27.035965+00:00,BUREAU VERITAS COMMODITIES CANADA L,236
2873,2024-07-25 16:33:27.035965+00:00,BUREAU VERITAS BURKINA FASO,236
2874,2024-07-25 16:33:27.035965+00:00,BUREAU VERITAS LABORATORIES,236
2875,2024-07-25 16:33:27.035965+00:00,BUREAU VERITAS NORTH AMERICA,236
2876,2024-07-25 16:33:27.035965+00:00,BUREAU VERITAS CONSULTINGSHANGHAI,236
2877,2024-07-25 16:33:27.035965+00:00,BUERAU VERITAS,236
2878,2024-07-25 16:33:27.035965+00:00,BUREAU VARITAS NORTH AMERICA,236
2879,2024-07-25 16:33:27.035965+00:00,BUREAU VERITAS LABORATORIES MAXXAM ANALYTICS,236
2891,2024-07-25 16:34:46.208696+00:00,BARBARA PERSONNEL,238
3189,2024-07-25 16:59:23.064630+00:00,CANADIAN MARITIME ENGINEERING,278
3190,2024-07-25 16:59:23.064630+00:00,CANADIAN MARITIME ENGINEERINGAL,278
3191,2024-07-25 16:59:23.064630+00:00,CANADIAN MARITIME ENGINGEERING,278
3192,2024-07-25 16:59:23.064630+00:00,CANADIAN MARITIMEENGINEERING,278
3193,2024-07-25 16:59:23.064630+00:00,CANADIAN MARITIME ENGNEERING,278
3194,2024-07-25 16:59:23.064630+00:00,CANDIAN MARITIME ENGINEERING,278
3195,2024-07-25 16:59:23.064630+00:00,CANADIAN MARITIME ENGINEERING LIMIT,278
3196,2024-07-25 16:59:23.064630+00:00,CANADIAN MARITIME ENGINNERING,278
3197,2024-07-25 16:59:23.064630+00:00,CANADIAN MARITIME ENGINEERING LIMIT ED,278
3198,2024-07-25 16:59:23.064630+00:00,CANADIAN MARITIME ENGINEERING VICTORIA,278
3199,2024-07-25 16:59:23.064630+00:00,CANADIAN MARITIME ENGINEERING DARTMOUTH,278
3200,2024-07-25 16:59:23.064630+00:00,CANADIAN MARITIMET ENG,278
3201,2024-07-25 16:59:23.064630+00:00,CANDADIAN MARITMINE ENGINEERING,278
3202,2024-07-25 16:59:23.064630+00:00,1413814 ONTARIO OPERATING AS CANADIAN MARITIME ENGINEERING,278
3203,2024-07-25 16:59:23.064630+00:00,CANADIAN MARITIME ENGINEERING COATINGS WOOSDSIDE DIVISION,278
3340,2024-07-25 20:04:41.203537+00:00,NETAGEN,289
3341,2024-07-25 20:04:41.203537+00:00,NETAGEN COMMUNICATION,289
3450,2024-07-26 12:55:57.214400+00:00,CORRECTONS SERVICES CANADA,296
3491,2024-07-26 19:26:06.298333+00:00,PETROVALUE,305
3492,2024-07-26 19:26:06.298333+00:00,PETRO VALUE,305
3493,2024-07-26 19:26:06.298333+00:00,PETROVALUE CANADA,305
3494,2024-07-26 19:26:06.298333+00:00,PETROVALUE PRODUCTS,305
3495,2024-07-26 19:26:06.298333+00:00,PETROVALUE PRODUCTS CANADA,305
3496,2024-07-26 19:26:06.298333+00:00,PETROVALUE PRODUTCS CANADA,305
3497,2024-07-26 19:26:06.298333+00:00,PETROVALUE PRIDUCTS CANADA,305
3498,2024-07-26 19:26:06.298333+00:00,PETRO VALUE PRODUCTS,305
3499,2024-07-26 19:26:06.298333+00:00,PETROVALUE PRODUCTS CANDADA,305
3500,2024-07-26 19:26:06.298333+00:00,PETRO VALUE PRODUCT CANADA,305
3501,2024-07-26 19:27:17.320699+00:00,PETROLVALUE PRODUCTS CANADA,305
3502,2024-07-26 19:27:17.320699+00:00,PETRO VALUE PRODUCTS CANADA,305
3503,2024-07-26 19:27:17.320699+00:00,PETOVALUE PRODUCTS CANADA,305
3504,2024-07-26 19:27:17.320699+00:00,PETTOVALUE PRODUCTS CANADA,305
3505,2024-07-26 19:27:17.320699+00:00,PETROVALIE PRODUCTS CANADA,305
3506,2024-07-26 19:27:17.320699+00:00,PETROVAULE PRODUCTS CANADA,305
3507,2024-07-26 19:27:17.320699+00:00,PETROVLAUE PRODUCTS CANADA,305
3508,2024-07-26 19:31:44.685753+00:00,PMG TECHNOLOGIES,306
3628,2024-07-26 20:16:47.988848+00:00,WORLD FUEL SERVICES,315
3629,2024-07-26 20:16:47.988848+00:00,WORLD FUEL SERVICES SERVICES,315
3630,2024-07-26 20:16:47.988848+00:00,WORLD FUELS SERVICES,315
3631,2024-07-26 20:16:47.988848+00:00,WORL FUEL SERVICES,315
3632,2024-07-26 20:16:47.988848+00:00,WORLD FUEL SERVICE,315
3633,2024-07-26 20:16:47.988848+00:00,WORLD FUEL SERVICES PTE,315
3634,2024-07-26 20:16:47.988848+00:00,WORLF FUEL SERVICES,315
3635,2024-07-26 20:16:47.988848+00:00,WORLS FUEL SERVICES,315
3636,2024-07-26 20:16:47.988848+00:00,WORLD FUEL SERICES,315
3637,2024-07-26 20:16:47.988848+00:00,WORLD FUEL SERVIES,315
3638,2024-07-26 20:16:47.988848+00:00,WORLD FUEL SERVICES ITALY,315
3639,2024-07-26 20:16:47.988848+00:00,WORLD FUEL SERVICES CANAD,315
3640,2024-07-26 20:16:47.988848+00:00,WORLD FUEL SERVICES CNADA,315
3641,2024-07-26 20:16:47.988848+00:00,WORLD FUEL FLIGHT SERVICES,315
3642,2024-07-26 20:16:47.988848+00:00,WORLD FUEL SERVICES KENYA,315
3643,2024-07-26 20:16:47.988848+00:00,WORLD FUEL SERVICES FRANCE,315
3644,2024-07-26 20:16:47.988848+00:00,WORLD FUEL CANADA SERVICES,315
3645,2024-07-26 20:16:47.988848+00:00,WORLD FUEL SERVICES EUROPE,315
3646,2024-07-26 20:16:47.988848+00:00,WORLD FUEL SERVICES MEXICO,315
3647,2024-07-26 20:16:47.988848+00:00,WORLD FUEL SERVICES CANADA,315
3648,2024-07-26 20:16:47.988848+00:00,WORLD FULE SERVICES,315
3649,2024-07-26 20:16:47.988848+00:00,WORLD FUEL SERVICES TRADING,315
3650,2024-07-26 20:16:47.988848+00:00,WORLD FUEL SERVICES CANAFDA,315
3651,2024-07-26 20:16:47.988848+00:00,WORLD FUEL SERVICES AVAITION,315
3652,2024-07-26 20:16:47.988848+00:00,WORLD FUEL SERVICES AVIATION,315
3653,2024-07-26 20:16:47.988848+00:00,WORLD FUEL SERIVCES,315
3654,2024-07-26 20:16:47.988848+00:00,WOLRD FUEL SERVICES,315
3655,2024-07-26 20:16:47.988848+00:00,WORLDS FUEL SERVICES CANADA,315
3656,2024-07-26 20:16:47.988848+00:00,WORLD FUEL SERVICESA CANADA,315
3657,2024-07-26 20:16:47.988848+00:00,WORLDD FUEL SERVICES CANADA,315
3658,2024-07-26 20:16:47.988848+00:00,WORLD FUEL SERVICES CANADA UCL,315
3659,2024-07-26 20:16:47.988848+00:00,WORLD FUEL COMMODITIES SERVICES,315
3660,2024-07-26 20:16:47.988848+00:00,WORLD FUEL SERVICES CANADA ILC,315
3661,2024-07-26 20:16:47.988848+00:00,WORLD FUEL SERVICES EUROPE LTS,315
3662,2024-07-26 20:16:47.988848+00:00,WORLD SERVICE FUEL CANADA,315
3663,2024-07-26 20:16:47.988848+00:00,WORLD FUEL SERVICE EUROPE,315
3664,2024-07-26 20:16:47.988848+00:00,WORLD FUEL SERVICE CANADA,315
3665,2024-07-26 20:16:47.988848+00:00,WORLD FUEL SERVICES TADING DMCC,315
3666,2024-07-26 20:16:47.988848+00:00,WORDL FUEL SERVICE,315
3667,2024-07-26 20:16:47.988848+00:00,WORLD FUEL COMMODITITES SERVICES,315
3668,2024-07-26 20:16:47.988848+00:00,WORLD FUEL COMMOPDITIES SERVICES,315
3669,2024-07-26 20:16:47.988848+00:00,WORL FUEL SERVICES TRADING,315
3670,2024-07-26 20:16:47.988848+00:00,WORLD FUEL SERVICES TRADING DMCC,315
3671,2024-07-26 20:16:47.988848+00:00,WORLD FUEL SERVICES SINGAPORE PTE,315
3672,2024-07-26 20:16:47.988848+00:00,WORLD FUEL SEVICES CANADA,315
3673,2024-07-26 20:16:47.988848+00:00,WORD FUEL SERVICES CANADA,315
3674,2024-07-26 20:16:47.988848+00:00,WORLD FUEL SERVCES CANADA,315
2061,2024-07-22 11:54:44.485826+00:00,BOFORS,165
2880,2024-07-25 16:34:07.995467+00:00,CANSEL,235
2902,2024-07-25 16:38:51.352557+00:00,CANADA NEWSWIRE,245
2903,2024-07-25 16:38:51.352557+00:00,CANADA NEWSWIRE LTS,245
2938,2024-07-25 16:40:09.150601+00:00,MAXXAM,236
2952,2024-07-25 16:41:35.504574+00:00,CACHE CONSULTING,250
2953,2024-07-25 16:41:35.504574+00:00,CACHE CONSULTING CORPO,250
2954,2024-07-25 16:41:35.504574+00:00,CACHE COMPUTER CONSULTING,250
2955,2024-07-25 16:41:35.504574+00:00,CASHE CONSULTING,250
2956,2024-07-25 16:41:35.504574+00:00,CACHE COMPUTER CONSULTING CORPS,250
2958,2024-07-25 16:42:03.217787+00:00,CACHE COMPUTER CONSULTING GROUP,250
2960,2024-07-25 16:42:18.754903+00:00,CACHE COMPUTER,250
2962,2024-07-25 16:42:29.861618+00:00,CISION,252
2963,2024-07-25 16:42:29.861618+00:00,CISION CA,252
2964,2024-07-25 16:42:29.861618+00:00,CISION US,252
2965,2024-07-25 16:42:29.861618+00:00,CISION CAN,252
2966,2024-07-25 16:42:29.861618+00:00,CISION CDA,252
2967,2024-07-25 16:42:29.861618+00:00,CISION CANDA,252
2968,2024-07-25 16:42:29.861618+00:00,CISION GROUP,252
2969,2024-07-25 16:42:29.861618+00:00,CISION CANADA,252
2970,2024-07-25 16:42:29.861618+00:00,CISION QUEBEC,252
2971,2024-07-25 16:42:29.861618+00:00,CISION QUEBEC RTV,252
3045,2024-07-25 16:44:20.939148+00:00,FEDERAL FLEET SERVICES,254
3046,2024-07-25 16:44:20.939148+00:00,FEDERAL FLEET SERVICES SERVICES FLOTTE FEDERAL,254
3047,2024-07-25 16:44:25.980395+00:00,CEDROM SNI,252
3048,2024-07-25 16:44:25.980395+00:00,CEDROM,252
3049,2024-07-25 16:44:25.980395+00:00,CEDROMSNI,252
3050,2024-07-25 16:44:25.980395+00:00,CERDON SNI,252
3051,2024-07-25 16:44:25.980395+00:00,CEDROMSNI ARCHITECTES LINFORMATION,252
3244,2024-07-25 17:37:38.352556+00:00,FISHER SCIENTIFIC,281
3245,2024-07-25 17:37:38.352556+00:00,FISHER SCIENTIF,281
3246,2024-07-25 17:37:38.352556+00:00,FISCHER SCIENTIFIC,281
3247,2024-07-25 17:37:38.352556+00:00,THERMO FISHER SCIENTIFIC,281
3248,2024-07-25 17:37:38.352556+00:00,FISHER SCIENTIFC,281
3249,2024-07-25 17:37:38.352556+00:00,FISHER SCIENTIFIQUE,281
3250,2024-07-25 17:37:38.352556+00:00,FISHER SCIENTIFIC CANADA,281
3251,2024-07-25 17:37:38.352556+00:00,FISHER SCIENTIFIC NEPEAN,281
3252,2024-07-25 17:37:38.352556+00:00,FISHER SCIENTIFIC COMPANY,281
3253,2024-07-25 17:37:38.352556+00:00,FISHER SCIENTIFIC CO 915660,281
3254,2024-07-25 17:37:38.352556+00:00,FISHER SCIENTIFIC INSTRUMENT,281
3255,2024-07-25 17:37:38.352556+00:00,THERMOFISHER SCIENTIFIC,281
3256,2024-07-25 17:37:38.352556+00:00,FISHER SCEINTIFIC,281
3257,2024-07-25 17:37:38.352556+00:00,FISHER SCIENTIQUE,281
3258,2024-07-25 17:37:38.352556+00:00,FISHER SCIENTIFIC MISSISSAUGA,281
3259,2024-07-25 17:37:38.352556+00:00,PART THERMO FISHER SCIENTIFIC,281
3260,2024-07-25 17:37:38.352556+00:00,FISHER SCIENTIFICS COMPANY,281
3261,2024-07-25 17:37:38.352556+00:00,FISHER SCIENTIFIC COMPANYSOCIETE,281
3262,2024-07-25 17:37:38.352556+00:00,FISCHER SCIENTIFIC COMPANY,281
3263,2024-07-25 17:37:38.352556+00:00,FISHER SCIENTIFIC COMPANYSOCIETE F,281
3264,2024-07-25 17:37:38.352556+00:00,THERMO FISHER SCIENTIFIC MISSISSAU,281
3265,2024-07-25 17:37:38.352556+00:00,THERMO FISHER SCIENTIFIC CHEMICALS,281
3266,2024-07-25 17:37:38.352556+00:00,FISHER SCIENTIFIC MONTREAL BRANCH,281
3267,2024-07-25 17:37:38.352556+00:00,THERMO FISHER SCIENTIFIC CO 915320,281
3268,2024-07-25 17:37:38.352556+00:00,THERMO FISHER SCIENTIFIC MISSISSAUG,281
3269,2024-07-25 17:37:38.352556+00:00,THERMO FISHER SCIENTIFIC MISSISSAUGA,281
3270,2024-07-25 17:37:38.352556+00:00,THERMO FISHER SCIENTIFIC MISSISSAGUA,281
3271,2024-07-25 17:37:38.352556+00:00,THERMO FISHER SCIENTIFIC MISSISSAUG A,281
3272,2024-07-25 17:37:38.352556+00:00,FISHER SCIENTIFIC COMPANYSOCIETE FISHER SCIENTIFIQUE,281
3273,2024-07-25 17:37:38.352556+00:00,FISHER SCIENTIFIC COMPANY SOCIETE FISHER SCIENTIFIQUE,281
3274,2024-07-25 17:37:38.352556+00:00,FISHER SCIENTIFIC COMPANYSOCIETE F SCIENTIFIQUE,281
3275,2024-07-25 17:37:38.352556+00:00,FISHER SCIENTIFIC LABORATORY EQUIPMENT,281
3276,2024-07-25 17:37:38.352556+00:00,THERMOFISHER SCIENTIFIC MISSISSAUGA,281
3280,2024-07-25 17:37:58.700905+00:00,FISHER,281
3284,2024-07-25 17:39:22.815762+00:00,LIFE TECHNOLOGIES,281
3285,2024-07-25 17:39:22.815762+00:00,LIFE TECHNOLOGIES TECHNOLOGIES LIFE,281
3286,2024-07-25 17:39:22.815762+00:00,LIFE TECHONOLOGIES,281
3292,2024-07-25 17:42:23.728409+00:00,ALFA AESAR,281
3342,2024-07-25 20:07:30.528475+00:00,INFOSYS PUBLIC SERVICES,291
3343,2024-07-25 20:07:30.528475+00:00,INFOSYS SYSTEM PUBLIC SERVICES,291
3451,2024-07-26 14:26:19.815415+00:00,ENGLOBE IYON KECHIKA CONTRACTING IN JOINT VENTURE,293
3509,2024-07-26 19:39:58.285764+00:00,PROJET RESOLVE PROJECT RESOLVE,307
3675,2024-07-26 20:16:47.988848+00:00,WORLD JUEL SERVICES CANADA,315
3676,2024-07-26 20:16:47.988848+00:00,WORLD FULE SERVICES EUROPE,315
3677,2024-07-26 20:16:47.988848+00:00,WORLD SERVICES CANADA,315
3678,2024-07-26 20:16:47.988848+00:00,WORLD FUEL,315
3679,2024-07-26 20:16:47.988848+00:00,WORLD FUELS SERVICES SINGAPORE PTE,315
3680,2024-07-26 20:16:47.988848+00:00,WORLD FUELS SERVIOCES CANADA,315
3681,2024-07-26 20:16:47.988848+00:00,WOPRLD FUEL COMMODITIES SERVICES,315
3682,2024-07-26 20:16:47.988848+00:00,WORLD FEUL SERVICES CANADA,315
3683,2024-07-26 20:16:47.988848+00:00,WORLD FUEL COMMODITIES SERVICES IRELAND,315
3684,2024-07-26 20:16:47.988848+00:00,WORLD FUEL SERVIES TRADING DMCC,315
3685,2024-07-26 20:16:47.988848+00:00,WOLRD FUEL COMMODITIES SERVICES,315
3686,2024-07-26 20:16:47.988848+00:00,WORLD FUELS,315
3687,2024-07-26 20:16:47.988848+00:00,WORLD FUE,315
3688,2024-07-26 20:16:47.988848+00:00,SERVICE FUEL SERVICE CANADA,315
3689,2024-07-26 20:16:47.988848+00:00,WORL FUEL,315
3690,2024-07-26 20:16:47.988848+00:00,WORLS FUEL,315
3691,2024-07-26 20:16:47.988848+00:00,WORLF FUEL,315
3692,2024-07-26 20:16:47.988848+00:00,WORLD FUEL EUROPE,315
3693,2024-07-26 20:16:47.988848+00:00,WORLD FUEL CANADA,315
3784,2024-07-26 20:36:58.312825+00:00,ATCO STRUCTURES LOGISTICS,320
3785,2024-07-26 20:36:58.312825+00:00,ATCO STRUCTURES LOGISTICS SERVICE,320
3786,2024-07-26 20:36:58.312825+00:00,ATCO STRUCTURES LOGISTICS SERVICES,320
3787,2024-07-26 20:36:58.312825+00:00,ATCO STRUCTURES LOGISTICS OTTAWA,320
3788,2024-07-26 20:36:58.312825+00:00,ATCO STRUCTURES LOGISTICS CALGARY,320
3789,2024-07-26 20:36:58.312825+00:00,ATCO STRUCTURES LOGISTICS PRAIRIE,320
3790,2024-07-26 20:36:58.312825+00:00,ATCO STRUCTURE LOGISTICS SERVICES,320
3791,2024-07-26 20:36:58.312825+00:00,ACTO STRUCTURES LOGISTICS,320
3792,2024-07-26 20:36:58.312825+00:00,ATCO STRUCTURAL LOGISTICS SERVICES,320
3793,2024-07-26 20:36:58.312825+00:00,ATCO STRUCTURES,320
3794,2024-07-26 20:36:58.312825+00:00,ATCO STRUCTURES CALGARY,320
2062,2024-07-22 11:56:53.286545+00:00,BMC,124
2063,2024-07-22 11:56:53.286545+00:00,BMC SOFTWARE DISTRIBUTION,124
2064,2024-07-22 11:56:53.286545+00:00,BMC SOFTWARE CANADA USE 1001,124
2066,2024-07-22 12:02:33.065259+00:00,BMT GROUP SERVICES,129
2067,2024-07-22 12:06:08.277402+00:00,CSMG,95
2068,2024-07-22 12:08:40.203375+00:00,BAXTER INTERNATIONAL,43
2069,2024-07-22 12:10:02.061125+00:00,BAYER CROPSCIENCE,7
2070,2024-07-22 12:10:02.061125+00:00,BAYER CROP SCIENCE,7
2071,2024-07-22 12:11:04.426346+00:00,BAYSHORE MEDICAL PERSONNEL,166
2072,2024-07-22 12:12:59.212246+00:00,BELL CONFERENCING,167
2073,2024-07-22 12:12:59.212246+00:00,BELL ALIANT HALIFAX,167
2074,2024-07-22 12:12:59.212246+00:00,BELL MOBILITE RADIO,167
2075,2024-07-22 12:12:59.212246+00:00,BELL CANADA OTTAWAON,167
2076,2024-07-22 12:12:59.212246+00:00,BELL MTS WINNIPEG MAN,167
2077,2024-07-22 12:12:59.212246+00:00,BELL MOBILITY PAGING,167
2078,2024-07-22 12:12:59.212246+00:00,BELL MOBILITY CENTER,167
2079,2024-07-22 12:15:16.148236+00:00,BIRD DESIGNBUILD,90
2080,2024-07-22 12:16:22.811912+00:00,BIRD CONSTRUCTION COMPANY ETOBICOKE,90
2081,2024-07-22 12:16:22.811912+00:00,BIRD DESIGNBUILD CONSTRUCTION,90
2082,2024-07-22 12:16:22.811912+00:00,BIRD CONSTRUCTION COMPANY WINNIPEG,90
2083,2024-07-22 12:16:22.811912+00:00,BIRD CONSTRUCTION COMPANY NOVA SCOTIA,90
2084,2024-07-22 12:23:17.810563+00:00,CDW,118
2085,2024-07-22 12:23:17.810563+00:00,SCALAR A CDW COMPANY,118
2086,2024-07-22 12:23:17.810563+00:00,CDW CANADA CORPORTATION,118
2087,2024-07-22 12:23:17.810563+00:00,CDW CDA,118
2088,2024-07-22 12:23:34.201429+00:00,SCALAR DECISIONS,118
2091,2024-07-22 12:27:38.752633+00:00,CGI,121
2092,2024-07-22 12:27:38.752633+00:00,CGI CANADA,121
2093,2024-07-22 12:30:19.437031+00:00,CGI CGI,121
2094,2024-07-22 12:30:19.437031+00:00,CGI GROUP,121
2095,2024-07-22 12:54:20.181358+00:00,CUBIC SIMULATION SYSTEMS,61
2096,2024-07-22 12:54:20.181358+00:00,CUBIC FIELD SERVICES CANADA,61
2097,2024-07-22 12:54:20.181358+00:00,CUBIC TRANSPORTATION SYSTEMS,61
2098,2024-07-22 12:54:20.181358+00:00,CUBIC TRANSPORTATION SYSTEMS CANADA,61
2099,2024-07-22 12:59:19.647701+00:00,EBSO,159
2100,2024-07-22 12:59:19.647701+00:00,EBSC CANADA,159
2101,2024-07-22 13:00:52.522190+00:00,ELLISDON CIVIL CHANT,158
2102,2024-07-22 13:00:52.522190+00:00,ELLISDON IN JOINT VENTURE WITH NCC DOWLAND,158
2103,2024-07-22 13:04:50.235225+00:00,FLATIRON,42
2104,2024-07-22 13:06:57.755825+00:00,FLEETWAY FACILITY SERVICES,76
2105,2024-07-22 13:06:57.755825+00:00,FLEETWAY CONSULTING SERVICES,76
2106,2024-07-22 13:08:36.386523+00:00,FUJITSU NORTH AMERICA,89
2107,2024-07-22 13:08:36.386523+00:00,FUJITSU SOFTWARE TECHNOLOGY,89
2108,2024-07-22 13:08:36.386523+00:00,FUJITSU NETWORK COMMUNICATIONS,89
2109,2024-07-22 13:08:36.386523+00:00,FUJITSU INTELLIGENCE TECHNOLOGY,89
2110,2024-07-22 13:08:36.386523+00:00,FUJITSU TECHNOLOGY SOLUTIONS CANADA,89
2111,2024-07-22 13:08:36.386523+00:00,DMR UNE DIVISION FUJITSU CONSEIL CANADA,89
2112,2024-07-22 13:08:36.386523+00:00,DMR CONSEIL UNE DIVISION FUJITSU CONSEIL CANADA,89
2113,2024-07-22 13:10:41.090297+00:00,DMR CONSEIL,89
2114,2024-07-22 13:10:41.090297+00:00,GROUPE CONSEIL DMR,89
2115,2024-07-22 13:10:56.593723+00:00,DMR CONSEIL UNE DIVISION FUJITSU CONSEIL,89
2116,2024-07-22 13:11:22.753874+00:00,INTELEC GEOMATIQUE UNE DIVISION FUJITSU CONSEIL CANADA,89
2117,2024-07-22 13:11:42.754558+00:00,INTELEC GEOMATIQUE,89
2118,2024-07-22 13:14:15.633123+00:00,GSK,81
1452,2024-07-18 17:21:37.294127+00:00,GENERAL DYNAMICS LAND SYSTEMS CANADA,110
1453,2024-07-18 17:21:37.294127+00:00,GENERAL DYNAMICS LAND SYSTEMSCANADA,110
1454,2024-07-18 17:21:37.294127+00:00,GENERAL DYNAMICS LAND SYSTEMSCANADA GENERAL DYNAMICS LAND SYSTEMSCANADA,110
1455,2024-07-18 17:21:37.294127+00:00,GENERAL DYNAMICS LAND SYSTEMCANADA,110
1456,2024-07-18 17:21:37.294127+00:00,GENERAL DYNAMICS LAND SYSTEM CANADA,110
1549,2024-07-18 17:29:59.910198+00:00,GENERAL DYNAMICS LAND SYSTEMS,110
1550,2024-07-18 17:29:59.910198+00:00,GENERAL DYNAMICS,110
1551,2024-07-18 17:29:59.910198+00:00,GENERAL DYNAMICS LAND,110
1645,2024-07-18 19:29:53.631769+00:00,GENERAL DYNAMICS PRODUITS DEFENSE SYSTEMES TACTIQUES CANADA VALLEYFIELD,110
1646,2024-07-18 19:29:53.631769+00:00,GENERAL DYNAMICS PRODUITS DEFENSE SYSTEMES TACTIQUES,110
1647,2024-07-18 19:29:53.631769+00:00,GENERAL DYNAMICS OTS VALLEYFIELD,110
1523,2024-07-18 17:29:11.832971+00:00,GENERAL DYNAMICS ORDNANCE TACTICAL SYSTEMS CANADA,110
1524,2024-07-18 17:29:11.832971+00:00,GENERAL DYNAMICS ORDNANCES TACTICAL SYSTEMS CANADA,110
1525,2024-07-18 17:29:11.832971+00:00,GENERAL DYNAMICS ORDANANCE TACTICAL SYSTEMS CANADA,110
1526,2024-07-18 17:29:11.832971+00:00,GENERAL DYNAMICS ORDANCE TACTICAL SYSTEMS CANADA,110
1527,2024-07-18 17:29:11.832971+00:00,GENERAL DYNAMICS ORDNANCE TACTICAL SYSTEMSCANADA,110
1528,2024-07-18 17:29:11.832971+00:00,GENERAL DYNAMICS ORDNANCE TACTICAL SYSTEMS,110
1529,2024-07-18 17:29:11.832971+00:00,GENERAL DYNAMICES ORDANANCE TACTICAL SYSTEMS CANADA,110
1530,2024-07-18 17:29:11.832971+00:00,GENERAL DYNAMICS ORDNANCA TACTICAL SYSTEMS,110
1531,2024-07-18 17:29:11.832971+00:00,GENERAL DYNAMICS ORDANCE TACTICAL SYSTEMS,110
1532,2024-07-18 17:29:11.832971+00:00,GENARAL DYNAMICS ORDNANCE TACTICAL SYSTEMS,110
1533,2024-07-18 17:29:11.832971+00:00,GENARAL DYNAMIC ORDNANCE TACTICAL SYSTEMSCANADA,110
1534,2024-07-18 17:29:11.832971+00:00,GENERAL DYNAMICS ORDNANCE TACTICAL SYSTEMS GENERAL DYNAMICS PRODUITS DEFENSE SYSTEMES TACTIQUES CANADA,110
1535,2024-07-18 17:29:11.832971+00:00,GENERAL DYNAMICS ORDNANCE TACTICAL SYSTEMS CANADA GENERAL DYNAMICS PRODUITS DEFENSE SYSTEMES TACTIQUES CANADA,110
1536,2024-07-18 17:29:11.832971+00:00,GENERAL DYNAMICS TACTICAL SYSTEMS,110
1537,2024-07-18 17:29:11.832971+00:00,GENERAL DYNAMICS ORDANCE TACTICAL,110
1538,2024-07-18 17:29:11.832971+00:00,GENERAL DYNAMICS MISSION SYSTEMS CANADA GENERAL DYNAMICS MISSION SYSTEMS CANADA,110
1539,2024-07-18 17:29:11.832971+00:00,GENERAL DYNAMICS ORDNANCE,110
1540,2024-07-18 17:29:11.832971+00:00,GENERAL DYNAMICS SYSTEMS,110
1541,2024-07-18 17:29:11.832971+00:00,GENERAL DYNAMICS MISSION SYSTEMSCANADA,110
1542,2024-07-18 17:29:11.832971+00:00,GENERAL DYNAMICS PRODUITS DEFENSE SYSTEMES TACTIQUES CANADA VA,110
2119,2024-07-22 13:27:20.981873+00:00,GENERAL DYNAMIC,110
2120,2024-07-22 13:27:20.981873+00:00,GENARAL DYNAMICS,110
2121,2024-07-22 13:27:20.981873+00:00,GENERAL DYNAMICS MISSION,110
2122,2024-07-22 13:27:20.981873+00:00,GENERAL DYNAMICS EUROPEAN,110
2123,2024-07-22 13:27:20.981873+00:00,GENERAL DYNAMICS C4SYSTEMS,110
2124,2024-07-22 13:27:20.981873+00:00,GENERAL DYNAMCIS,110
2125,2024-07-22 13:27:20.981873+00:00,GENERAL DYNAMICS C4 SYSTEMS,110
2126,2024-07-22 13:27:20.981873+00:00,GENERAL DYNAMICS INFORMATION,110
2536,2024-07-23 17:58:45.981352+00:00,LOCKHEED MARTIN,198
2127,2024-07-22 13:27:20.981873+00:00,GENERAL DYNAMICS MISSION SYSTEM,110
2128,2024-07-22 13:27:20.981873+00:00,GENERAL DYNAMICS MISSION SYSTEMS,110
2129,2024-07-22 13:27:20.981873+00:00,GENERAL DYNAMICS DECISION SYSTEMS,110
2130,2024-07-22 13:27:20.981873+00:00,GENERAL DYNAMICS MISSION SUPPORT,110
2131,2024-07-22 13:27:20.981873+00:00,GENERAL DYNAMICS MISSIONS SYSTEMS,110
2132,2024-07-22 13:27:20.981873+00:00,GENERAL DYNAMICS MISSION SYSTEMS I,110
2133,2024-07-22 13:27:20.981873+00:00,GENERAL DYNMACIS,110
2134,2024-07-22 13:27:20.981873+00:00,GENERAL DYNAMICS MISSION SYSTEMS IN,110
2135,2024-07-22 13:27:20.981873+00:00,GENERAL DYNAMICS SANTA BARBARA SISTEMAS,110
2136,2024-07-22 13:27:20.981873+00:00,GENERAL DYNAMIC MISSION SYSTEMS,110
2137,2024-07-22 13:27:20.981873+00:00,GENERAL DYNAMICS COMMUNICATION SYSTEMS,110
2138,2024-07-22 13:27:20.981873+00:00,GENERAL DYNAMICS MISSION SYSTEMS CANADA,110
2139,2024-07-22 13:27:20.981873+00:00,GENERAL DYNAMICS INFORMATION TECHNOLOGY,110
2140,2024-07-22 13:27:20.981873+00:00,GENERAL DDYNAMICS ADVANCEDTECHNOLOGY,110
2141,2024-07-22 13:27:20.981873+00:00,GENERAL DYNAMICS GLOBAL IMAGING TECHNOLOGIES,110
2142,2024-07-22 13:27:20.981873+00:00,GENERAL DYNAMICS ARMAMENT TECHNICAL PRODUCTS,110
2143,2024-07-22 13:27:20.981873+00:00,GENERAL DYNAMICS ADVANCED INFORMATION SYSTEMS,110
2144,2024-07-22 13:27:20.981873+00:00,GENERAL DYNAMICS INFORMATION TECHNOLOGY CANADA,110
2145,2024-07-22 13:27:20.981873+00:00,GENERAL DYNAMICS ADVANCED INFORMATION SYSTEMS GDAIS,110
2146,2024-07-22 13:29:11.759737+00:00,GD OTS,110
2147,2024-07-22 13:29:11.759737+00:00,GD OTS C,110
2148,2024-07-22 13:29:11.759737+00:00,GD OTS CANADA,110
2149,2024-07-22 13:31:58.649974+00:00,GARDA,99
2150,2024-07-22 13:31:58.649974+00:00,GARDAWORLD,99
2151,2024-07-22 13:31:58.649974+00:00,GARDA WOLRD MENA,99
2152,2024-07-22 13:31:58.649974+00:00,GARDA SECURITY GROUP,99
2153,2024-07-22 13:31:58.649974+00:00,GARDA WORLD SECURITY,99
2154,2024-07-22 13:31:58.649974+00:00,GROUPE SECURITE GARDA,99
2155,2024-07-22 13:31:58.649974+00:00,GARDA SECURITY GROUP GP,99
2156,2024-07-22 13:31:58.649974+00:00,GROUPE SECURITE GARDA GARDA SECURITY GROUP,99
2157,2024-07-22 13:31:58.649974+00:00,GARDAWORLD CASH SERVICE CANADA,99
2892,2024-07-25 16:35:05.402491+00:00,ALPINE HELICOPTERS,241
2899,2024-07-25 16:37:50.762652+00:00,CNW GROUP,245
2900,2024-07-25 16:37:50.762652+00:00,CNWGROUP,245
2904,2024-07-25 16:39:15.698301+00:00,CARAHSOFT,242
2905,2024-07-25 16:39:15.698301+00:00,CARAHSOFT CANADA,242
2906,2024-07-25 16:39:15.698301+00:00,CARAHSOFT ADOBE,242
2907,2024-07-25 16:39:15.698301+00:00,CARAH SOFT,242
2908,2024-07-25 16:39:15.698301+00:00,CARASOFT,242
2909,2024-07-25 16:39:15.698301+00:00,CARAHSOFT US COMPANY,242
2910,2024-07-25 16:39:15.698301+00:00,CARAHSOFT TECHNOLOGY,242
2911,2024-07-25 16:39:15.698301+00:00,CARAHSOFT TECHNOLOGIES,242
2912,2024-07-25 16:39:15.698301+00:00,CARASOFT TECH,242
2913,2024-07-25 16:39:15.698301+00:00,CARAHSOFT TECHNOLOGY ADOBE,242
2914,2024-07-25 16:39:15.698301+00:00,CARAHSOFT TECHNOLOGY RESTONVA,242
2915,2024-07-25 16:39:15.698301+00:00,CARAHSOFT TECHNOLOGY SOLUTIONS,242
2916,2024-07-25 16:39:15.698301+00:00,CARAHSOFT TECHNOLOGY CO SOFTCHOICE,242
2917,2024-07-25 16:39:15.698301+00:00,CARASOFT TECHNOLOGY,242
2918,2024-07-25 16:39:15.698301+00:00,CARAHSOFTADOBE COMPUMSTR IINC,242
2919,2024-07-25 16:39:15.698301+00:00,DELOITTE FOR CARAHSOFT TECHNOLOGY,242
2920,2024-07-25 16:39:15.698301+00:00,CARASHOFT TECHNOLOGY,242
2959,2024-07-25 16:42:07.381683+00:00,BARDON SUPPLIES BLVL,247
3016,2024-07-25 16:43:00.875479+00:00,CARLETON UNIVERSITY,249
3017,2024-07-25 16:43:00.875479+00:00,CARLETON UNIVERSITY SCHOOL,249
3018,2024-07-25 16:43:00.875479+00:00,CARLETON UNIVERSITY RESEARCH OFFICE,249
3019,2024-07-25 16:43:00.875479+00:00,CARLETON UNIVERSITY DEPT,249
3020,2024-07-25 16:43:00.875479+00:00,CARLETON UNIVERSITY CONFERENCE SERV,249
3021,2024-07-25 16:43:00.875479+00:00,CARLTON U BUS SCH,249
3022,2024-07-25 16:43:00.875479+00:00,CARLETON UNIVERSITY CTPL,249
3023,2024-07-25 16:43:00.875479+00:00,CARLTON UNIVERSITY,249
3024,2024-07-25 16:43:00.875479+00:00,CARLETON TECHNOLOGY TRAINING CENTER,249
3025,2024-07-25 16:43:00.875479+00:00,UNIVERSITY CARLETON,249
3026,2024-07-25 16:43:00.875479+00:00,STEPHEN MAGUIRE CARLETON UNIVERSITY,249
3027,2024-07-25 16:43:00.875479+00:00,CARLETON UNIVERSITY PROF CARVIN,249
3028,2024-07-25 16:43:00.875479+00:00,CARLETON UNIVERSITY SCHOOL BUSINESS,249
3029,2024-07-25 16:43:00.875479+00:00,CARLETON UNIVERSITY CENTRE FOR,249
3030,2024-07-25 16:43:00.875479+00:00,CARLETON UNIVERSITY DONT USE,249
3277,2024-07-25 17:37:51.493211+00:00,THERMO FISHER,281
3278,2024-07-25 17:37:51.493211+00:00,THERMOFISHER,281
3279,2024-07-25 17:37:51.493211+00:00,THERMO DISHER,281
3282,2024-07-25 17:39:02.964715+00:00,THERMO FISCHER SCIENTIFIC MISSISSAUGA,281
3283,2024-07-25 17:39:02.964715+00:00,THERMO FISHER SCIENTIFIC BARNSTEAD INTERNATIONAL,281
3287,2024-07-25 17:41:50.172844+00:00,THERMO ELECTRON,281
3288,2024-07-25 17:41:50.172844+00:00,THERMO ELECTRON CALGARY,281
3289,2024-07-25 17:41:50.172844+00:00,THERMO ELECTRON KARLSRUHE,281
3290,2024-07-25 17:41:50.172844+00:00,THERMO ELECTRON KARISRUHE,281
3291,2024-07-25 17:41:50.172844+00:00,THERMO ELECTRON NORTH AMERICA,281
3294,2024-07-25 17:47:01.680590+00:00,HOSKIN SCIENTIFIC,282
3295,2024-07-25 17:47:01.680590+00:00,HOSKINS SCIENTIFIC,282
3296,2024-07-25 17:47:01.680590+00:00,HOSKIN SCIENTIFIQUE,282
3297,2024-07-25 17:47:01.680590+00:00,HASKIN SCIENTIFIC,282
3344,2024-07-25 20:11:10.323173+00:00,DYNACARE,292
3345,2024-07-25 20:11:10.323173+00:00,DYNACARE WORKPLACE,292
3346,2024-07-25 20:11:10.323173+00:00,GAMMA DYNACARE MEDICAL,292
3347,2024-07-25 20:11:10.323173+00:00,DYNACAREGAMMA LABORATORY,292
3348,2024-07-25 20:11:10.323173+00:00,GAMMADYNACARE LABORATORY,292
3349,2024-07-25 20:11:10.323173+00:00,DYNACARE GAMMA LABORATORY PARTNERSHIP,292
3350,2024-07-25 20:11:10.323173+00:00,DYNACAREGAMMA LABORATORY PARTNERSHIP,292
3351,2024-07-25 20:11:10.323173+00:00,DYNACAREGAMMA LABORATORY PARTERNSHIP,292
3352,2024-07-25 20:11:10.323173+00:00,GAMMADYNACARE MEDICAL LABORATORY,292
3452,2024-07-26 14:31:51.932793+00:00,ADOBE SYSTEMS CANADA,297
3453,2024-07-26 14:31:51.932793+00:00,ADOBE SYSTEM CANADA,297
3454,2024-07-26 14:31:51.932793+00:00,ADOBE SYSTEMS,297
3455,2024-07-26 14:31:51.932793+00:00,ADOBE CANADA,297
3510,2024-07-26 19:47:56.624335+00:00,PROMAXIS SYSTEMS,308
3511,2024-07-26 19:47:56.624335+00:00,PROMAXIS SYSTEM,308
3512,2024-07-26 19:47:56.624335+00:00,PROMAXIX SYSTEMS,308
3513,2024-07-26 19:47:56.624335+00:00,PROMAXIS SYSTEMS DAMA,308
3514,2024-07-26 19:47:56.624335+00:00,NAME PROMAXIS SYSTEMS,308
3515,2024-07-26 19:47:56.624335+00:00,PROMAXIS SYTEMS,308
2158,2024-07-22 13:32:19.146192+00:00,GARDAWORLD CASH SERVICES,99
2159,2024-07-22 13:32:19.146192+00:00,GARDAWORLD CONSULTING NIGERIA LIMIT,99
2160,2024-07-22 13:34:15.284364+00:00,GENERAL ELECTRIC CONSUMER INDUSTRIAL,140
2161,2024-07-22 13:34:15.284364+00:00,GENERAL ELECTRIQUE AUTOMATISME GEA,140
2162,2024-07-22 13:38:11.116575+00:00,GE,140
2163,2024-07-22 13:38:11.116575+00:00,GE CANADA,140
2164,2024-07-22 14:04:11.187701+00:00,SIRCO,168
2165,2024-07-22 14:05:06.904634+00:00,IPSS CYBER SOLUTIONS,53
2166,2024-07-22 14:05:06.904634+00:00,IPSS AINS IN JOINT VENTURE,53
2167,2024-07-22 14:05:06.904634+00:00,IPSS SERVICENOW IN JOINT VENTURE,53
2168,2024-07-22 14:05:06.904634+00:00,IPSS DYNATRACE AS A JOINT VENTURE,53
2169,2024-07-22 14:05:06.904634+00:00,INDUSTRIAL PROCESS SUPPORT SERVICES IPSS,53
2170,2024-07-22 14:05:06.904634+00:00,IPSS AINS DBA OPEXUS IN JOINT VENTURE,53
2171,2024-07-22 14:05:06.904634+00:00,IPSS LONG VIEW SYSTEMS IN JOINT VENTURE,53
2172,2024-07-22 14:05:06.904634+00:00,IPSS SERVICENOW CANADA IN JOINT VENTURE,53
2173,2024-07-22 14:06:30.927107+00:00,INSTITUTE,49
2174,2024-07-22 14:06:30.927107+00:00,INSTITUTE INSTITUTE,49
2175,2024-07-22 14:09:13.418080+00:00,INSTITUTE CA,49
2176,2024-07-22 14:09:13.418080+00:00,INSTITUTECANADA,49
2177,2024-07-22 14:11:15.636532+00:00,IRIVING ENERGY,57
2178,2024-07-22 14:11:15.636532+00:00,IRVING ENERGY DIST MARKETING,57
2179,2024-07-22 14:11:15.636532+00:00,IRVING ENERGY DISTRIBUTION,57
2180,2024-07-22 14:11:15.636532+00:00,IRVING ENERGY DISTRIBUTION MARKET,57
2181,2024-07-22 14:11:15.636532+00:00,IRVING ENERGY DISTRIBUTION MARKETING,57
2182,2024-07-22 14:11:50.384596+00:00,IRVING OILE COMMERCIAL GP,57
2183,2024-07-22 14:11:50.384596+00:00,IRVING IL COMMERCIAL GP,57
2184,2024-07-22 14:11:50.384596+00:00,IRVING IOL COMMERCIAL GP,57
2185,2024-07-22 14:14:10.591936+00:00,JANSSEN ORTHO,67
2186,2024-07-22 14:14:10.591936+00:00,JANSSENORTHO,67
2187,2024-07-22 14:14:10.591936+00:00,JANNSEN,67
2188,2024-07-22 14:14:10.591936+00:00,JANSSEN FORMERLY JANSSEN ORTHO BIOTECH,67
2189,2024-07-22 14:14:10.591936+00:00,JANSSEN PHARMACEUTICAL COMPANIES,67
2190,2024-07-22 14:14:10.591936+00:00,JANSSEN PHARMACEUTICAL COMPANIES JOHNSON JOHNSON,67
2191,2024-07-22 14:14:10.591936+00:00,ORTHOCLINICAL DIAGNOSTICS DIVISION JANSSEN,67
2192,2024-07-22 14:18:07.839100+00:00,ITNET,86
2193,2024-07-22 14:18:07.839100+00:00,TEAM ITNET,86
2194,2024-07-22 14:18:07.839100+00:00,ITNET OTTAWA,86
2195,2024-07-22 14:18:07.839100+00:00,ITNETOTTAWA ITNET,86
2196,2024-07-22 14:18:07.839100+00:00,IT NET,86
2197,2024-07-22 14:18:07.839100+00:00,ITNETOTTAWA,86
2198,2024-07-22 14:18:07.839100+00:00,ITNET CONSULTANTS,86
2199,2024-07-22 14:18:07.839100+00:00,IT NET GROUP,86
2200,2024-07-22 14:18:07.839100+00:00,IT NET OTTAWA,86
2201,2024-07-22 14:18:07.839100+00:00,IT NET CONSULTANTS,86
2202,2024-07-22 14:18:07.839100+00:00,IINET OTTAWA,86
2203,2024-07-22 14:18:07.839100+00:00,ITNETOTTAWA IN JOINT VENTURE,86
2204,2024-07-22 14:23:36.403941+00:00,PCL CONSTRUCTORS CANADA,174
2205,2024-07-22 14:23:36.403941+00:00,PCL CONSTRUCTORS,174
2206,2024-07-22 14:23:36.403941+00:00,PCL CONSTRUCTORS CANADA DARTMOUTH,174
2207,2024-07-22 14:23:36.403941+00:00,PCL CONSTRUCTORS EASTERN,174
2208,2024-07-22 14:23:36.403941+00:00,PCL CONSTRUCTORS WESTCOAST,174
2209,2024-07-22 14:23:36.403941+00:00,PCL CONSTRUCTORS WEST COAST PCL CONSTRUCTORS CANADA IN JOINT VENTURE,174
2210,2024-07-22 14:23:36.403941+00:00,PCL CONSTRUCTORS CANADA ELLISDON IN JOINT VENTURE,174
2211,2024-07-22 14:23:36.403941+00:00,PCL CONSTRUCTORS EASTERN NEPEAN,174
2212,2024-07-22 14:23:36.403941+00:00,PCL CONSTRUCTION MANAGEMENT,174
2213,2024-07-22 14:24:13.070674+00:00,PCL CONSTRUCTION,174
2214,2024-07-22 14:24:13.070674+00:00,PCL CONSTRUCTOS WESTCOAST,174
2215,2024-07-22 14:24:13.070674+00:00,PCLED A JOINT VENTURE,174
2216,2024-07-22 14:27:36.692303+00:00,IMP,175
2217,2024-07-22 14:27:36.692303+00:00,IMP GROUP,175
2218,2024-07-22 14:27:36.692303+00:00,IMP SOLUTIONS,175
2219,2024-07-22 14:27:36.692303+00:00,IMP GROUP IMP SOLUTION,175
2220,2024-07-22 14:27:36.692303+00:00,IMP GROUP IMP SOLUTIONS,175
2221,2024-07-22 14:27:36.692303+00:00,IMP GROUP SOLUTIONS,175
2222,2024-07-22 14:27:36.692303+00:00,IMP AEROSPACE DEFENCE,175
2223,2024-07-22 14:28:01.176953+00:00,IMP AEROSPACE COMPONENTS,175
2224,2024-07-22 14:28:01.176953+00:00,IMP GROUP AEROSPACE DIVISION,175
2225,2024-07-22 14:28:01.176953+00:00,IMP AEROSPACE AVIONICS DIVISION,175
2226,2024-07-22 14:28:21.225861+00:00,IMP SOLUTIONS CO IMP GROUP,175
2227,2024-07-22 14:28:21.225861+00:00,IMP SOLUTIONS NOVA SCOTIA,175
2228,2024-07-22 14:28:41.096345+00:00,IMP GROUP OAK ISLAND INN,175
2229,2024-07-22 14:36:14.693804+00:00,EBSO,159
2230,2024-07-22 14:50:23.873961+00:00,EADS DEUTSCHLAND,176
2231,2024-07-22 14:51:22.262238+00:00,AIRBUS MILITARY,176
2232,2024-07-22 14:51:22.262238+00:00,AIRBUS,176
2233,2024-07-22 14:51:29.946463+00:00,KRAUSSMAFFEI,177
2234,2024-07-22 14:51:59.343469+00:00,ASTRIUM,176
2235,2024-07-22 14:51:59.343469+00:00,EADS ASTRIUM,176
2236,2024-07-22 14:54:40.263166+00:00,LAFARGE CANADA DBA RAYNER BRACHT CONSTRUCTION,92
2237,2024-07-22 14:55:18.242217+00:00,EUROCOPTER CANADA,176
2238,2024-07-22 14:55:54.108213+00:00,AIRBUS HELICOPTERS,176
2239,2024-07-22 14:55:54.108213+00:00,AIRBUS HELICOPTERS CANADA,176
6943,2024-08-30 01:13:31.667798+00:00,CGI INFORMATION SYSTEM MANAGEMENT,771
2242,2024-07-22 15:00:56.589989+00:00,EADSCASA,176
2243,2024-07-22 15:04:44.711813+00:00,AIRBUS DEFENCE SPACE,176
2244,2024-07-22 15:04:44.711813+00:00,AIRBUS DEFENSE SPACE,176
2245,2024-07-22 15:04:44.711813+00:00,AIRBUS DEFENCE SPACE V1811,176
2246,2024-07-22 15:04:44.711813+00:00,AIRBUS DEFENCE SPACE CANADA,176
2247,2024-07-22 15:04:44.711813+00:00,AIRBUS DEFENCE SPACE CANADA AIRBUS DEFENCE SPACE CANADA,176
2248,2024-07-22 15:04:44.711813+00:00,AIRBUS DEUTSCHLAND,176
2249,2024-07-22 15:04:44.711813+00:00,AIRBUS DS,176
2250,2024-07-22 15:04:44.711813+00:00,AIRBUS DS GEO,176
2251,2024-07-22 15:04:44.711813+00:00,AIRBUS ADS,176
2252,2024-07-22 15:04:44.711813+00:00,AIRBUS GEO,176
2253,2024-07-22 15:04:44.711813+00:00,EADS DEFENCE SECURITY,176
2254,2024-07-22 15:04:44.711813+00:00,AIRBUS GROUP,176
1739,2024-07-18 23:34:26.842270+00:00,MICROSOFT THROUGH SSC,148
1740,2024-07-18 23:36:14.386111+00:00,MICROSOFT TECHNOLOGIES,148
1741,2024-07-18 23:36:14.386111+00:00,MICROSOFT THROUGH SOFTCHOICESSC,148
1736,2024-07-18 23:33:04.312087+00:00,MICROSOFT LICENCING GP,148
1737,2024-07-18 23:33:04.312087+00:00,MICROSOFT LICENSING GP CO SOFTCHOICE,148
1742,2024-07-18 23:36:56.652195+00:00,MICROSOFT ENTREPRISE AGREEMENT,148
2270,2024-07-22 15:23:05.718972+00:00,DAIMLER MERCEDES,75
1743,2024-07-18 23:36:56.652195+00:00,MICROSOFT TORONTO PO BOX 9433,148
2255,2024-07-22 15:12:36.318034+00:00,MICROSOFT REDMOND USA,148
2256,2024-07-22 15:12:36.318034+00:00,MICROSOFT ONE MICROSOFT WAY SAMMD,148
2257,2024-07-22 15:12:36.318034+00:00,MICROSOFT REDMOND WA USA,148
2258,2024-07-22 15:12:36.318034+00:00,MICROSOFT TORONTO POBOX 7808,148
2259,2024-07-22 15:12:36.318034+00:00,MICROSOFT CONSULTING SERVICES,148
2260,2024-07-22 15:12:36.318034+00:00,MICROSOFT UNIFIED SUPPORT F23,148
2261,2024-07-22 15:12:36.318034+00:00,MICROSOFT CANADA ATT PAT BRISCOE,148
2262,2024-07-22 15:12:36.318034+00:00,MICROSOFT CONSULTING SERVICES MCS,148
2263,2024-07-22 15:12:36.318034+00:00,MICROSOFT CANADA DEVELOPMENT CENTRE,148
2264,2024-07-22 15:12:36.318034+00:00,MICORSOFT CANADA,148
2265,2024-07-22 15:17:43.057906+00:00,MACEWEN PICTON,52
2266,2024-07-22 15:17:43.057906+00:00,MACEWEN PETROLUEM,52
2267,2024-07-22 15:17:43.057906+00:00,MACEWEN BELLEVILLE,52
2268,2024-07-22 15:17:43.057906+00:00,MACEWEN KEMPTVILLE,52
2269,2024-07-22 15:17:43.057906+00:00,MCEWEN CLIMITE ENERGY,52
2271,2024-07-22 15:26:38.128051+00:00,FORT ST JEAN DU FORT STJEAN,178
2272,2024-07-22 15:26:38.128051+00:00,DU FORT STJEAN,178
2273,2024-07-22 15:26:38.128051+00:00,FORT STJEAN,178
2274,2024-07-22 15:26:38.128051+00:00,DU FORT SAINTJEAN,178
2275,2024-07-22 15:26:58.857507+00:00,DAIMLER,75
2276,2024-07-22 15:26:58.857507+00:00,DAIMLET,75
2277,2024-07-22 15:28:11.953923+00:00,MERCK LIPHA SANTE,97
2278,2024-07-22 15:28:11.953923+00:00,MERCK CANADA FORMERLY MERCK FROSST CANADA MERCK FROSST CANADA,97
2279,2024-07-22 15:39:00.798410+00:00,MINDWIRE SYSTEMS DBA ZYLOG OTTAWA,150
2280,2024-07-22 15:40:45.128914+00:00,ZYLOG SYSTEMS,150
2281,2024-07-22 15:40:45.128914+00:00,ZYLOG SYSTEM OTTAWA,150
2282,2024-07-22 15:40:45.128914+00:00,ZYLOG SYSTEMS OTTAWA,150
2283,2024-07-22 15:40:45.128914+00:00,NAME ZYLOG SYSTEMS LTS,150
2284,2024-07-22 15:40:45.128914+00:00,NAME ZYLOG SYSTEMS OTTAWA,150
2285,2024-07-22 15:40:45.128914+00:00,ZYLOG SYSTEMS OTTAWA OA BRAINHUNTER,150
2286,2024-07-22 15:46:02.213692+00:00,MITSUBISHI AIRCRAFT,156
2287,2024-07-22 15:46:02.213692+00:00,MITSUBISHI ELECTRIC,156
2288,2024-07-22 15:46:02.213692+00:00,MITSUBISHI TANABE PHARMA,156
2289,2024-07-22 15:46:02.213692+00:00,MITSUBISHI TANABE PHARMA CANADA,156
2290,2024-07-22 15:46:02.213692+00:00,MITSUBISHI ELECTRIC SYSTEM SERVIC,156
2291,2024-07-22 15:46:02.213692+00:00,MITSUBISHI TANABE PHARMA AMERICA,156
2292,2024-07-22 15:46:02.213692+00:00,MITSUBISHI ELECTRIC SALES CANADA,156
2293,2024-07-22 15:46:02.213692+00:00,MITSUBISHI ELECTRIC BUILDING TECHNO,156
2294,2024-07-22 15:46:02.213692+00:00,MITSUBISHIDENKI BIRU TECHNO SERVICE,156
2295,2024-07-22 15:47:55.509336+00:00,MODISADGA,160
2296,2024-07-22 15:47:55.509336+00:00,AKKODIS CANADA FORMERLY MODIS CANADA,160
2297,2024-07-22 15:50:39.365422+00:00,AKKODIS,160
2298,2024-07-22 15:50:39.365422+00:00,AKKODIS CANADA,160
2299,2024-07-22 15:50:39.365422+00:00,AKKODIS CONSULTING,160
2300,2024-07-22 15:55:12.729638+00:00,ROCHE CANADA,11
2301,2024-07-22 15:57:53.763596+00:00,TELECOM COMPUTERSHP AUTHORIZED RESELLER,154
2302,2024-07-22 16:01:33.105301+00:00,WSP,144
2303,2024-07-22 16:01:33.105301+00:00,WSP EI,144
2304,2024-07-22 16:01:33.105301+00:00,WSP GROUP,144
2305,2024-07-22 16:01:33.105301+00:00,WSP CHILE,144
2306,2024-07-22 16:01:33.105301+00:00,WSP SWEDEN,144
2307,2024-07-22 16:01:33.105301+00:00,WSP AUSTRALIA,144
2308,2024-07-22 16:01:33.105301+00:00,WSP GROUP AFRICA,144
2309,2024-07-22 16:01:33.105301+00:00,GROUPE WSP GLOBAL,144
2310,2024-07-22 16:01:33.105301+00:00,WSP POLSKA SP Z OO,144
2311,2024-07-22 16:01:33.105301+00:00,WSP CANADA MONCTON,144
2312,2024-07-22 16:01:33.105301+00:00,WSP CANADA CAMBRIDGE,144
2313,2024-07-22 16:01:33.105301+00:00,WSP EI CANADA REM CO,144
2314,2024-07-22 16:01:33.105301+00:00,WSP GROUP AFRICA PVT,144
2315,2024-07-22 16:01:33.105301+00:00,KRIS KOENIG WSP CANADA,144
2316,2024-07-22 16:01:33.105301+00:00,ELISE PARE WSP CANADA,144
2317,2024-07-22 16:01:33.105301+00:00,JEAN HORTON WSP CANADA,144
2318,2024-07-22 16:01:33.105301+00:00,WSP CANADA MEDICINE HAT,144
2319,2024-07-22 16:01:33.105301+00:00,MECHANICAL ENGINEER WSP,144
2320,2024-07-22 16:01:33.105301+00:00,WSP MECHANICAL ENGINEER,144
2321,2024-07-22 16:01:33.105301+00:00,WSPELECTRICAL ENGINEER,144
2322,2024-07-22 16:01:33.105301+00:00,WSPMECHANICAL ENGINEER,144
2323,2024-07-22 16:07:45.327383+00:00,ERNEST YOUNG ORENDA CORPORATE,179
2324,2024-07-22 16:07:45.327383+00:00,ERNST YOUNG ELECTRONIC PUBLISHING SERVICES,179
2325,2024-07-22 16:08:21.188749+00:00,ERSNT YOUNG,179
2326,2024-07-22 16:17:59.701391+00:00,CAPGEMINI,180
2327,2024-07-22 16:17:59.701391+00:00,CAPGEMINI CANADA,180
2328,2024-07-22 16:17:59.701391+00:00,CAP GEMINI ERNST YOUNG,180
2329,2024-07-22 16:17:59.701391+00:00,CAP GEMINI ERNST YOUNG CANADA,180
2330,2024-07-22 16:37:44.617003+00:00,ORBIS CONSULTING,183
2331,2024-07-22 16:37:44.617003+00:00,ORBIS RISK CONSULTING,183
2332,2024-07-22 16:37:44.617003+00:00,ORBISK RISK CONSULTING,183
2333,2024-07-22 16:40:05.890604+00:00,QMR,184
2334,2024-07-22 16:40:05.890604+00:00,QMR STAFFING,184
2335,2024-07-22 16:40:05.890604+00:00,QMR CONSULTING,184
2336,2024-07-22 16:40:05.890604+00:00,QMR STAFFING SERVICES,184
2337,2024-07-22 16:40:05.890604+00:00,QMR STAFFING SOLUTION,184
2338,2024-07-22 16:40:05.890604+00:00,QMR STAFFING SOLUTIONA,184
2339,2024-07-22 16:40:05.890604+00:00,QMR STAFFING SOLUTIONS,184
2340,2024-07-22 16:40:05.890604+00:00,QMR STAFFFING SOLUTIONS,184
2341,2024-07-22 16:40:05.890604+00:00,QMR CONSULTING SOLUTIONS,184
2342,2024-07-22 16:40:05.890604+00:00,QMR CONSULTING PROF STAF,184
2343,2024-07-22 16:40:05.890604+00:00,QMR CONSULTING WINDREACH CONSUL,184
2344,2024-07-22 16:40:05.890604+00:00,QMR CONSULTING PROF STAFFING,184
2345,2024-07-22 16:40:05.890604+00:00,QMR CONSULTING PROFESSIONAL,184
2346,2024-07-22 16:40:05.890604+00:00,1336953 QMR STAFFING SOLUTIONS QMR,184
2347,2024-07-22 16:40:05.890604+00:00,QMR CONSULTING PROFESSIONAL STA,184
2348,2024-07-22 16:40:05.890604+00:00,QMR CONSULTING PROFESSIONAL STAFF,184
2349,2024-07-22 16:40:05.890604+00:00,QMR CONSULTING PROFESISONAL STAFFING,184
2350,2024-07-22 16:40:05.890604+00:00,QMR CONSULTING PROFESSIONAL STAFFING,184
2351,2024-07-22 16:40:05.890604+00:00,QMR CONSULTING PROFESSIONAL STAFF ING,184
2352,2024-07-22 16:40:05.890604+00:00,QMR CONSULTING PROFFESSIONAL STAFFING,184
2353,2024-07-22 16:40:05.890604+00:00,QMR CONSULTING PROFESSIONAL STAFFFING,184
2354,2024-07-22 16:40:05.890604+00:00,QMR CONSULTING PROFESSIONAL SERVICES,184
2355,2024-07-22 16:40:05.890604+00:00,QMR CONSULTING INVESTIGATIVE SERVICES,184
2356,2024-07-22 16:40:05.890604+00:00,QMR CONSULTING PROFESSIONAL STAFFINGC175,184
2357,2024-07-22 16:40:05.890604+00:00,QMR CONSULTANTING PROFESSIONAL SERVICES,184
2358,2024-07-22 16:40:42.598585+00:00,QMR STAFFING SOLUTIONS OA QMR CONSULTING PROFESSIONAL STAFFING,184
2893,2024-07-25 16:35:16.826662+00:00,TANGO SOLUTIONS RH,238
2894,2024-07-25 16:37:04.684226+00:00,F35 LIGHTNING II JOINT PROGRAM OFFICE JPO,244
2895,2024-07-25 16:37:20.382123+00:00,ALS CANADA,243
2896,2024-07-25 16:37:20.382123+00:00,ALS CANADAD,243
2363,2024-07-22 16:49:33.569663+00:00,COLLIERS TIREE,186
2364,2024-07-22 16:49:33.569663+00:00,COLLIERS PROSIN,186
2365,2024-07-22 16:49:33.569663+00:00,COLLIERSTIREE,186
2366,2024-07-22 16:49:33.569663+00:00,COLLIERS CONSEIL MAROC,186
2367,2024-07-22 16:49:33.569663+00:00,COLLIERS INTERNATIONAL,186
2368,2024-07-22 16:49:33.569663+00:00,COLLIERS PROJECT LEADERS,186
2369,2024-07-22 16:49:33.569663+00:00,COLLIERS PRATT MCGRARRY,186
2370,2024-07-22 16:49:33.569663+00:00,COLLIERS MACAULAY NICOLLS,186
2371,2024-07-22 16:49:33.569663+00:00,COLLIERS COLUMBUS IMMOBILIEN,186
2372,2024-07-22 16:49:33.569663+00:00,COLLIERS VALUATION ITALY,186
2373,2024-07-22 16:49:33.569663+00:00,COLLIERS MAITRES PROJETS,186
2374,2024-07-22 16:49:33.569663+00:00,COLLIERS MAGYARORSZAG KFT,186
2375,2024-07-22 16:49:33.569663+00:00,COLLIERS STRATEGY CONSULTING,186
2376,2024-07-22 16:49:33.569663+00:00,COLLIERS PROJECT LEADERS TIRE,186
2377,2024-07-22 16:49:33.569663+00:00,COLLIER ENTERPRISES,186
2378,2024-07-22 16:49:33.569663+00:00,COLLIERS PROJECT LEADERS TIREE,186
2379,2024-07-22 16:49:33.569663+00:00,COLLIERS INTERNATIONAL REALTY,186
2380,2024-07-22 16:49:33.569663+00:00,COLLIERS REAL ESTATE SERVICES,186
2381,2024-07-22 16:49:33.569663+00:00,COLLIERS INTERNATIONAL SPAIN SL,186
2382,2024-07-22 16:49:33.569663+00:00,COLLIERS INTERNATIONAL PROPERTY,186
2383,2024-07-22 16:49:33.569663+00:00,COLLIERS MCCLOCKLIN REAL ESTATE,186
2384,2024-07-22 16:49:33.569663+00:00,COLLIERS INTERNATIONAL CONSULTANCY,186
2385,2024-07-22 16:49:33.569663+00:00,COLLIERS STRATEGY CONSULTING GROUP,186
2386,2024-07-22 16:49:33.569663+00:00,COLLIERS PROJECT LEADERS COLLIERS MAITRES PROJETS,186
2387,2024-07-22 16:49:33.569663+00:00,COLLIERS INTERNATIONAL PHILIPPINES,186
2388,2024-07-22 16:49:33.569663+00:00,COLLIERS INTERNATIONAL REALTY ADVIS,186
2389,2024-07-22 16:49:33.569663+00:00,COLLIERS INTERNATIONAL AGENCY LIMIT,186
2390,2024-07-22 16:49:33.569663+00:00,COLLIERS INTERNATIONAL REALTY ADVISORS,186
2391,2024-07-22 16:50:39.123043+00:00,COLLIERS PROJECT LEADERS TIREE FACILITY JV,186
2897,2024-07-25 16:37:20.382123+00:00,ALS CANADA LTT,243
2898,2024-07-25 16:37:20.382123+00:00,ALS CANADALTD,243
2901,2024-07-25 16:38:43.769900+00:00,CISION CANADA NEWSWIRE,245
2921,2024-07-25 16:39:59.083359+00:00,MAXXAM ANALYTICS,236
2396,2024-07-22 17:45:25.759546+00:00,ADGA GROUP CONSULTANTS,170
2397,2024-07-22 17:45:25.759546+00:00,ADGA GROUP CONSULTANT,170
2398,2024-07-22 17:45:25.759546+00:00,NAME ADGA GROUP CONSULTANTS,170
2399,2024-07-22 17:45:25.759546+00:00,ADGA GROUP COUNSULTANTS,170
2400,2024-07-22 17:45:25.759546+00:00,ADGA CONSULTING GROUP,170
2401,2024-07-22 17:45:25.759546+00:00,ADGA GROUP CONSULTING,170
2402,2024-07-22 17:45:25.759546+00:00,ADGAGROUP CONULTANTS,170
2403,2024-07-22 17:45:25.759546+00:00,ADGA GROUP CONSULTANTS 116 ALBERT ST SUITE 600,170
2404,2024-07-22 17:48:05.245230+00:00,ADGA,170
2405,2024-07-22 17:48:05.245230+00:00,ADGA GROUP,170
2406,2024-07-22 17:48:05.245230+00:00,GROUPE ADGA,170
2407,2024-07-22 17:59:16.218027+00:00,ADIRONDACK INFORMATION MANAGEMENT AMITA ARTEMP PERSONNEL SERVICES AIM GROUP IN JOINT VENTURE,188
2408,2024-07-22 17:59:16.218027+00:00,ADIRONDACK INFORMATION MANAGEMENT AMITA ARTEMP PERSONNEL SERVICES AIM GROUP IN JOINT VENTURE OA ADIRONDACK INFORMATION MANAGEMENT,188
2409,2024-07-22 17:59:16.218027+00:00,ADIRONDACK INFORMATION MANAGEMENT AMITA ARTEM PERSONNEL SERVICES AIM GROUP IN JOINT VENTURE,188
2410,2024-07-22 17:59:16.218027+00:00,ADIRONDACK INFORMATION MANAGEMENT AMITA ARTEMP PERSONEL SERVICES AIM GROUP IN JOINT VENTURE,188
2411,2024-07-22 17:59:16.218027+00:00,ADIRONDACK INFORMATION MANGEMENT INV AMITA ARTEMP PERSONNEL SERVICES AIM GROUP IN JOINT VENTURE,188
2412,2024-07-22 17:59:16.218027+00:00,ADIRONDACK INFORMATION MANAGEMENT AMITA ARTEMP AIM GROUP JOINT VENTURE,188
2413,2024-07-22 17:59:16.218027+00:00,ADIRONDACK IN JOINT VENTURE WITH AMITA ARTEMP PERSONNEL SERVICES AIM GROUP,188
2414,2024-07-22 17:59:16.218027+00:00,ADIRONDACK INFORMATION MANAGEMENT AMITA ARTEMP AIM GROOP JOINT VENTURE,188
2415,2024-07-22 17:59:16.218027+00:00,ADIRONDACK INFORMATION MGMTAMITA ARTEMP PERSONNELAIM GRPIN JOINT VENTURE,188
2416,2024-07-22 17:59:16.218027+00:00,ADIRONDACK IM AMITA ARTEMP PERSONNEL SERVICES AIM GROUP IN JV,188
2417,2024-07-22 17:59:16.218027+00:00,ADIRONDACK IN JOINT VENTURE WITH AMITA ARTEMP AIM GROUP,188
2418,2024-07-22 20:23:45.326128+00:00,ADIRONDACK INFORMATION MANAGEMENT AIM GROUP IN JOINT VENTURE,188
2419,2024-07-22 20:23:45.326128+00:00,ADIRONDACK INFORMATION MANAGEMENT IN JOINT VENTURE WITH AIM GROUP,188
2420,2024-07-22 20:23:45.326128+00:00,ADIRONDACK INFORMATION MANAGEMENT AIM GROUP,188
2421,2024-07-22 20:23:45.326128+00:00,ADIRONDACK INFORMATION MANAGEMENT VALCOM CONSULTING GROUP FLEXEDGE CONSULTING IN JOINT VENTURE,188
2422,2024-07-22 20:23:45.326128+00:00,ADIRONDACK INFORMATION MANAGEMENT REDWOOD ELEARNING SYSTEMS IN JOINT VENTURE,188
2423,2024-07-22 20:23:45.326128+00:00,AIM ADIRONDACK INFORMATION MANAGEMENT,188
2424,2024-07-22 20:23:45.326128+00:00,ADIRONDACK INFORMATION MANAGEMENT IN JV,188
2425,2024-07-22 20:23:45.326128+00:00,ADIRONDACK INFORMATION MANAGEMENT,188
2426,2024-07-22 20:23:45.326128+00:00,ADIRONDACK INFORMATION MANAGEMENT I,188
2427,2024-07-22 20:23:45.326128+00:00,ADIRONDACK INFORMATION MANAGEMENT I NC,188
2428,2024-07-22 20:23:45.326128+00:00,ADIRONDACK INFORMATION MANAGEMENET,188
2429,2024-07-22 20:23:45.326128+00:00,AIM ADIRONDACK INFORMATION,188
2430,2024-07-22 20:24:22.842332+00:00,ADIRONDACK IN JOINT VENTURE WITH TH,188
2431,2024-07-22 20:25:26.783021+00:00,ADIRONDACK INFORMATION,188
2432,2024-07-22 20:25:26.783021+00:00,ADIRONDACK MANAGEMENT,188
2433,2024-07-22 20:25:26.783021+00:00,ADIRONDACK INFORMATION MGMT,188
2434,2024-07-22 20:27:11.873184+00:00,ADIRONDACK AIM GROUP,188
2435,2024-07-22 20:27:11.873184+00:00,ADIRONDACK IM AIM GROUP JV,188
2436,2024-07-22 20:31:48.339257+00:00,ADRM TECHNOLOGY CONSULTING GROUP,189
2437,2024-07-22 20:31:48.339257+00:00,ADRM TECHNOLOGY CONSULTING GROUP RP,189
2438,2024-07-22 20:31:48.339257+00:00,ADRM TECHNOLOGU CONSULTING GROUP,189
2439,2024-07-22 20:31:48.339257+00:00,NAME ADRM TECHNOLOGY CONSULTING GROUP,189
2440,2024-07-22 20:31:48.339257+00:00,ADRM TECHNOLOGY CONSULTING GROUP COMPANY,189
2441,2024-07-22 20:31:48.339257+00:00,ADRM TECHNOLOGY CONSULTION GROUP,189
2442,2024-07-22 20:31:48.339257+00:00,ADRM TECHNOLOGY CONSULTING GRP,189
2443,2024-07-22 20:31:48.339257+00:00,ADRM TECHNOLOGY CONSULTING,189
2444,2024-07-22 20:31:48.339257+00:00,ADRM TECHNOLOGY GROUP,189
2445,2024-07-22 20:31:48.339257+00:00,ADRM TECHNOLOGY CONSULTING GROUP RANDSTAD INTERIM,189
2446,2024-07-22 20:31:48.339257+00:00,ADRM TECHNOLOGY CONSULTING GROUP COP RANDSTAD INTERIM,189
2447,2024-07-22 20:31:48.339257+00:00,ADRM TECHNOLOGY CONSULTING GROUP RANDSTAD INTERIM JV,189
2448,2024-07-22 20:31:48.339257+00:00,ADRM TECHNOLOGY CONSULTING GROUP RANDSTAD INTERIM IN CJV,189
2449,2024-07-22 20:31:48.339257+00:00,ADRM TECHNOLOGY CONSULTING GROUP RANDSTAD INTERIM IN JV,189
2450,2024-07-22 20:31:48.339257+00:00,ADRM TECHNOLOGY CONSULTING GROUP RANDSTAD INTERIM JOIN,189
2453,2024-07-22 20:38:20.667584+00:00,ADRM TECHNOLOGY,189
2454,2024-07-22 20:38:20.667584+00:00,ADRM TECHNOLOGY RANDSTAD,189
2922,2024-07-25 16:39:59.083359+00:00,MAXXAM ANALYTIC,236
2923,2024-07-25 16:39:59.083359+00:00,MAXXAM ANALYTICS BURNABY,236
2924,2024-07-25 16:39:59.083359+00:00,MAXXAM ANALYTICS BEDFORD,236
2925,2024-07-25 16:39:59.083359+00:00,MAXXAM ANALYTICS CALGARY,236
2926,2024-07-25 16:39:59.083359+00:00,MAXXAM ANALYTIQUE,236
2927,2024-07-25 16:39:59.083359+00:00,MAXXAM ANALYTICS WINNIPEG,236
2928,2024-07-25 16:39:59.083359+00:00,MAXXAM ANALYTICS MISSISSAUGA,236
2929,2024-07-25 16:39:59.083359+00:00,MAXXAM ANALYTICS INERNATIONAL,236
2930,2024-07-25 16:39:59.083359+00:00,MAXXAM ANALYTICS INTERNATIONAL,236
2931,2024-07-25 16:39:59.083359+00:00,MAXXAM ANALYTICS EDMONTON48 ST,236
2932,2024-07-25 16:39:59.083359+00:00,MAXXAM ANALYTICAL SERVICES,236
2933,2024-07-25 16:39:59.083359+00:00,MAXXAM ANALYTIQUE LACHINE,236
2934,2024-07-25 16:39:59.083359+00:00,MAXXAM ANALYTICAL INTERNATIONAL,236
2935,2024-07-25 16:39:59.083359+00:00,MAXAAM ANALYTICS INTERNATIONAL,236
2936,2024-07-25 16:39:59.083359+00:00,MASSAM ANALYTICS INTERNATIONAL,236
2937,2024-07-25 16:39:59.083359+00:00,MAXXAM ANALYTIQUE VILLE STLAURENT,236
2939,2024-07-25 16:40:45.675459+00:00,ALTISSPR,26
2940,2024-07-25 16:40:45.675459+00:00,ALTIS SPR,26
2946,2024-07-25 16:40:59.930556+00:00,CNWCISION,245
2947,2024-07-25 16:41:17.584905+00:00,CNW A CISION COMPANY,245
2948,2024-07-25 16:41:17.584905+00:00,CNW GROUP A CISION COMPANY,245
2949,2024-07-25 16:41:17.584905+00:00,CNW,245
2961,2024-07-25 16:42:25.851402+00:00,CACHE COMPUTER CONSULTING CORPORATI,250
2972,2024-07-25 16:42:32.628442+00:00,ACKLANDS GRAINGER,253
2973,2024-07-25 16:42:32.628442+00:00,ACKLANDS GRAINGERS,253
2974,2024-07-25 16:42:32.628442+00:00,ACKLAND GRAINGER,253
2975,2024-07-25 16:42:32.628442+00:00,ACKALANDS GRAINGER,253
2976,2024-07-25 16:42:32.628442+00:00,ACLKLANDS GRAINGER,253
2977,2024-07-25 16:42:32.628442+00:00,ACLANDS GRAINGER,253
2978,2024-07-25 16:42:32.628442+00:00,ACKLANDS GAINGER,253
2979,2024-07-25 16:42:32.628442+00:00,ACKLANDS GRAINER,253
2980,2024-07-25 16:42:32.628442+00:00,ACKLANDSGRAINGER,253
2981,2024-07-25 16:42:32.628442+00:00,ACKLANDS GRANGER,253
2982,2024-07-25 16:42:32.628442+00:00,ACKLANDS GRAINGER CANADA,253
2983,2024-07-25 16:42:32.628442+00:00,ACKLANGS GRAINGER,253
2984,2024-07-25 16:42:32.628442+00:00,ACLLANDS GRAINGER,253
2985,2024-07-25 16:42:32.628442+00:00,ACKLANDS GRAINDER,253
2986,2024-07-25 16:42:32.628442+00:00,ACKLANDGRAINGER,253
2987,2024-07-25 16:42:32.628442+00:00,1313038 ACKLANDS GRAINGER,253
2988,2024-07-25 16:42:32.628442+00:00,ACKLANDS GRAINGER STJOHNS,253
2989,2024-07-25 16:42:32.628442+00:00,ACKLANDS GRAINGER OA GRAINGER CANADA,253
2990,2024-07-25 16:42:32.628442+00:00,ACKLANDS GRANBGER,253
2991,2024-07-25 16:42:32.628442+00:00,ACKLANDSGRAINGERS,253
2992,2024-07-25 16:42:32.628442+00:00,ACKALNDS GRAINGER,253
2993,2024-07-25 16:42:32.628442+00:00,ACCKLANDSGRAINGER,253
2994,2024-07-25 16:42:32.628442+00:00,GRAINGER CANADA ACKLANDSGRAINGER,253
2995,2024-07-25 16:42:32.628442+00:00,ACKLANDSGRAINGER GRAINGER CANADA,253
2996,2024-07-25 16:42:32.628442+00:00,ACKLANDSGRAINGER INS,253
2997,2024-07-25 16:42:32.628442+00:00,ACKLAND GRANGER,253
2998,2024-07-25 16:42:32.628442+00:00,ACLAND GRAINGER,253
2999,2024-07-25 16:42:32.628442+00:00,ACKLANDGRAINGER IN,253
3000,2024-07-25 16:42:32.628442+00:00,ACKLANDSGRAINGER INCL,253
3001,2024-07-25 16:42:32.628442+00:00,ACKLANDGRAINGERS,253
3002,2024-07-25 16:42:32.628442+00:00,ACKLANDSGRANINGER,253
3003,2024-07-25 16:42:32.628442+00:00,ACKLANDSGRAINER,253
3004,2024-07-25 16:42:32.628442+00:00,ACLANDSGRAINGER,253
3005,2024-07-25 16:42:32.628442+00:00,1205231 ACKLANDSGRAINGER,253
3006,2024-07-25 16:42:32.628442+00:00,ACKLAND GRANIGER,253
3007,2024-07-25 16:42:32.628442+00:00,ACKLAND GARNGER,253
3008,2024-07-25 16:42:32.628442+00:00,ALKLANDS GRAINGER INDUSTRIAL,253
3009,2024-07-25 16:42:32.628442+00:00,ACKALNDSGRAINGER,253
3010,2024-07-25 16:42:32.628442+00:00,ACKLNADSGRAINGER,253
3011,2024-07-25 16:42:32.628442+00:00,ACKLANDSGRAINGER ALL GOVERNMENT PAYMENTS,253
3012,2024-07-25 16:42:32.628442+00:00,GRAINGER CANADA,253
3013,2024-07-25 16:42:32.628442+00:00,GRAINGER CNAADA,253
3014,2024-07-25 16:42:42.299546+00:00,BARON SUPPLIES,247
3015,2024-07-25 16:42:42.299546+00:00,BARCON SUPPLIES,247
3281,2024-07-25 17:38:17.546669+00:00,LIFE TECHNOLOGIES THERMO FISHER,281
3293,2024-07-25 17:42:55.629383+00:00,AFFYMETRIX,281
3353,2024-07-25 20:14:52.870776+00:00,GAMMADYNACARE MEDICAL LABORATORIES,292
3354,2024-07-25 20:14:52.870776+00:00,LABORATOIRES MEDICAUX GAMMADYNACARE,292
3456,2024-07-26 14:52:18.677058+00:00,ESIT CANADA ENTERPRISE SERVICES,298
3457,2024-07-26 14:52:18.677058+00:00,ESIT CANADA ENTERPRISE SERVICE,298
3458,2024-07-26 14:52:18.677058+00:00,ESIT CANADA ENTERPRISE SERVICES ESIT CANADA SERVICES AUX ENTERPRISES CIE,298
3459,2024-07-26 14:52:18.677058+00:00,ESIT CANADA ENTERPRISE SERVICES ESIT CANADA SERVICES AUX ENTREPRISES CIE,298
3460,2024-07-26 14:52:18.677058+00:00,ESIT CANADA ENTERPRISE SERVICES ESIT CANADA SERVICES AUXENTREPRISES CIE,298
3461,2024-07-26 14:52:18.677058+00:00,ESIT CANADA ENTERPRISE SERVICES DBA DXC TECHNOLOGY,298
3516,2024-07-26 19:47:56.624335+00:00,PROMAXIS SYSTEMS OTTAWA,308
3517,2024-07-26 19:47:56.624335+00:00,PROMAXIS SUSTEMS,308
3518,2024-07-26 19:47:56.624335+00:00,PROMAXIS SYATEMS,308
3519,2024-07-26 19:47:56.624335+00:00,PROMAXIS SYSGEMS,308
3520,2024-07-26 19:47:56.624335+00:00,NAME PROMAXIS SYSTEM,308
3521,2024-07-26 19:47:56.624335+00:00,PROMAXIS SYSTEMS HOLONIC IN,308
3522,2024-07-26 19:47:56.624335+00:00,ORGANIZATION PROMAXIS SYSTEMS,308
3523,2024-07-26 19:47:56.624335+00:00,PROMAXIS,308
3532,2024-07-26 19:54:53.200252+00:00,QUANTUM MGMT SERVICES,309
3617,2024-07-26 20:07:08.245710+00:00,SHELL CANADA PRODUCTS TRANSPORT JACQUES AUGER,312
3694,2024-07-26 20:18:02.447612+00:00,WORD FUEL,315
3695,2024-07-26 20:18:02.447612+00:00,WOLD FUEL,315
3696,2024-07-26 20:18:02.447612+00:00,WORLS FUELS,315
3697,2024-07-26 20:18:02.447612+00:00,WORLD,315
2451,2024-07-22 20:37:57.166573+00:00,ADRM TECHNOLOGY CONSULTING GROUP ANTIAN PROFESSIONAL SERVICES,189
2452,2024-07-22 20:37:57.166573+00:00,ADRM TECHNOLOGY CONSULTING GROUP RANDSTAD INTERIM RANDSTAD INTERIM IN JOINT VENTURE,189
2455,2024-07-22 20:43:32.226923+00:00,ADVANCED CHIPPEWA TECHNOLOGIES,190
2456,2024-07-22 20:43:32.226923+00:00,ADVANCED CHIPPPEWA TECHNOLOGIES,190
2457,2024-07-22 20:43:32.226923+00:00,ACT ADVANCED CHIPPEWA TECHNOLOGIES,190
2458,2024-07-22 20:43:32.226923+00:00,ADVANCED CHIPPEWA TECHNOLOGIES ACT,190
2459,2024-07-22 20:43:32.226923+00:00,ADVANCE CHIPPEWA TECHNOLOGIES,190
2460,2024-07-22 20:43:32.226923+00:00,ADVANCEC CHIPPEWA TECHNOLOGIES,190
2461,2024-07-22 20:43:32.226923+00:00,ADVANCED CHIPPEWA TECHNOLOGIESACT,190
2462,2024-07-22 20:43:32.226923+00:00,ADVANCED CHIPPEWA THECHNOLOGIES,190
2463,2024-07-22 20:43:32.226923+00:00,ADVCANCED CHIPPEWA TECHNOLOGIES,190
2464,2024-07-22 20:43:32.226923+00:00,ADVANCED CHIPPEWA TECHOLOGIES,190
2465,2024-07-22 20:43:32.226923+00:00,ADVANCED CHIPPEWATECHNOLOGIES,190
2466,2024-07-22 20:43:32.226923+00:00,AVANCED CHIPPEWA TECHNOLOGIES,190
2467,2024-07-22 20:43:32.226923+00:00,ADVANCED SHIPPEWA TECHNOLOGIES,190
2468,2024-07-22 20:43:32.226923+00:00,ADVANCED CHIPPEWA TECHNOLIGIES,190
2469,2024-07-22 20:43:32.226923+00:00,ADVANCED CHIPPEWA TACHNOLOGIES,190
2470,2024-07-22 20:43:32.226923+00:00,ADVANCED CHIPPEWA TECHNOLOGY,190
2471,2024-07-22 20:43:32.226923+00:00,ADVANCED CHIPPWEA TECHNOLOGIES,190
2472,2024-07-22 20:43:32.226923+00:00,ADVANCED CHIPPEWA TECHNOLOICS,190
2473,2024-07-22 20:43:32.226923+00:00,AVANCED CHIPPEWA TECHNLOGIES,190
2474,2024-07-22 20:43:32.226923+00:00,ADVANCED CHIPPEWA TECHNOLOGY OA ACT,190
2475,2024-07-22 20:43:32.226923+00:00,ADVANCED CHIPPEWA TECH,190
2476,2024-07-22 20:43:32.226923+00:00,ADVANCED CHIPPEWA TECH ACT,190
2477,2024-07-22 20:43:32.226923+00:00,ADVANCED CHIPEWA TECH,190
2478,2024-07-22 20:43:32.226923+00:00,ADVANCED CHIPPEWA,190
2479,2024-07-22 20:43:32.226923+00:00,ADVANCED CHIPPEWA TECHNOLOGIES 4165047 CANADA IN JOINT VENT,190
2480,2024-07-22 20:43:32.226923+00:00,ADVANCED CHIPPEWA TECHNOLOGIES 4165047 CANADA IN JOINT VENTURE,190
2481,2024-07-22 20:43:32.226923+00:00,ADVANCED CHIPPEWA TECHNOLOGIES 529040 ONTARIO 880382 ONTARIO IN JOINT VENTURE,190
2482,2024-07-22 20:44:07.471290+00:00,ADVANCED CHIPPEWAS,190
2483,2024-07-22 20:47:22.331485+00:00,AGILENT TECHNOLOGIES CANADA,191
2484,2024-07-22 20:47:22.331485+00:00,AGILIENT TECHNOLOGIES CANADA,191
2485,2024-07-22 20:47:22.331485+00:00,AGILENT TECHNOLOGIES,191
2486,2024-07-22 20:47:22.331485+00:00,AGILENT TECH CANADA,191
1581,2024-07-18 18:18:07.937016+00:00,ERNST YOUNG TTTTTTTT,179
1582,2024-07-18 18:18:07.937016+00:00,ERNST YOUNG PVT,179
1583,2024-07-18 18:18:07.937016+00:00,ERNST YOUNG LPP,179
1584,2024-07-18 18:18:07.937016+00:00,ERNST YOUNG EGYPT,179
1585,2024-07-18 18:18:07.937016+00:00,ERNST YOUNG LLLP,179
1586,2024-07-18 18:18:07.937016+00:00,ERNST YOUNG OTTAWA,179
1587,2024-07-18 18:18:07.937016+00:00,ERNST AMP YOUNG LL,179
1588,2024-07-18 18:18:07.937016+00:00,ERNST YOUNG GLOBAL,179
1589,2024-07-18 18:18:07.937016+00:00,ERNST YOUNG MONTREAL,179
1590,2024-07-18 18:18:07.937016+00:00,ERNEST YOUNG,179
1591,2024-07-18 18:18:07.937016+00:00,ERNST YOUNG TORONTO ON,179
1592,2024-07-18 18:18:07.937016+00:00,ERNST YOUNG BILL KESSELS,179
1593,2024-07-18 18:18:07.937016+00:00,ERNST YOUNG TIM PHILPOTTS,179
1594,2024-07-18 18:18:07.937016+00:00,ERNSTYOUNG CHARTERED,179
1595,2024-07-18 18:18:07.937016+00:00,ERNST YOUNG MICHAEL KENNEDY,179
1596,2024-07-18 18:18:07.937016+00:00,ERNST YOUNG KIRSTEN TISDALE,179
1597,2024-07-18 18:18:07.937016+00:00,ERNST YOUNG CHARTERED ACCOUNT,179
1598,2024-07-18 18:18:07.937016+00:00,ERNST YOUNG ORENDA CORPORATE,179
1599,2024-07-18 18:18:07.937016+00:00,ERNST YOUNG CORPORATE FINANCE,179
1600,2024-07-18 18:18:07.937016+00:00,ERNST YOUNG ASESORES EMPRESARIALE,179
1601,2024-07-18 18:18:07.937016+00:00,ERNST YOUNG CHARTERED ACCOUNTANTS,179
1602,2024-07-18 18:18:07.937016+00:00,ERNST YOUNG ORENDA CORPORATE FINANCE,179
1606,2024-07-18 18:20:25.696543+00:00,EY,179
1607,2024-07-18 18:20:25.696543+00:00,EY CANADA,179
2487,2024-07-23 13:19:01.113150+00:00,VANCOUVER SHIPYARDS,193
2488,2024-07-23 13:19:01.113150+00:00,VANCOUVER SHIPYARD,193
2489,2024-07-23 13:19:01.113150+00:00,VANCOUVER SHIPYARDS LRD,193
2490,2024-07-23 13:19:01.113150+00:00,VANCOUVER SHIPYARDS SEASPAN,193
2491,2024-07-23 13:20:50.688312+00:00,SEASPAN,193
2492,2024-07-23 13:20:50.688312+00:00,SEASPAN MARINE SEASPAN MARINE,193
2493,2024-07-23 13:20:50.688312+00:00,SEASPAN MARINE,193
2494,2024-07-23 13:20:50.688312+00:00,SEASPAN FERRIES,193
2495,2024-07-23 13:20:50.688312+00:00,SEASPAN SHIPYARDS SEASPAN SHIPYARDS,193
2496,2024-07-23 13:20:50.688312+00:00,SEASPAN SHIPYARDS,193
2497,2024-07-23 13:20:50.688312+00:00,SEASPAN INTERNATIONAL,193
2498,2024-07-23 13:20:50.688312+00:00,SEASPAN COASTAL INTERMODAL,193
2499,2024-07-23 13:20:50.688312+00:00,SEASPAN VICTORIA SHIPYARDS,193
2500,2024-07-23 13:20:50.688312+00:00,SEASPAN COASTAL INTERMODAL COMPANY,193
2501,2024-07-23 13:20:50.688312+00:00,SEASPAN MARINE VICTORIA SHIPYARDS,193
2502,2024-07-23 13:21:26.171475+00:00,VICTORIA SHIPYARDS,193
2503,2024-07-23 13:21:26.171475+00:00,VICTORIA SHIPYARDS COMPANY,193
2504,2024-07-23 13:21:26.171475+00:00,VICTORIA SHIPYARDS DND VENDOR 0001201424,193
2505,2024-07-23 13:25:28.755546+00:00,VANCOUVER DRYDOCK COMPANY,193
2506,2024-07-23 16:15:17.645063+00:00,SKYALYNE CANADA,138
2507,2024-07-23 16:15:17.645063+00:00,SKYALYNE CANADA PARTNERSHIP,138
2508,2024-07-23 16:17:27.007269+00:00,WEIR CANADA,194
2509,2024-07-23 16:17:27.007269+00:00,WEIR MINERALS CANADA,194
2510,2024-07-23 16:17:35.966213+00:00,WEIR MINERALS,194
2511,2024-07-23 16:18:35.993430+00:00,WEIR MARINE ENGINEERING,194
2512,2024-07-23 17:40:04.528321+00:00,SUNLIFE ASSURANCE,195
2513,2024-07-23 17:40:04.528321+00:00,SUN LIFE ASSURANCE COMPANY,195
2514,2024-07-23 17:40:04.528321+00:00,SUN LIFE ASSURANCE COMPANY CANAD,195
2515,2024-07-23 17:40:04.528321+00:00,SUN LIFE ASSURANCE COMPANY CANADA,195
2516,2024-07-23 17:40:04.528321+00:00,SUNLIFE ASSURANCE COMPANY CANADA,195
2517,2024-07-23 17:40:04.528321+00:00,SUN LIFE DU CANADA COMPAGNIE DASSURANCEVIE,195
2518,2024-07-23 17:40:04.528321+00:00,SUN LIFE FINANCIAL SUN LIFE FINANCIAL,195
2519,2024-07-23 17:40:18.327526+00:00,SUN LIFE,195
2520,2024-07-23 17:40:18.327526+00:00,SUN LIFE FINANCIAL,195
2521,2024-07-23 17:40:18.327526+00:00,SUN LIFE FINANCIAL FINANCIERE SUN LIFE,195
2522,2024-07-23 17:40:39.682034+00:00,FINANCIERE SUN LIFE,195
2523,2024-07-23 17:40:39.682034+00:00,SUN LIFE FINANCIAL SERVICES CANADA,195
2524,2024-07-23 17:41:56.200684+00:00,DIALOGUE HEALTH TECHNOLOGIES,195
2525,2024-07-23 17:41:56.200684+00:00,DIALOGUE HEALTH TECHNOLOGIES DIALOGUE TECHNOLOGIES SANTE,195
2526,2024-07-23 17:43:18.206131+00:00,DIALOGUE TECHNOLOGIES,195
2527,2024-07-23 17:43:18.206131+00:00,TECHNOLOGIES DIALOGUE,195
2528,2024-07-23 17:43:18.206131+00:00,DIALOGUE TECHNOLOGIES SANTE,195
2529,2024-07-23 17:43:18.206131+00:00,TECHNOLOGIES DIALOGUE SANTE,195
2530,2024-07-23 17:46:13.461712+00:00,PLENARY GROUP,196
2531,2024-07-23 17:46:13.461712+00:00,PLENARY PROPERTIES LTAP,196
2532,2024-07-23 17:47:44.981562+00:00,PAN AMERICAN DEVELOPMENT FOUNDATION,197
2533,2024-07-23 17:56:36.064733+00:00,SIKORSKY CANADA,198
2534,2024-07-23 17:56:36.064733+00:00,SIKORSKY AIRCRAFT,198
2535,2024-07-23 17:56:36.064733+00:00,SIKORSKY INTERNATIONAL OPERATIONS,198
2941,2024-07-25 16:40:49.754876+00:00,BARDON SUPPLIES,247
2942,2024-07-25 16:40:49.754876+00:00,BARDON SUPPLIES BARRIE,247
2943,2024-07-25 16:40:49.754876+00:00,BARDON SUPPLIES LTS,247
2944,2024-07-25 16:40:49.754876+00:00,BARDOIN SUPPLIES,247
2945,2024-07-25 16:40:55.151756+00:00,BARDON SUPPLIED,247
2950,2024-07-25 16:41:29.902752+00:00,ANSYS CANADA,251
2951,2024-07-25 16:41:29.902752+00:00,ASYS,251
3031,2024-07-25 16:43:14.060508+00:00,BARDON SUPPLY,247
3032,2024-07-25 16:43:27.684489+00:00,COMPUTERSHARE,246
3033,2024-07-25 16:43:27.684489+00:00,COMPUTERSHARE CANADA,246
3034,2024-07-25 16:43:27.684489+00:00,COMPUTERSHARE INVESTOR,246
3035,2024-07-25 16:43:27.684489+00:00,COMPUTERSHARE TRUST COMPANY,246
3036,2024-07-25 16:43:47.740804+00:00,CARLETON UNIVERSITY RRDR,249
3037,2024-07-25 16:43:47.740804+00:00,NEADS CARLETON UNIVERSITY,249
3038,2024-07-25 16:43:47.740804+00:00,CARLETON UNIVERSITY FACULTY,249
3039,2024-07-25 16:43:47.740804+00:00,CARLETON UNIVERSITY RESEARCH UNIT,249
3040,2024-07-25 16:43:47.740804+00:00,CARLETON UNIVERSITY RESEARCH OFFICE CURO,249
3041,2024-07-25 16:43:47.740804+00:00,SPROTT SCHOOL BUSINESS CARLETON UNIVERSITY,249
3042,2024-07-25 16:43:47.740804+00:00,SCHOOL PUBLIC POLICY ADMIN CARLETON UNIVERSITY,249
3043,2024-07-25 16:43:47.740804+00:00,CARLETON UNIVERSITYSPROTT SCHOOL BUSINESS,249
3044,2024-07-25 16:43:47.740804+00:00,SPROTT SCHOOL BUSINESS CREWW CARLETON UNIVERSITY,249
3298,2024-07-25 17:52:03.468617+00:00,JHT,283
3299,2024-07-25 17:52:03.468617+00:00,JHT DEFENSE,283
3300,2024-07-25 17:52:03.468617+00:00,JHT DEFENCE,283
3301,2024-07-25 17:52:03.468617+00:00,JHT DENFESE,283
3302,2024-07-25 17:52:03.468617+00:00,JHT DENFENSE,283
3303,2024-07-25 17:52:03.468617+00:00,JHT DEFFENSE,283
3304,2024-07-25 17:52:03.468617+00:00,JHT DEFENCE INCE,283
3305,2024-07-25 17:52:03.468617+00:00,JHT DEFENSE QC,283
3306,2024-07-25 17:52:03.468617+00:00,JHT ELECTRONICS,283
3307,2024-07-25 17:52:03.468617+00:00,JHT DEFENSE INCEC,283
3308,2024-07-25 17:52:03.468617+00:00,COMPANY NAME JHT DEFENSE,283
3355,2024-07-25 20:20:50.401937+00:00,ENGLOBE,293
3356,2024-07-25 20:20:50.401937+00:00,ENGLOBE ENGLOBE,293
3357,2024-07-25 20:20:50.401937+00:00,ENGLOBE QUEBEC,293
3358,2024-07-25 20:20:50.401937+00:00,ENGLOBE BURNABY,293
3359,2024-07-25 20:20:50.401937+00:00,ENGLOBE CALGARY,293
3360,2024-07-25 20:20:50.401937+00:00,ENGLOBE TORONTO,293
3361,2024-07-25 20:20:50.401937+00:00,ENGLOBE EDMONTON,293
3362,2024-07-25 20:20:50.401937+00:00,ENGLOBE HALIFAX,293
6944,2024-08-30 01:13:31.667798+00:00,CGI INFO SYSTEMS MANAGEMENT,771
3364,2024-07-25 20:20:50.401937+00:00,ENGLOBE GATINEAU,293
3365,2024-07-25 20:20:50.401937+00:00,ENGLOBE NUNATECH,293
3366,2024-07-25 20:20:50.401937+00:00,ENGLOBE MONTREAL,293
3367,2024-07-25 20:20:50.401937+00:00,ENGLOBE ENVIRONMENT,293
3368,2024-07-25 20:20:50.401937+00:00,ENGLOBE CHICOUTIMI,293
3369,2024-07-25 20:20:50.401937+00:00,ENGLOBE NORTHRIDGE CONTRACTING EN CONSORTIUM,293
3370,2024-07-25 20:20:50.401937+00:00,ENGLOBE SILA REMEDIATION IN JOINT VENTURE,293
3462,2024-07-26 15:48:02.467640+00:00,ARCADIS VIETNAM,277
3463,2024-07-26 15:48:02.467640+00:00,ARCADIS IBI GROUP,277
3464,2024-07-26 15:48:02.467640+00:00,ARCADIS VIETNAM COMPANY,277
3465,2024-07-26 15:48:02.467640+00:00,ARCADIS PROFESSIONAL SERVICES,277
3524,2024-07-26 19:49:40.582779+00:00,PROMAXIS SYSTEMS HOLONICS IN JOINT VENTURE,308
3563,2024-07-26 20:00:16.919233+00:00,RANDSTAD,311
3564,2024-07-26 20:00:16.919233+00:00,RANDSTAD ITERIM,311
3565,2024-07-26 20:00:16.919233+00:00,RANDSTAD CANADA,311
3566,2024-07-26 20:00:16.919233+00:00,RANDSTAD INTERIM INTERIM,311
3567,2024-07-26 20:00:16.919233+00:00,RANDSTAD INTERIM RANDSTAD,311
3568,2024-07-26 20:00:16.919233+00:00,RANDSTAD INTERIM,311
3569,2024-07-26 20:00:16.919233+00:00,RANDSTAD INTERIM RANDSTAD INTERIM,311
3570,2024-07-26 20:00:16.919233+00:00,RANDSTAD PARC JARRY,311
3571,2024-07-26 20:00:16.919233+00:00,RANDSTAD CANADA GROUP,311
3572,2024-07-26 20:00:16.919233+00:00,RANDSTAD TECHNOLOGIES,311
3573,2024-07-26 20:00:16.919233+00:00,RANDSTAD FRANCE INTERIM,311
3574,2024-07-26 20:00:16.919233+00:00,RADSTAD CANADA,311
3575,2024-07-26 20:00:16.919233+00:00,RANSTAD OTTAWA,311
3576,2024-07-26 20:00:16.919233+00:00,RANDSTAD INTERIM A DIVISION RANDSTAD INTERIM,311
3577,2024-07-26 20:00:16.919233+00:00,RANSTAD INTERIM,311
3578,2024-07-26 20:00:16.919233+00:00,RANDSTAD CANADA TECHNOLOGIES,311
3698,2024-07-26 20:18:02.447612+00:00,WOLRD FUEL,315
3699,2024-07-26 20:18:02.447612+00:00,WORLD FUEL TRADING DMCC,315
3700,2024-07-26 20:18:02.447612+00:00,TRAMP OIL DIV WORLD FUEL,315
3701,2024-07-26 20:18:02.447612+00:00,WORLD FUEL INTERNATIONAL,315
3702,2024-07-26 20:18:02.447612+00:00,HAFCO DIVISITON WORLD FUEL,315
3744,2024-07-26 20:29:59.690735+00:00,GRAND TOY,317
3745,2024-07-26 20:29:59.690735+00:00,GRANDTOY,317
3746,2024-07-26 20:29:59.690735+00:00,GRAND TOY TECHNOLOGY,317
3747,2024-07-26 20:29:59.690735+00:00,OFFICEMAX GRAND TOY,317
3748,2024-07-26 20:29:59.690735+00:00,WORKSPACE INTERIORS BY GRAND TOY,317
3749,2024-07-26 20:29:59.690735+00:00,GRAND TOY GRAND TOY,317
3750,2024-07-26 20:29:59.690735+00:00,GRAND TOYS,317
3751,2024-07-26 20:29:59.690735+00:00,GRAND TOY WORKSPACE INTERIORS,317
3752,2024-07-26 20:29:59.690735+00:00,GRANT TOY,317
3753,2024-07-26 20:29:59.690735+00:00,GRAND TOYLIMITED,317
3754,2024-07-26 20:29:59.690735+00:00,GRAND TOY OFFICEMAX,317
3755,2024-07-26 20:29:59.690735+00:00,GRABD TOY,317
3756,2024-07-26 20:29:59.690735+00:00,BUREAU SPEC DIVISION GRAND TOY,317
3757,2024-07-26 20:29:59.690735+00:00,GRAND TOY OTTAWA,317
3758,2024-07-26 20:29:59.690735+00:00,WORKSPACE INTERIORS FOR GRAND TOY,317
3782,2024-07-26 20:36:04.674113+00:00,TOYOTA CANADA,319
3783,2024-07-26 20:36:04.674113+00:00,TOYOTA MOTOR,319
3795,2024-07-26 20:37:29.690506+00:00,TOYOTA KIRLOSKAR MOTOR PVT,319
3817,2024-07-26 20:45:18.418975+00:00,CANADIAN RED CROSS SOCIETY,321
3818,2024-07-26 20:45:18.418975+00:00,CANADIAN RED CROSS,321
3819,2024-07-26 20:45:18.418975+00:00,CANADIAN RED CROSS BC YUKON,321
2537,2024-07-23 17:58:45.981352+00:00,LOCKHEED MARTIN UK,198
2538,2024-07-23 17:58:45.981352+00:00,LOCKEED MARTIN,198
2539,2024-07-23 17:58:45.981352+00:00,LOCKHEED MARTIN CANADA LOCKHEED MARTIN CANADA,198
2540,2024-07-23 17:58:45.981352+00:00,LOCKHEED MARTIN CANADA,198
2541,2024-07-23 17:58:45.981352+00:00,LOCKHEED MARTIN GLOBAL,198
2542,2024-07-23 17:58:45.981352+00:00,LOCKHEED MARTIN SIPPICAN,198
2543,2024-07-23 17:58:45.981352+00:00,LOCKHEED MARTIN OVERSEAS,198
2544,2024-07-23 17:58:45.981352+00:00,LOCKHEED MARTIN CANADA IN,198
2545,2024-07-23 17:58:45.981352+00:00,LOCKHEED MARTIN SIPPINCAN,198
2546,2024-07-23 17:58:45.981352+00:00,LOCKHEEDED MARTIN SIPPICAN,198
2547,2024-07-23 17:58:45.981352+00:00,LOCKHEED MARTIN AERONAUTICS,198
2548,2024-07-23 17:58:45.981352+00:00,LOCKHEED MARTIC SIPPICAN,198
2549,2024-07-23 17:58:45.981352+00:00,LOCKHEED MARTIN GYROCAM SYSTEMS,198
2550,2024-07-23 17:58:45.981352+00:00,LOCKHEED MARTIN SYSTEMS TRAINING,198
2551,2024-07-23 17:58:45.981352+00:00,LOCKHEED MARTIN OVERSEAS SERVICES,198
2552,2024-07-23 17:58:45.981352+00:00,LOCKHEED MARTIN NESSMARINE SYSTEMS,198
2553,2024-07-23 17:58:45.981352+00:00,LOCKHEED MARTIN CANADA CDL SYSTEMS,198
2554,2024-07-23 17:58:45.981352+00:00,LOCKHEED MARTIN AERONAUTICS COMPANY,198
2555,2024-07-23 17:58:45.981352+00:00,LOCKHEED MARTIN MISSILES FIRE CONTROL,198
2556,2024-07-23 17:58:45.981352+00:00,LOCKHEED MARTIN AERONAUTICAL SYSTEMS,198
2557,2024-07-23 17:58:45.981352+00:00,LOCKHEED MARTIN MARITIME SYSTEMS SENSORS,198
2558,2024-07-23 17:58:45.981352+00:00,LOCKHEED MARTIN ROTARY MISSION SYSTEMS,198
2559,2024-07-23 17:58:45.981352+00:00,LOCKHEED MARTIN INFORMATION SYSTEMS UK,198
2560,2024-07-23 17:58:45.981352+00:00,LOCKHEED MARTIN MISSION SYSTEMS TRAINING,198
2561,2024-07-23 17:58:45.981352+00:00,LOCKHEED MARTIN AIRCRAFT LOGISTICS CENTERS,198
2562,2024-07-23 17:58:45.981352+00:00,LOCKHEED MARTIN AIRCRAFT LOGISITICS CENTERS,198
2563,2024-07-23 17:58:45.981352+00:00,LOCKHEED MARTIN ROTARY MISSION SYSTEMS C6ISR,198
2564,2024-07-23 17:58:45.981352+00:00,LOCKHEED MARTIN UK INTEGRATED SYSTEMS SOLUTIONS,198
3052,2024-07-25 16:45:34.789687+00:00,CAMPBELL SCIENTIFIC,258
3053,2024-07-25 16:45:34.789687+00:00,CAMPBELL SCIENTIFIC CANADA,258
3054,2024-07-25 16:45:34.789687+00:00,CAMPBELL SCIENTIFICCANADA,258
3061,2024-07-25 16:47:17.730991+00:00,CARVERYS,257
3062,2024-07-25 16:47:17.730991+00:00,CARVERYS PAINTING,257
3063,2024-07-25 16:47:17.730991+00:00,CARVERYS CONSTRUCTION,257
3064,2024-07-25 16:47:17.730991+00:00,CARVERYS CONSTRUCTIION,257
3065,2024-07-25 16:47:17.730991+00:00,CARVERYS CONSTRUCTION LIMTED,257
3066,2024-07-25 16:47:17.730991+00:00,CARVERYS CONSTRUCTION LIMITEDN,257
3067,2024-07-25 16:47:17.730991+00:00,CARVERYS PAINTING CONSTRUCTION,257
3068,2024-07-25 16:47:17.730991+00:00,CARVERYS CONSTRUCTION LIMITEDU,257
3069,2024-07-25 16:47:17.730991+00:00,CARVERYS CONSTRUCTION LIMITEDY,257
3070,2024-07-25 16:47:17.730991+00:00,CARVEYS CONSTRUCTION,257
3309,2024-07-25 18:18:41.184516+00:00,ARCADIS CANADA,277
3310,2024-07-25 18:18:41.184516+00:00,ARCADIS CANADA OTTAWA,277
3311,2024-07-25 18:18:41.184516+00:00,ARCADIS ARCHITECTS CANADA,277
3312,2024-07-25 18:18:41.184516+00:00,ARCADIS CANADA VICTORIA,277
3313,2024-07-25 18:18:41.184516+00:00,ARCADIS CANADA VANCOUVER,277
3314,2024-07-25 18:18:41.184516+00:00,ARCADIS,277
3371,2024-07-26 11:30:35.898432+00:00,PARKLAND COLUMBIA FUELS,262
3372,2024-07-26 11:30:35.898432+00:00,PARKLAND OA COLUMBIA FUELS,262
3373,2024-07-26 11:30:35.898432+00:00,PARKLAND OS COLUMBIA FUELS,262
3374,2024-07-26 11:30:35.898432+00:00,PARKLAND COLUMBIA FUEL,262
3375,2024-07-26 11:30:35.898432+00:00,PARKLAND CORPORATIOM OA COLUMBIA FUELS,262
3466,2024-07-26 18:03:46.047045+00:00,JONELJIM CONCRETE CONSTRUCTION,299
3467,2024-07-26 18:03:46.047045+00:00,JONEL JIM CONCRETE CONSTRUCTION,299
3468,2024-07-26 18:03:46.047045+00:00,JONELJIM CONCRETE CONSTRUCTION 1994,299
3469,2024-07-26 18:03:46.047045+00:00,JONELJIM CONCRETE CONSTRICTION,299
3470,2024-07-26 18:03:46.047045+00:00,JONELJIM CONSTRUCTION,299
3471,2024-07-26 18:03:46.047045+00:00,JONEL JIM CONCRETE CONSTRUCTION1994,299
3472,2024-07-26 18:03:46.047045+00:00,JONEL JIM CONSTRUCTION,299
3473,2024-07-26 18:03:46.047045+00:00,JONELJIM CONCRETE,299
3525,2024-07-26 19:54:22.839429+00:00,QUANTUM MANAGEMENT SERVICES,309
3526,2024-07-26 19:54:22.839429+00:00,QUANTUME MANAGEMENT SERVICES,309
3527,2024-07-26 19:54:22.839429+00:00,QUANTAM MANAGEMENT SERVICES,309
3528,2024-07-26 19:54:22.839429+00:00,QUANTUM MANAGEMENT SERVICES SERVICES GESTION QUANTUM,309
3529,2024-07-26 19:54:22.839429+00:00,QUANTUM MANAGEMENT,309
3530,2024-07-26 19:54:22.839429+00:00,QUANTUM MANAGEMENT SVCS,309
3531,2024-07-26 19:54:22.839429+00:00,QUANTUM MANAGEMENT SERVICES SERVICES DAIDE TEMPORAIRE,309
3612,2024-07-26 20:06:33.045189+00:00,SHEL CANADA PRODUCTS,312
3613,2024-07-26 20:06:33.045189+00:00,SHELL AVIATION SHELL CANADA PRODUCTS,312
3614,2024-07-26 20:06:33.045189+00:00,SHEEL CANADA PRODUCTS,312
3615,2024-07-26 20:06:33.045189+00:00,SHELL CANADA PRODUCTS GHL TRANSPORT,312
3703,2024-07-26 20:18:14.740414+00:00,TRAMP OIL GERMANY,315
3704,2024-07-26 20:18:14.740414+00:00,TRAMP OIL GERMANY WORLD FUELS,315
3769,2024-07-26 20:33:03.837168+00:00,RAYTHEON SIS,313
3770,2024-07-26 20:33:03.837168+00:00,RAYTHEONSIS,313
3771,2024-07-26 20:33:03.837168+00:00,RAYTHEON COMPANY,313
3772,2024-07-26 20:33:03.837168+00:00,RAYTHEON ANSCHUTZ,313
3773,2024-07-26 20:33:03.837168+00:00,RAYTHEON SOLIPSYS,313
3774,2024-07-26 20:33:03.837168+00:00,RAYTHEON TECHNICAL SERVICES,313
3775,2024-07-26 20:33:03.837168+00:00,TAYTHEON CANADA,313
3776,2024-07-26 20:33:03.837168+00:00,RAYTHEON SECURE INFORMATION SYSTEMS,313
3777,2024-07-26 20:33:03.837168+00:00,RAYTHEON TRUSTED COMPUTER SOLUTIONS,313
3778,2024-07-26 20:33:03.837168+00:00,RAYTHEON INTEGRATED DEFENSE SYSTEMS,313
3796,2024-07-26 20:38:01.875620+00:00,ATCO STRUC LOGIST SERV YELLOWKNIFE,320
3797,2024-07-26 20:39:52.646549+00:00,TOYOTA MOTOR THAILAND,319
3798,2024-07-26 20:39:52.646549+00:00,TOYOTA TRINIDAD TOBAGO,319
3799,2024-07-26 20:39:52.646549+00:00,TOYOTA CA,319
3800,2024-07-26 20:39:52.646549+00:00,TOYOTA,319
3801,2024-07-26 20:39:52.646549+00:00,TOYOTA CANADA TOYOTA CANADA,319
3823,2024-07-26 20:45:59.594660+00:00,DILLON CONSULTING,322
3824,2024-07-26 20:45:59.594660+00:00,DILLON CONSULTING HALIFAX,322
3825,2024-07-26 20:45:59.594660+00:00,DILLON CONSULTING FREDERICTON,322
3826,2024-07-26 20:45:59.594660+00:00,DILLON CONSULTING CONSULTANTS DILLON,322
3827,2024-07-26 20:45:59.594660+00:00,DILLION CONSULTING,322
3828,2024-07-26 20:45:59.594660+00:00,DILLON CONSTULTING,322
3829,2024-07-26 20:45:59.594660+00:00,DILLON CONSULTING WINNIPEG,322
3830,2024-07-26 20:45:59.594660+00:00,DILLON CONSULTING CONSULTANTS DILLON NOVATOX,322
3897,2024-07-27 07:34:27.322285+00:00,COACH CANADA,330
2565,2024-07-23 17:59:15.484578+00:00,LOCKHEED MARTIN AERONAUTICS SERVICES INTERNATIONAL,198
2566,2024-07-23 17:59:15.484578+00:00,LOCKHEED MARTIN NAVAL ELECTRONICS SURVEILLANCE SYSTEMS,198
2567,2024-07-23 17:59:15.484578+00:00,LOCKHEED MARTIN AERONAUTICS GLOBAL SUPPLY CHAIN SERVICES,198
2568,2024-07-23 18:42:33.134044+00:00,DMTI SPATIAL,58
2359,2024-07-22 16:43:17.334255+00:00,DRS TECHNOLOGIES CANADA,36
2360,2024-07-22 16:43:17.334255+00:00,DRS TECHNOLOGIES CANADA DRS TECHNOLOGIES CANADA,36
2361,2024-07-22 16:43:17.334255+00:00,DRS TECHNOLOGIES CANADA COMPANY,36
2362,2024-07-22 16:43:17.334255+00:00,DRS TECHNOLOGIES,36
2392,2024-07-22 16:52:11.857461+00:00,PIVOTAL POWER,36
2394,2024-07-22 17:03:06.754138+00:00,PIVOTAL POWERS,36
2395,2024-07-22 17:03:06.754138+00:00,DRS PIVOTAL POWER,36
2569,2024-07-23 18:56:32.788626+00:00,DRS INFRARED TECHNOLOGIES,36
2570,2024-07-23 18:58:41.730399+00:00,DRS DATA IMAGING SYSTEMS,36
2571,2024-07-23 19:07:14.183357+00:00,DRS RSTA,36
2572,2024-07-23 19:07:14.183357+00:00,DRS ICAS,36
2573,2024-07-23 19:07:14.183357+00:00,DRS C3 SYSTEMS,36
2574,2024-07-23 19:07:14.183357+00:00,DRS SIGNAL SOLUTIONS,36
2575,2024-07-23 19:07:14.183357+00:00,DRS WEATHER SYSTEMS,36
2576,2024-07-23 19:07:14.183357+00:00,DRS C3 AVIATION COMPANY,36
2577,2024-07-23 19:07:14.183357+00:00,DRS EW NETWORK SYSTEMS,36
2578,2024-07-23 19:07:14.183357+00:00,DRS SUSTAINMENT SYSTEMS,36
2579,2024-07-23 20:08:32.096905+00:00,1298150 BC DBA EMIL ANDERSON MAINTENANCE ROBSON,155
2580,2024-07-23 20:13:51.847868+00:00,GERRY ENNS CONTRACTING,155
6945,2024-08-30 01:21:04.906703+00:00,CANTEXOKANAGAN CONSTRUCTION,772
6959,2024-08-30 01:40:40.847195+00:00,KONTZAMANIS GRAUMANN SMITH,777
2583,2024-07-23 20:41:44.534219+00:00,CHANTIERS DAVIE,199
2584,2024-07-23 20:41:44.534219+00:00,CHANTIER DAVIE CANADA,199
2585,2024-07-23 20:41:44.534219+00:00,DAVIE CANADA YARD CHANTIER DAVIE CANADA,199
2586,2024-07-23 20:41:44.534219+00:00,DAVIE SHIPYARD CANADA CHANTIER DAVIE CANADA,199
2587,2024-07-23 20:43:08.952767+00:00,DAVIE MARITIME DAVIE MARITIME,199
2588,2024-07-23 20:43:08.952767+00:00,DAVIE CANADA YARD,199
2589,2024-07-23 22:49:19.351700+00:00,DONNA CONA IBM CANADA IN JV,101
2590,2024-07-24 13:29:32.479194+00:00,CHANTIER NAVAL FORILLON,200
2591,2024-07-24 13:31:23.591799+00:00,MOTEURS FILIATRAULT CHANTIER NAVAL MF,200
2592,2024-07-24 13:31:23.591799+00:00,GROUPE FORILLON,200
2593,2024-07-24 13:31:23.591799+00:00,MF ENGINEERING FACTORY CHANTIER NAVAL MF MOTEURS FILIATRAULT,200
2594,2024-07-24 13:36:02.979904+00:00,CHARTER TELECOM,201
2595,2024-07-24 13:36:02.979904+00:00,CHARTER,201
2596,2024-07-24 13:37:39.836603+00:00,CHEVRON,202
2597,2024-07-24 13:37:39.836603+00:00,CHEVRON CA,202
2598,2024-07-24 13:37:39.836603+00:00,CHEVRON CANADA CHEVRON CANADA,202
2599,2024-07-24 13:37:39.836603+00:00,CHEVRON CANADA,202
2600,2024-07-24 13:37:39.836603+00:00,CHEVRON CANADAD,202
2601,2024-07-24 13:37:39.836603+00:00,CHEVRON CANADA RM,202
2602,2024-07-24 13:37:39.836603+00:00,CHEVRONCANADA,202
2603,2024-07-24 13:37:39.836603+00:00,CHEVRON CANADA R M,202
2604,2024-07-24 13:39:22.498611+00:00,CHEVERON CANADA,202
2605,2024-07-24 13:39:22.498611+00:00,CHEVRON CANADA UPSTREAM,202
2606,2024-07-24 13:39:22.498611+00:00,CHEVRON CANADA RESOURCES,202
2607,2024-07-24 13:39:22.498611+00:00,CHEVRON RENEWABLE ENERGY GROUP,202
2608,2024-07-24 13:40:30.439764+00:00,CHEVRON CANADA BURNABY REFINERY,202
2609,2024-07-24 13:42:46.583398+00:00,CISTEL,203
2610,2024-07-24 13:42:46.583398+00:00,CISTEL TECHNOLOGY,203
2611,2024-07-24 13:44:50.466767+00:00,CISTEL A TECHNOLOGY,203
2612,2024-07-24 13:44:50.466767+00:00,CISTEL TECHNOLOGY NC,203
2613,2024-07-24 13:44:50.466767+00:00,CISTEL TECHNOLOGY TECSIS,203
2614,2024-07-24 13:44:50.466767+00:00,CISTEL INFORMATION SYSTEMS,203
2615,2024-07-24 13:48:17.218256+00:00,COLT CANADA,204
2616,2024-07-24 13:48:17.218256+00:00,COLT CANADA COLT CANADA,204
2617,2024-07-24 13:52:12.079859+00:00,COMPUGEN,205
2618,2024-07-24 13:52:12.079859+00:00,COMPUGEN COMPUGEN,205
2619,2024-07-24 13:52:12.079859+00:00,COMPUGEN HORIZON,205
2620,2024-07-24 13:52:12.079859+00:00,COMPUGEN SYSTEMS,205
2621,2024-07-24 13:52:12.079859+00:00,COMPUGEN SYSTEMES,205
2622,2024-07-24 13:52:12.079859+00:00,COMPUGEN SERVICES,205
2623,2024-07-24 13:52:12.079859+00:00,COMPUGEN LOGISTICS,205
2624,2024-07-24 13:52:12.079859+00:00,COMPUGENHORIZON,205
2625,2024-07-24 13:52:12.079859+00:00,COMPUGEN SYSTEMS OTTAWA,205
2626,2024-07-24 13:52:58.458580+00:00,COMPUGEN DXC CONSORTIUM RESPONSE,205
2627,2024-07-24 13:52:58.458580+00:00,COMPUGEN HORIZON DARTMOUTH NS,205
2628,2024-07-24 14:05:27.370110+00:00,CORADIX,206
2629,2024-07-24 14:05:27.370110+00:00,CORADIX CONSULTING,206
2630,2024-07-24 14:05:27.370110+00:00,CORADIX TECHNOLOGY,206
2631,2024-07-24 14:05:27.370110+00:00,CORADIX TECHONOLOGIES,206
2632,2024-07-24 14:05:27.370110+00:00,CORADIX TECHNOLOGY CONSULTNG,206
2633,2024-07-24 14:05:27.370110+00:00,CORADIX TECHNLOGY CONSULTING,206
2634,2024-07-24 14:05:27.370110+00:00,CORADIX TECHNOLOGY CONSULING,206
2635,2024-07-24 14:05:27.370110+00:00,CORADIX TECHNOLOGY CONSULTANT,206
2636,2024-07-24 14:05:27.370110+00:00,CORADIX CONSULTING TECHNOLOGY CONSULTING,206
2637,2024-07-24 14:05:27.370110+00:00,CORADIX TECHNOLOGY CONSULTING,206
2638,2024-07-24 14:05:27.370110+00:00,CORADIX TEHCHNOLOGY CONSULTING,206
2639,2024-07-24 14:05:27.370110+00:00,CORADIX TECHNOLOGYCONSULTING,206
2640,2024-07-24 14:05:27.370110+00:00,CORADIX TECHNOLOGY CONSULTANTING,206
2641,2024-07-24 14:05:27.370110+00:00,CORADIX TECHNOLOGY CONS SERVICES,206
2642,2024-07-24 14:06:08.122538+00:00,CORADIXTECHNOLOGY CONSULTING,206
2643,2024-07-24 14:06:08.122538+00:00,ORADIX TECHNOLOGY CONSULTING,206
2644,2024-07-24 14:06:08.122538+00:00,199235 CORADIX TECHNOLOGY CONSULTING,206
2645,2024-07-24 19:22:51.197924+00:00,NTT DATA,207
2646,2024-07-24 19:22:51.197924+00:00,NTT DATA CANADA,207
2647,2024-07-24 19:23:56.799773+00:00,NTT DATA SIERRA SYSTEMS,207
2648,2024-07-24 19:24:55.703146+00:00,NTTDATA SIERRA SYSTEMS,207
2649,2024-07-24 19:25:48.791027+00:00,SIERRA SYSTEMS,207
2650,2024-07-24 19:26:45.642698+00:00,SIERRA SYSTEMS GROUP,207
2651,2024-07-24 19:26:45.642698+00:00,SIERRA SYSTEMS CONSULTANTS,207
2652,2024-07-24 19:26:45.642698+00:00,SIERRA SYSYTEMS GROUP,207
2653,2024-07-24 19:26:56.042960+00:00,AXIOS SYSTEMS DBA SIERRA SYSTEMS,207
2654,2024-07-24 19:27:16.796743+00:00,SIERRA SYSTEMS GROUP CR 131178,207
2655,2024-07-24 19:28:59.485643+00:00,NYE FANAFJORD AS,208
2656,2024-07-24 19:32:07.520568+00:00,OK INDUSTRIES,209
2657,2024-07-24 19:32:07.520568+00:00,O K INDUSTRIES,209
2658,2024-07-24 19:33:43.299356+00:00,OKANAGAN AGGREGATES,210
2659,2024-07-24 19:35:39.785758+00:00,ORACLE CANADA,211
2666,2024-07-24 19:37:03.070232+00:00,ORACLE,211
2660,2024-07-24 19:35:39.785758+00:00,ORACLE CNADA,211
2661,2024-07-24 19:35:39.785758+00:00,190756 ORACLE CANADA,211
2662,2024-07-24 19:35:39.785758+00:00,ORACLE CANADA OTTAWA ON,211
2663,2024-07-24 19:35:39.785758+00:00,ORACLE CA,211
2664,2024-07-24 19:35:39.785758+00:00,ORACLE CORPORATIONS CANADA,211
2665,2024-07-24 19:35:39.785758+00:00,ORACLE CANADA MISSISSAUGA ON,211
3055,2024-07-25 16:46:43.658939+00:00,BC CONSERVATION FOUNDATION,260
3056,2024-07-25 16:46:43.658939+00:00,B C CONSERVATION FOUNDATION,260
3057,2024-07-25 16:47:00.860562+00:00,WELLS FARGO TRUST COMPANY,246
4693,2024-07-30 12:15:32.907550+00:00,HP ENTERPRISE,393
4694,2024-07-30 12:15:32.907550+00:00,HP ENTERPRISE CANADA,393
3376,2024-07-26 11:34:52.928264+00:00,BLUEWAVE,294
3377,2024-07-26 11:34:52.928264+00:00,BLUE WAVE,294
3378,2024-07-26 11:34:52.928264+00:00,BLUEWAVE ENREGY,294
3379,2024-07-26 11:34:52.928264+00:00,BLUEWAVE EMERGU,294
3380,2024-07-26 11:34:52.928264+00:00,BLUEWAVE ENGERY,294
3381,2024-07-26 11:34:52.928264+00:00,BLUEWAVE ENERGY,294
3382,2024-07-26 11:34:52.928264+00:00,BLUEWAVE ENGERGY,294
3383,2024-07-26 11:34:52.928264+00:00,BLUEWAVE ENEREGY,294
3384,2024-07-26 11:34:52.928264+00:00,BLUEWAVE ENERGAY,294
3385,2024-07-26 11:34:52.928264+00:00,BLUEWAVE GASOLINE,294
3386,2024-07-26 11:34:52.928264+00:00,BLUEWAVE PARKLAND,294
3387,2024-07-26 11:34:52.928264+00:00,PARKLAND BLUEWAVE,294
3388,2024-07-26 11:34:52.928264+00:00,BLUEWAVEULTRAMAR,294
3389,2024-07-26 11:34:52.928264+00:00,BLUEWAVEPARKLAND,294
3390,2024-07-26 11:34:52.928264+00:00,BLUEWAVW ENERGY,294
3391,2024-07-26 11:34:52.928264+00:00,BLUE WAVE ENERGY,294
3392,2024-07-26 11:34:52.928264+00:00,PARKLANDBLUEWAVE,294
3393,2024-07-26 11:34:52.928264+00:00,BLUEWAVE ENERGY SERVICES,294
3394,2024-07-26 11:34:52.928264+00:00,PARKLAND OA BLUEWAVE ENERGY,294
3395,2024-07-26 11:34:52.928264+00:00,BLURWAVE EMERGY,294
3396,2024-07-26 11:34:52.928264+00:00,BLUEWAVE ENERGY PARKLAND FUEL,294
3404,2024-07-26 11:41:13.145127+00:00,PARKLAND OPERATION,269
3474,2024-07-26 18:13:52.942472+00:00,INSA,300
3533,2024-07-26 19:57:54.040337+00:00,SIMEX,310
3534,2024-07-26 19:57:54.040337+00:00,SIMEX DEENCE,310
3535,2024-07-26 19:57:54.040337+00:00,SIMEX DFENCE,310
3536,2024-07-26 19:57:54.040337+00:00,SIMEX DEFEMCE,310
3537,2024-07-26 19:57:54.040337+00:00,DEFENSE SIMEX,310
3538,2024-07-26 19:57:54.040337+00:00,SIMEX DEFENSE,310
3539,2024-07-26 19:57:54.040337+00:00,SIMEX DEFENCE,310
3540,2024-07-26 19:57:54.040337+00:00,SIMEX DENFENCE,310
3541,2024-07-26 19:57:54.040337+00:00,SIMEX DEFENCES,310
3542,2024-07-26 19:57:54.040337+00:00,SIMEX DENFENSE,310
3543,2024-07-26 19:57:54.040337+00:00,SIMEX DEFFENCE,310
3544,2024-07-26 19:57:54.040337+00:00,SIMEX DEFEFNCE,310
3545,2024-07-26 19:57:54.040337+00:00,SIMEX EQUIPMENT,310
3546,2024-07-26 19:57:54.040337+00:00,SIMEXDEFENCE,310
3547,2024-07-26 19:57:54.040337+00:00,SIMEX DEFENCE DEFENSE SIMEX,310
3548,2024-07-26 19:57:54.040337+00:00,SIMEX DEFENCE IN,310
3549,2024-07-26 19:57:54.040337+00:00,SIMEX DEFENCE ONC,310
3550,2024-07-26 19:57:54.040337+00:00,SIMEX DEFENCE ING,310
3618,2024-07-26 20:12:12.971909+00:00,VWR INTERNATIONAL,314
3619,2024-07-26 20:12:12.971909+00:00,VWR INTERNATIONALCO,314
3620,2024-07-26 20:12:12.971909+00:00,VWR INTERNATIONAL CANADA,314
3621,2024-07-26 20:12:12.971909+00:00,VWR INTERNATIONAL COMPANY,314
3622,2024-07-26 20:12:12.971909+00:00,V W R INTERNATIONAL,314
3705,2024-07-26 20:18:44.894427+00:00,WORLD FUREL INTERNATIONAL,315
3706,2024-07-26 20:18:44.894427+00:00,WORLD SUEL INTERNATIONAL,315
3781,2024-07-26 20:35:13.916542+00:00,RAYTHEON SYSTEMS COMPANY INTERNATIONAL OPERATIONS,313
3802,2024-07-26 20:41:27.801161+00:00,ATCO FRONTEC,320
3803,2024-07-26 20:41:27.801161+00:00,ATCO FRONTEC SERVICES,320
3804,2024-07-26 20:41:27.801161+00:00,ATCO POWER CANADA,320
3805,2024-07-26 20:41:27.801161+00:00,ATCO ELECTRIC,320
3806,2024-07-26 20:41:27.801161+00:00,ATCO GAS,320
3807,2024-07-26 20:41:27.801161+00:00,ATCO POWER 2010,320
3808,2024-07-26 20:41:27.801161+00:00,ATCO,320
3809,2024-07-26 20:41:27.801161+00:00,ATCO PIPELINES,320
3810,2024-07-26 20:41:27.801161+00:00,ATCO WOOD PRODUCTS,320
3811,2024-07-26 20:41:27.801161+00:00,ATCO NOISE MANAGEMENT,320
3812,2024-07-26 20:41:27.801161+00:00,ATCO GAS PIPELINES,320
3813,2024-07-26 20:41:27.801161+00:00,ATCO GROUP AIRPORT AIRPORT HOTEL,320
3814,2024-07-26 20:41:27.801161+00:00,ATCO ENERGY,320
3815,2024-07-26 20:41:27.801161+00:00,ATCO GROUP,320
3816,2024-07-26 20:41:27.801161+00:00,ATCO POWER,320
4695,2024-07-30 12:15:32.907550+00:00,HP ENTERPRISE SERVICES,393
4707,2024-07-30 12:16:10.619789+00:00,HPE,393
4738,2024-07-30 16:24:50.974502+00:00,MORIYAMA TESHIMA ARCHITECTS,396
4859,2024-07-30 18:48:51.955937+00:00,SKYLINK PAE,415
6948,2024-08-30 01:30:51.982522+00:00,BEST SERVICE PROS,775
3879,2024-07-26 23:41:13.284528+00:00,HONEYWELL ADVANCED FIBERS COMPOSITES,325
3880,2024-07-26 23:41:13.284528+00:00,HONEYWELL INTERNATIONAL DEFENSE SPACE,325
3881,2024-07-26 23:41:13.284528+00:00,HONEYWELL INTERNATIONAL GROUND SUPPORT SOLUTIONS,325
3882,2024-07-26 23:41:13.284528+00:00,HONEYWELL AEROSPACE CUSTOMER SUPPORT SOLUTIONS,325
3885,2024-07-27 03:30:47.625025+00:00,EMS TECHNOLOGIES CANADA,325
3888,2024-07-27 06:04:08.241153+00:00,CORBEL MANAGEMENT,327
3890,2024-07-27 06:58:34.949449+00:00,CAMPBELL DRUG STORES,329
6949,2024-08-30 01:30:51.982522+00:00,BEST SERVICES PROS,775
6950,2024-08-30 01:30:51.982522+00:00,BEST SEWRVICE PROS,775
6951,2024-08-30 01:30:51.982522+00:00,BEST SEERVICES PROS,775
6952,2024-08-30 01:30:51.982522+00:00,BEST CLEANING SERVICES,775
3907,2024-07-28 21:43:13.722066+00:00,SAP CANADA,334
3908,2024-07-28 21:43:13.722066+00:00,SAP CANDA,334
3909,2024-07-28 21:43:13.722066+00:00,SAP CA,334
3910,2024-07-28 21:43:13.722066+00:00,SAP,334
3911,2024-07-28 21:43:13.722066+00:00,SAP CANADA SAP CANADA,334
3913,2024-07-28 21:54:06.552244+00:00,SYBASE,334
3914,2024-07-28 21:54:06.552244+00:00,SYBASE CANADA,334
3918,2024-07-28 22:06:13.475781+00:00,CONPRO INDUSTRIES CANADA,336
3924,2024-07-29 03:29:26.846334+00:00,DH,339
3926,2024-07-29 04:01:27.407210+00:00,EMS GLOBAL TRACKING,325
3930,2024-07-29 04:45:16.363819+00:00,JD IRVING,341
3931,2024-07-29 04:45:16.363819+00:00,JD IRVING KENTS,341
3932,2024-07-29 04:45:16.363819+00:00,J D IRVING,341
3933,2024-07-29 04:45:16.363819+00:00,JDIRVING,341
3934,2024-07-29 04:45:16.363819+00:00,A DIVISION JD IRVING,341
3939,2024-07-29 05:13:37.130437+00:00,IRVING EQUIPMENT,341
3940,2024-07-29 05:13:37.130437+00:00,IRVING EQUIPMENT EQUIPEMENT,341
3941,2024-07-29 05:13:37.130437+00:00,IRVING EQUIPMENT EQUIPEMENT IRVING,341
2667,2024-07-24 19:40:15.593720+00:00,PAL AEROSPACE,212
6953,2024-08-30 01:30:51.982522+00:00,BEST SERVICES CLEANING,775
3058,2024-07-25 16:47:07.995285+00:00,CANADA POST,261
3059,2024-07-25 16:47:07.995285+00:00,CANADA POST POSTES CANADA,261
3060,2024-07-25 16:47:07.995285+00:00,POSTES CANADA,261
3317,2024-07-25 19:06:30.473615+00:00,ED BRUNET ASSOCIATES CANADA,284
3318,2024-07-25 19:06:30.473615+00:00,E D BRUNET ASSOCIES CANADA,284
3397,2024-07-26 11:37:23.439921+00:00,ULTRAMAR,295
3398,2024-07-26 11:37:23.439921+00:00,ULTRAMAR ULTRAMAR,295
3399,2024-07-26 11:37:23.439921+00:00,ULTRAMAR CANADA,295
3400,2024-07-26 11:37:23.439921+00:00,ULTRAMAR LIMITACE,295
3401,2024-07-26 11:37:23.439921+00:00,ULTRAMAR PARKLAND FUEL,295
3402,2024-07-26 11:37:23.439921+00:00,ULTRAMAR BLUEWAVE ENERGY,295
3403,2024-07-26 11:37:23.439921+00:00,ULTRAMARBLUEWAVE ENERGY,295
3475,2024-07-26 18:58:35.691465+00:00,PEERLESS GARMENTS,301
3476,2024-07-26 18:58:35.691465+00:00,PEERLESS GARMENT,301
3477,2024-07-26 18:58:35.691465+00:00,PEERLESS GARNMETS,301
3551,2024-07-26 19:58:29.662868+00:00,QUANTUM,309
3552,2024-07-26 19:58:29.662868+00:00,QUANTUM HR,309
3553,2024-07-26 19:58:29.662868+00:00,SERVICES GESTION QUANTUM,309
3554,2024-07-26 19:58:29.662868+00:00,QUANTUM MANAGEMENT SYSTEMS,309
3623,2024-07-26 20:12:35.579912+00:00,AVANTOR,314
3624,2024-07-26 20:12:35.579912+00:00,VWR PART AVANTOR,314
3625,2024-07-26 20:12:35.579912+00:00,VWR A PART AVANTOR,314
3626,2024-07-26 20:12:35.579912+00:00,AVANTOR DELIVERED BY VWR,314
3627,2024-07-26 20:12:35.579912+00:00,AVANTOR VMR INTERNATIONAL,314
3707,2024-07-26 20:21:18.440400+00:00,GLOBAL TOTAL OFFICE,316
3820,2024-07-26 20:45:18.418975+00:00,CANADAIN RED CROSS,321
3821,2024-07-26 20:45:18.418975+00:00,CANADIAN RED CROSS CROIXROUGE CANADIENNE,321
3822,2024-07-26 20:45:18.418975+00:00,RED CROSS,321
3883,2024-07-27 03:17:34.503714+00:00,HONEYWELL ENGINES SYSTEMS SERVICES,325
3886,2024-07-27 03:50:37.523518+00:00,CLICK NETWORKS,326
3887,2024-07-27 03:50:37.523518+00:00,CLICK NETWORK,326
3889,2024-07-27 06:18:28.436177+00:00,CONSTRUCTION CYBCO,328
3891,2024-07-27 07:20:51.493950+00:00,COMPUCOM,330
3892,2024-07-27 07:20:51.493950+00:00,COMPUCON COM,330
3893,2024-07-27 07:20:51.493950+00:00,COMPU COM,330
3894,2024-07-27 07:20:51.493950+00:00,COMPUCOM CANADA,330
3895,2024-07-27 07:20:51.493950+00:00,COMPUCOM SYSTEM,330
3896,2024-07-27 07:20:51.493950+00:00,COMPUCOM SYSTEMS,330
3898,2024-07-28 15:44:51.358604+00:00,AVONDALE CONSTRUCTION,331
3899,2024-07-28 15:44:51.358604+00:00,AVONDALE CONSTRUCTION HALIFAX,331
3900,2024-07-28 15:44:51.358604+00:00,AVONDALE CONSTRUCTION MONCTON,331
3906,2024-07-28 21:33:55.972552+00:00,ARIBA,334
3912,2024-07-28 21:50:29.529544+00:00,QUALTRICS,334
3915,2024-07-28 21:59:17.096653+00:00,EIFFAGE INNOVATIVE CANADA,335
3916,2024-07-28 21:59:17.096653+00:00,EIFFAGE INNOVATIONS CANADA,335
3917,2024-07-28 22:00:37.153625+00:00,EIFFAGE INFRACON HALFWAY RIVER JV A JOINT VENTURE COMPRISED,335
3919,2024-07-28 22:11:46.711250+00:00,BAVARIAN NORDIC AS,337
3920,2024-07-28 22:11:46.711250+00:00,BAVARIAN NORDIC,337
3921,2024-07-28 22:11:46.711250+00:00,BAVARAIN NORDIC,337
3922,2024-07-28 22:17:15.926373+00:00,ESAP PROJECT PARTNERSHIP,338
3923,2024-07-28 22:17:15.926373+00:00,ESAP PROJECTCO PARTNERSHIP,338
3925,2024-07-29 03:57:12.795816+00:00,EMS TECHNOLOGIES CANADA HONEYWELL,325
3927,2024-07-29 04:37:58.478044+00:00,DIAMOND SCHMITT ARCHITECTS,340
3928,2024-07-29 04:37:58.478044+00:00,DIAMOND SCHMITT ARCHITECTS KWC ARCHITECTS IN JOINT VENTURE,340
3929,2024-07-29 04:37:58.478044+00:00,NUMBER TEN ARCHITECTURAL GROUP DIAMOND SCHMITT ARCHITECTS IN JOINT VENTURE,340
3935,2024-07-29 04:47:50.461024+00:00,CAVENDISH AGRI SERVICES,341
3936,2024-07-29 05:09:12.891287+00:00,CFM,341
3937,2024-07-29 05:09:12.891287+00:00,CFM SERVICES,341
3938,2024-07-29 05:12:16.643568+00:00,GULF OPERATORS,341
3942,2024-07-29 05:23:46.679367+00:00,KENT HOMES,341
3943,2024-07-29 05:23:46.679367+00:00,KENT HOMES A DIVISION JD IRVING,341
3944,2024-07-29 05:23:46.679367+00:00,KENT,341
3945,2024-07-29 05:23:46.679367+00:00,KENT BUILDING,341
3946,2024-07-29 05:23:46.679367+00:00,KENT BUIDLING,341
3947,2024-07-29 05:23:46.679367+00:00,KENTS,341
3948,2024-07-29 05:23:46.679367+00:00,KENT BLDG,341
3949,2024-07-29 05:23:46.679367+00:00,KENT AMHERST,341
3950,2024-07-29 05:23:46.679367+00:00,KENT HOMES MOBILE SHELTERS,341
3951,2024-07-29 05:23:46.679367+00:00,KENT S,341
3952,2024-07-29 05:27:05.563962+00:00,PUMPS PLUS,341
3953,2024-07-29 05:30:18.154472+00:00,IRVING CONSUMER PRODUCTS,341
3954,2024-07-29 05:36:03.083168+00:00,CAVENDISH FARMS,341
3955,2024-07-29 05:40:39.131088+00:00,IRVING PULP PAPER,341
3956,2024-07-29 05:54:54.570315+00:00,CHANDLER,341
3957,2024-07-29 05:54:54.570315+00:00,CHANDLER SALES,341
3958,2024-07-29 05:54:54.570315+00:00,CHANDLER DIV JD IRVING,341
3959,2024-07-29 05:54:54.570315+00:00,CHANDLER SANITATION DIVISION,341
3960,2024-07-29 05:54:54.570315+00:00,CHANDLER ALARM COMMUNICATIONS,341
3961,2024-07-29 05:54:54.570315+00:00,CHANDLER OFFICE ENVIRONMENTS,341
3962,2024-07-29 05:54:54.570315+00:00,CHANDLER A DIVISION JD IRVING,341
3963,2024-07-29 05:54:54.570315+00:00,CHANDLER SALES A DIVISION JD IRVING,341
3964,2024-07-29 05:54:54.570315+00:00,CHANDLER SUPPLIERS TO BUSINESS INDUSTRY,341
3965,2024-07-29 05:57:22.481248+00:00,KENT BUILDING SUPPLIES,341
3966,2024-07-29 05:57:22.481248+00:00,KENTS BUILDING SUPPLIES,341
3967,2024-07-29 05:57:22.481248+00:00,KENT BUILDING SUPPLES,341
3968,2024-07-29 05:57:22.481248+00:00,KENT BUILDING SUPPLY,341
3969,2024-07-29 05:57:22.481248+00:00,KENT BUILDING SUPPLIES HALIFAX,341
3970,2024-07-29 05:57:22.481248+00:00,KENT BUILDING SUPPLIES DARTMOUTH,341
3971,2024-07-29 05:57:22.481248+00:00,KENT BUILDING SUPPLIES FREDERICTON,341
3972,2024-07-29 05:57:22.481248+00:00,KENT BUILDING SUPPLIES DIVISION JDIRVING,341
3973,2024-07-29 05:57:22.481248+00:00,KENT IRVING INDUSTRIES COMMERCIAL SUPPLIES,341
3974,2024-07-29 05:57:58.394555+00:00,JD IRVING OPERATING AS KENT BUILDING SUPPLIES,341
3975,2024-07-29 06:01:33.911953+00:00,PLASTICRAFT,341
3976,2024-07-29 06:20:36.680150+00:00,OCEANIC CONSULTING,341
3977,2024-07-29 06:24:35.228310+00:00,HARBOUR DEVELOPMENT,341
3978,2024-07-29 06:24:35.228310+00:00,HARBOUR DEVELOPMENT JD IRVING,341
3979,2024-07-29 06:32:55.196622+00:00,ATLANTIC TOWING,341
3980,2024-07-29 06:45:15.383276+00:00,MIDLAND TRANSPORT,341
3981,2024-07-29 06:54:25.847648+00:00,IRVING,341
3982,2024-07-29 06:54:25.847648+00:00,IRIVING,341
3983,2024-07-29 06:54:25.847648+00:00,IRVING WEST,341
3984,2024-07-29 08:27:13.229815+00:00,2KEYS,342
4862,2024-07-30 19:20:17.125052+00:00,TERROUBI,62
6954,2024-08-30 01:33:44.775061+00:00,VERSETT,776
2671,2024-07-24 19:44:37.648447+00:00,PAL AERO SERVICES,212
2672,2024-07-24 19:44:37.648447+00:00,PAL AVIATION PROPERTIES,212
2673,2024-07-24 19:46:07.751560+00:00,PALADIN SECURITY,214
2674,2024-07-24 19:46:07.751560+00:00,PALADIN SECURITY GROUP,214
2675,2024-07-24 19:46:07.751560+00:00,PALADIN SECURITIES,214
2676,2024-07-24 19:46:07.751560+00:00,PALADIN SECURITY SYSTEMS,214
2677,2024-07-24 19:46:07.751560+00:00,PALADIN SECURITY GROUPE,214
2678,2024-07-24 19:46:07.751560+00:00,PALADIN SECURITY GROUP MANITOBA,214
2679,2024-07-24 19:46:07.751560+00:00,PALADIN,214
2680,2024-07-24 20:10:30.040814+00:00,PARSONS,215
2681,2024-07-24 20:10:30.040814+00:00,PARSONS CANADA,215
2682,2024-07-24 20:10:30.040814+00:00,PARSONS 20160913,215
2683,2024-07-24 20:18:19.323108+00:00,PATLON AIRCRAFT,216
2684,2024-07-24 20:18:19.323108+00:00,PATLON AIRCRAFT IND,216
2685,2024-07-24 20:18:19.323108+00:00,PATLON ARICRAFT,216
2686,2024-07-24 20:18:19.323108+00:00,PALTON AIRCRAFT,216
2687,2024-07-24 20:18:19.323108+00:00,PATLON AIRCRAFT INDUSTRIES,216
2688,2024-07-24 20:18:19.323108+00:00,PATLON AIRCRAFT LNDUSTRIES,216
2689,2024-07-24 20:18:19.323108+00:00,PATLON AIRCRAFT INDUSTRIED,216
2690,2024-07-24 20:18:19.323108+00:00,PATLONG AIRCRAFT INDUSTRIES,216
2691,2024-07-24 20:18:19.323108+00:00,PATLON,216
2692,2024-07-24 20:18:19.323108+00:00,PATLON AITCRAFT INDUSTRIES,216
2693,2024-07-24 20:18:19.323108+00:00,PALTON AIRCRAFT INDUSTRIES,216
2694,2024-07-24 20:18:19.323108+00:00,PALTRON AIRCRAFT INDUSTRIES,216
2695,2024-07-24 20:18:19.323108+00:00,PATLON AIRCFRAT INDUSTRIES,216
2696,2024-07-24 20:19:05.045671+00:00,PATLON INDUSTRIES,216
2697,2024-07-24 20:20:39.110254+00:00,PACIFIC BLUE CROSS,217
2698,2024-07-24 20:20:39.110254+00:00,PBC HEALTH BENEFITS SOCIETY DBA PACIFIC BLUE CROSS,217
2699,2024-07-24 20:25:35.889220+00:00,PBC HEALTH BENEFITS SOCIETY,217
2700,2024-07-25 13:26:27.512525+00:00,BELL CANADA TELEPHONE,167
2701,2024-07-25 13:26:27.512525+00:00,BELL TELEPHONE COMPANY,167
2702,2024-07-25 13:26:27.512525+00:00,BELL TELEPHONE COMPANY CANAD,167
2703,2024-07-25 13:26:27.512525+00:00,BELL TELEPHONE COMPANY CANADA,167
2704,2024-07-25 13:26:27.512525+00:00,BELL TELEPHONE COMPANY CANADA OR BELL CANADA,167
2705,2024-07-25 13:26:27.512525+00:00,BELL CANADA TELEPHONE NORTH YORK,167
2706,2024-07-25 13:26:27.512525+00:00,BELL TELEPHONE COMPANY CANADA OR BELL CANADA COMPAGNIE TE,167
2707,2024-07-25 13:26:27.512525+00:00,BELL TELEPHONE COMPANY CANADA OR BELL CANADA COMPAGNIE TI,167
2708,2024-07-25 15:51:47.651271+00:00,GROUPE SIGNATURE SUR,218
2709,2024-07-25 15:51:47.651271+00:00,GROUPE SIGNATURE SUR SAINT LAURENT,218
2710,2024-07-25 15:51:47.651271+00:00,GROUPE SIGNATURE SUR SAINTLAURENT,218
4696,2024-07-30 12:16:03.936881+00:00,HEWLETT PACKARD ENTERPRISE,393
4697,2024-07-30 12:16:03.936881+00:00,HEWLETTPACKARD ENTERPRISE,393
4698,2024-07-30 12:16:03.936881+00:00,HEWLETT PACKARD ENTERPRISE CANADA,393
2714,2024-07-25 16:20:03.827846+00:00,AGILYSYS,220
2715,2024-07-25 16:20:03.827846+00:00,AGILYSYS CANADA,220
2716,2024-07-25 16:20:03.827846+00:00,AGILSYS CANADA,220
2717,2024-07-25 16:20:03.827846+00:00,AGILYSIS CANADA,220
2718,2024-07-25 16:20:28.694152+00:00,AXYS TECHNOLOGIES,224
2719,2024-07-25 16:21:44.852246+00:00,BLUMETRIC,221
2720,2024-07-25 16:21:44.852246+00:00,BLUEMETRIC,221
2721,2024-07-25 16:21:44.852246+00:00,BLUMETRIC ENVIRONMENT,221
2722,2024-07-25 16:21:44.852246+00:00,BLUMETRIC ENVIROMENTAL,221
2723,2024-07-25 16:21:44.852246+00:00,BLUMETRIC ENVIRNOMENTAL,221
2724,2024-07-25 16:21:44.852246+00:00,BLUMETRIC ENVIRONMENTAL,221
2725,2024-07-25 16:21:44.852246+00:00,BLUMETRIC INTERNATIONAL,221
2726,2024-07-25 16:21:44.852246+00:00,BLUMETRIC ENVIRONMENTAIL,221
2727,2024-07-25 16:21:44.852246+00:00,BLUMETRIC ENVIRONMANTALINC,221
2728,2024-07-25 16:21:44.852246+00:00,BLUMETRICSEPROTECH SYSTEMS,221
2729,2024-07-25 16:21:44.852246+00:00,BLUEMETRIC ENVIRONMENTAL,221
2730,2024-07-25 16:21:44.852246+00:00,BLUE METRIC ENVIRONMENTAL,221
2731,2024-07-25 16:21:44.852246+00:00,WESA A DIVSION BLUMETRIC ENVIRONMENTA,221
2732,2024-07-25 16:21:44.852246+00:00,BLUMRTRIC ENVIRONMENTAL,221
2733,2024-07-25 16:21:44.852246+00:00,WESA A DIVISION BLUMETRIC ENVIRONMENTAL,221
2734,2024-07-25 16:21:47.912963+00:00,CLEEVE,223
2735,2024-07-25 16:21:47.912963+00:00,CLEEVE TEHNOLOGY,223
2736,2024-07-25 16:21:47.912963+00:00,CLEEVE TACHNOLOGY,223
2737,2024-07-25 16:21:47.912963+00:00,CLEEVE TECHNOLOGY,223
2738,2024-07-25 16:21:47.912963+00:00,CLEEVE TECHONOLOGY,223
2739,2024-07-25 16:21:47.912963+00:00,CLEEVE TECHNOLOGIES,223
2740,2024-07-25 16:21:47.912963+00:00,CLEEVE TECHNOLOGY CANADA,223
2741,2024-07-25 16:23:02.866872+00:00,4 OFFICE AUTOMATION,225
2742,2024-07-25 16:23:02.866872+00:00,7 OFFICE AUTOMATION,225
2743,2024-07-25 16:23:02.866872+00:00,8 OFFICE AUTOMATION,225
2744,2024-07-25 16:23:02.866872+00:00,5 OFFICE AUTOMATION,225
2745,2024-07-25 16:23:02.866872+00:00,9 OFFICE AUTOMATION,225
2746,2024-07-25 16:23:02.866872+00:00,6 OFFICE AUTOMATION,225
2747,2024-07-25 16:23:02.866872+00:00,4OFFICE AUTOMATION,225
2748,2024-07-25 16:23:02.866872+00:00,4 OFFICE AUTOMATION KYOCERA DOCUMENT SOLUTIONS,225
2749,2024-07-25 16:23:13.238045+00:00,ALLIED WINGS,226
2750,2024-07-25 16:23:27.402378+00:00,WESA,221
2751,2024-07-25 16:23:27.402378+00:00,WESA CARP,221
2752,2024-07-25 16:23:27.402378+00:00,WESA SUDBURY,221
2753,2024-07-25 16:24:32.335164+00:00,AXYS,224
2754,2024-07-25 16:24:37.099646+00:00,CANON,219
2755,2024-07-25 16:24:37.099646+00:00,CANON CA,219
2756,2024-07-25 16:24:37.099646+00:00,CANON CANDA,219
2757,2024-07-25 16:24:37.099646+00:00,CANADA CANON,219
2758,2024-07-25 16:24:37.099646+00:00,CANON CANADA,219
2759,2024-07-25 16:24:37.099646+00:00,CANON CANADA TBS,219
2760,2024-07-25 16:24:37.099646+00:00,CANNON CANADA,219
2761,2024-07-25 16:24:37.099646+00:00,CANON DEUTSCHLAND,219
2762,2024-07-25 16:24:37.099646+00:00,CANAON CANADA,219
2763,2024-07-25 16:24:37.099646+00:00,CANON CANADA CR 101547,219
2764,2024-07-25 16:24:37.099646+00:00,CANON SINGAPORE PTE,219
2765,2024-07-25 16:24:37.099646+00:00,CANON CANADA OAKVILLE ON,219
2766,2024-07-25 16:24:37.099646+00:00,CANON CANADA OE DIVISION,219
2767,2024-07-25 16:25:11.191498+00:00,ALLIED WINGS PARTNERSHIP,226
2768,2024-07-25 16:25:11.191498+00:00,ALLIED WINGS FLIGHT TRAINING SERVICES,226
2769,2024-07-25 16:25:23.915869+00:00,OE A DIVISION CANON CANADA,219
2770,2024-07-25 16:25:23.915869+00:00,CANON CANADA MISSISSAUGA,219
2771,2024-07-25 16:25:30.449067+00:00,4REFUEL CANADA,229
2772,2024-07-25 16:25:30.449067+00:00,4REFUEL CANADA TD,229
2773,2024-07-25 16:25:30.449067+00:00,4REFUELS CANADA,229
5025,2024-07-31 05:37:28.947117+00:00,BRYCO PROJECTS,436
2774,2024-07-25 16:25:30.449067+00:00,4 REFUEL CANADA,229
2775,2024-07-25 16:25:30.449067+00:00,4 REFUELS CANADA,229
2776,2024-07-25 16:25:30.449067+00:00,4REFUEL,229
2777,2024-07-25 16:25:44.776065+00:00,AINSWORTH,227
2778,2024-07-25 16:25:44.776065+00:00,AINSWORTH WEST,227
2779,2024-07-25 16:25:44.776065+00:00,AINSWORTH HALIFAX,227
2780,2024-07-25 16:25:44.776065+00:00,AINSWORTH ATLANTIC,227
6955,2024-08-30 01:34:02.082311+00:00,VERSETT DBA DOMAIN7 SOLUTIONS,776
6958,2024-08-30 01:39:32.581350+00:00,KGS GROUP,777
2785,2024-07-25 16:26:52.759738+00:00,AIR LIQUIDE CANADA,231
2786,2024-07-25 16:26:52.759738+00:00,AIR LIQUID CANADA,231
2787,2024-07-25 16:26:52.759738+00:00,AIT LIQUIDE CANADA,231
2788,2024-07-25 16:26:52.759738+00:00,AIR LIQUIDE CANADA OTTAWA,231
2789,2024-07-25 16:26:52.759738+00:00,AIR LIQUIDE,231
2790,2024-07-25 16:27:03.559339+00:00,BOLLORE LOGISTICS,228
2791,2024-07-25 16:27:03.559339+00:00,BOLLORE LOGISTIQUES,228
2792,2024-07-25 16:27:03.559339+00:00,BOLLORE LOGISTICS CHINA,228
2793,2024-07-25 16:27:03.559339+00:00,BOLLORE LOGISTICS CANADA,228
2794,2024-07-25 16:27:03.559339+00:00,BOLLORE AFRICA LOGISTICS K,228
2795,2024-07-25 16:27:03.559339+00:00,BOLLORE TRANSPORT LOGISTICS,228
2796,2024-07-25 16:27:03.559339+00:00,BOLLORE LOGISTIQUES CANADA BOLLORE LOGISTICS CANADA,228
2797,2024-07-25 16:27:03.559339+00:00,BOLLORE AFRICA LOGISTICS NIGERIA,228
2818,2024-07-25 16:27:53.107059+00:00,AIR TINDI,232
3071,2024-07-25 16:47:20.489575+00:00,BRITISH COLUMBIA CONSERVATION FOUND,260
3319,2024-07-25 19:25:12.982373+00:00,FRASER RIVER PILE DREDGE GP,285
3320,2024-07-25 19:25:12.982373+00:00,FRASER RIVER PILEDREDGE GP INCO,285
3321,2024-07-25 19:25:12.982373+00:00,MILESTONE ENVIRONMENTAL CONTRACTING FRASER RIVER PILE DREDGE GP IN JOINT VENTURE,285
3405,2024-07-26 11:47:44.304880+00:00,CORCAN,296
3406,2024-07-26 11:47:44.304880+00:00,CCORCAN,296
3407,2024-07-26 11:47:44.304880+00:00,CORCAN NHQ,296
3408,2024-07-26 11:47:44.304880+00:00,SCS CORCAN,296
3409,2024-07-26 11:47:44.304880+00:00,COR CAN,296
3410,2024-07-26 11:47:44.304880+00:00,CSCCORCAN,296
3411,2024-07-26 11:47:44.304880+00:00,COCAN,296
3412,2024-07-26 11:47:44.304880+00:00,INDUSTRIES CORCAN,296
3413,2024-07-26 11:47:44.304880+00:00,CORCAN INDUSTRIES,296
3414,2024-07-26 11:47:44.304880+00:00,CORCAN CONSTRUCTION CSC,296
3415,2024-07-26 11:47:44.304880+00:00,CORCAN CORRECTIONS CANADA,296
3416,2024-07-26 11:47:44.304880+00:00,CORCAN PACIFIC SALES,296
3417,2024-07-26 11:47:44.304880+00:00,CORRECTIONS CANADA CORCAN,296
3418,2024-07-26 11:47:44.304880+00:00,CORCAN PRAIRIE REGION,296
3419,2024-07-26 11:47:44.304880+00:00,GOVERNMENT CANADA CORCAN,296
3420,2024-07-26 11:47:44.304880+00:00,CORCAN CORRECTIONAL SEVICES,296
3421,2024-07-26 11:47:44.304880+00:00,CORCAN CORRECTIONAL SERVICES,296
3422,2024-07-26 11:47:44.304880+00:00,CORCAN REGION QUEBEC LAVAL,296
3423,2024-07-26 11:47:44.304880+00:00,CORCAN ONTARIO SALES CENTER,296
3424,2024-07-26 11:47:44.304880+00:00,CORCAN ONTARIO SALES CENTRE,296
3425,2024-07-26 11:47:44.304880+00:00,CORRECTION SERVICES CANADA CORCAN,296
3426,2024-07-26 11:47:44.304880+00:00,CORRECTIONS SERVICES CANADA CORCAN,296
3427,2024-07-26 11:47:44.304880+00:00,CORCAN CORRECTIONAL SERVICE CANADA,296
3428,2024-07-26 11:47:44.304880+00:00,CORRECTIONAL SERVICE CANADA CORCAN,296
3429,2024-07-26 11:47:44.304880+00:00,CORCAN CORRECTIONAL SERVICES CANADA,296
3430,2024-07-26 11:47:44.304880+00:00,CORRECTIONAL SERVICES CANADA CORCAN,296
3431,2024-07-26 11:47:44.304880+00:00,CORCANONTARIO SALES CENTRE,296
3478,2024-07-26 19:00:55.089906+00:00,PERCEPTICS,302
3555,2024-07-26 19:59:03.106601+00:00,SIMES DEFENCE,310
3556,2024-07-26 19:59:03.106601+00:00,SIMEC DEFENCE,310
3557,2024-07-26 19:59:03.106601+00:00,COMPANY NAME SIMEX DEFENCE,310
3558,2024-07-26 19:59:03.106601+00:00,SIMEX DEFENCE 216 BRUNSWICK,310
3708,2024-07-26 20:22:15.773810+00:00,GLOBAL UPHOLSTERY,316
3709,2024-07-26 20:22:15.773810+00:00,GLOBAL GROUP GLOBAL UPHOLSTERY,316
3710,2024-07-26 20:22:15.773810+00:00,GLOBAL UPHOSTERY,316
3711,2024-07-26 20:22:15.773810+00:00,GLOBAL UPHOLSTERY COINC,316
3712,2024-07-26 20:22:15.773810+00:00,GLOBAL UPHOLSTERY CO CHASE OFFICE INTERIORS,316
3713,2024-07-26 20:22:15.773810+00:00,GLOBAL UPHOLSTERY CO SYNCOR BUSINESS SYSTEMS,316
3714,2024-07-26 20:22:15.773810+00:00,GLOBAL UPOLSTERY,316
3715,2024-07-26 20:22:15.773810+00:00,GLOBAL UPHOLSTERYCO,316
3716,2024-07-26 20:22:15.773810+00:00,GLOBAL UPHOLDSTERY,316
3717,2024-07-26 20:22:15.773810+00:00,GLOBAL FURNITURE GROUP UPHOLSTEERY,316
3718,2024-07-26 20:22:15.773810+00:00,GLOBAL UPHOLSTER,316
3719,2024-07-26 20:22:15.773810+00:00,GLOBAL UPHOLSTRY COMPANY,316
3720,2024-07-26 20:22:15.773810+00:00,GLOBAL UPHOLSTRY CO UPPER CANADA,316
3721,2024-07-26 20:22:15.773810+00:00,GLOBAL UPHOLSTERY RD,316
3722,2024-07-26 20:22:15.773810+00:00,GLOBALY UPHOLSTERY,316
3723,2024-07-26 20:22:15.773810+00:00,GLOBAL UPHOLSTERY LNC,316
3724,2024-07-26 20:22:15.773810+00:00,GLOBAL UPHOLSTERY GLOBAL GROUP,316
3725,2024-07-26 20:22:15.773810+00:00,GLOBAL UPHOLSTERY GROUP,316
3726,2024-07-26 20:22:15.773810+00:00,GLOBAL UPHOLSETERY,316
3727,2024-07-26 20:22:15.773810+00:00,GLOBAL UPHOLSATERY,316
3728,2024-07-26 20:22:15.773810+00:00,GOBAL UPHOLSTERY,316
3729,2024-07-26 20:22:15.773810+00:00,GLOBAL UBHOLSTERY,316
3730,2024-07-26 20:22:15.773810+00:00,GLOBAL UPHOLDTERY,316
3731,2024-07-26 20:22:15.773810+00:00,1397858 GLOBAL UPHOLSTERY,316
3732,2024-07-26 20:22:15.773810+00:00,GLOBAL UPHOLSTREY,316
3733,2024-07-26 20:22:15.773810+00:00,GLOBAL UPHOLSTERY CO CHAIRLINES,316
3734,2024-07-26 20:22:15.773810+00:00,GLOBAL UPHOLSTERYTOTAL OFFICE,316
3735,2024-07-26 20:22:15.773810+00:00,GLOBAL ULPHOSTERY,316
3736,2024-07-26 20:22:15.773810+00:00,GLOBAL FURNITUREUPHOLSTERY,316
3737,2024-07-26 20:22:15.773810+00:00,GLOBAL UPHOLSTERY AO GLOBAL TOTAL OFFICE,316
3738,2024-07-26 20:22:15.773810+00:00,GLOBAL UPHOLSTERY CO BLACKBURN YOUNG OFFICE SOLUTIONS,316
3831,2024-07-26 20:45:59.594660+00:00,DILLON CONSULTING LONDON,322
3832,2024-07-26 20:45:59.594660+00:00,DILLON CONSUTLING,322
3833,2024-07-26 20:45:59.594660+00:00,DILLON CONSULTING WINDSOR,322
3834,2024-07-26 20:45:59.594660+00:00,DILLON CONSULTING OAKVILLE,322
3835,2024-07-26 20:45:59.594660+00:00,DILLON CONSULTING LIMTIED,322
3836,2024-07-26 20:45:59.594660+00:00,DILLON CONSULTING CALGARY,322
3837,2024-07-26 20:45:59.594660+00:00,DILLION CONSULTING HALIFAX,322
3850,2024-07-26 23:35:18.492292+00:00,COM DEV,325
3851,2024-07-26 23:35:18.492292+00:00,COM DEV CANADA,325
2798,2024-07-25 16:27:34.895282+00:00,CLOSEREACH,230
2799,2024-07-25 16:27:34.895282+00:00,CLOSE REACH,230
2800,2024-07-25 16:27:34.895282+00:00,181801 CLOSEREACH,230
2801,2024-07-25 16:27:34.895282+00:00,LEGAL NAME CLOSEREACH,230
2802,2024-07-25 16:27:34.895282+00:00,CLOSEREACH OTUS GROUP INJV,230
2803,2024-07-25 16:27:34.895282+00:00,CLOSEREACH OTUS GROUP IN JV,230
2804,2024-07-25 16:27:34.895282+00:00,CLOSEREACH ROWANWOOD CONSULTING IN JOINT VENTURE,230
2805,2024-07-25 16:27:34.895282+00:00,CLOSEREACH OTUS STRATEGIC FINANCIAL BUSINESS PLANNING JV,230
2806,2024-07-25 16:27:34.895282+00:00,CLOSEREACH OTUS STRATEGIC FINANCIAL BUSINESS PLANNING INJOINT VENTURE,230
2807,2024-07-25 16:27:34.895282+00:00,CLOSEREACH FOXRED CONSULTING BELL BROWNE MOLNAR DELICATE CONSULTING IN JOINT VENTURE,230
2808,2024-07-25 16:27:34.895282+00:00,CLOSEREACH ROWANWOOD CONSULTING BELL BROWNE MOLNAR DELICATE CONSULTING IN JOINT VENTURE,230
3072,2024-07-25 16:47:55.775161+00:00,CANSEL SURVEY EQUIPMENT,235
3073,2024-07-25 16:47:55.775161+00:00,CANSEL SURVEY EQUIPEMENT,235
3074,2024-07-25 16:47:55.775161+00:00,CANSEL SURVEY EQUIPMENT CANADA,235
3075,2024-07-25 16:47:55.775161+00:00,CANSEL SURVEY EQUIPEMENT CANADA,235
3076,2024-07-25 16:47:55.775161+00:00,CANSEL SURVEY EQUIPMENTOTTAWA,235
3077,2024-07-25 16:47:55.775161+00:00,CANSEL SURVERY EQUIPMENT,235
3078,2024-07-25 16:47:55.775161+00:00,CANSEL SURVEY EQUIPMENT TORONTO,235
3079,2024-07-25 16:47:55.775161+00:00,CANCEL SURVEY EQUIPMENT,235
3080,2024-07-25 16:47:55.775161+00:00,CANSEL SURCEY EQUIPMENT,235
3081,2024-07-25 16:47:55.775161+00:00,CANSEL SURVEY EQUIPMENT INCORPORATE,235
3082,2024-07-25 16:47:55.775161+00:00,CANSEL SURVEY EQUIPMENT EQUIPEMENTS DARPENTAGE CANSEL,235
3083,2024-07-25 16:47:55.775161+00:00,CANSEL SURVEY EQUIPMENT DBA SOLIDCAD SOLUTIONS,235
3084,2024-07-25 16:47:55.775161+00:00,CANSEL SURVEY EQUIPMENT CANADA DARTMOUTH OFFICE,235
3116,2024-07-25 16:52:32.173423+00:00,BDO CANADA,268
3117,2024-07-25 16:52:32.173423+00:00,BDO CANDA,268
3118,2024-07-25 16:52:32.173423+00:00,BDO CANADA INTERIS,268
3119,2024-07-25 16:52:32.173423+00:00,BDO CANADA OTTAWA ON,268
3152,2024-07-25 16:57:28.596041+00:00,AEG FUELS,274
3153,2024-07-25 16:57:28.596041+00:00,AEEG FUELS,274
3154,2024-07-25 16:57:28.596041+00:00,AEGE FUELS,274
3155,2024-07-25 16:57:28.596041+00:00,AEG FUEL,274
3156,2024-07-25 16:57:28.596041+00:00,AEF FUELS,274
3157,2024-07-25 16:57:28.596041+00:00,AEG FUIELS,274
3158,2024-07-25 16:57:28.596041+00:00,FUELS,274
3159,2024-07-25 16:57:28.596041+00:00,AEGFUELS,274
3160,2024-07-25 16:57:28.596041+00:00,AEG FELS,274
3161,2024-07-25 16:57:28.596041+00:00,AP FUELS AP FUELS,274
3162,2024-07-25 16:57:28.596041+00:00,AGE FUELS,274
3163,2024-07-25 16:57:28.596041+00:00,AEG FEULS,274
3164,2024-07-25 16:57:28.596041+00:00,AEG FULES,274
3165,2024-07-25 16:57:28.596041+00:00,AEG,274
3166,2024-07-25 16:57:28.596041+00:00,AEGFUEL,274
3173,2024-07-25 16:57:42.552617+00:00,BDO CANADA ALIVAKTUK,268
3174,2024-07-25 16:57:42.552617+00:00,BDO CANADA TECH REVIEW,268
3175,2024-07-25 16:58:14.938479+00:00,APRON FUEL SERVICES,267
3176,2024-07-25 16:58:14.938479+00:00,APRON FUELS SERVICES,267
3177,2024-07-25 16:58:14.938479+00:00,APRONN FUEL SERVICES,267
3178,2024-07-25 16:58:14.938479+00:00,APRON FUEL SERVICE,267
3179,2024-07-25 16:58:14.938479+00:00,APRON FUELSERVICES,267
3180,2024-07-25 16:58:14.938479+00:00,APRON FUEL SEVICES,267
3181,2024-07-25 16:58:14.938479+00:00,APRON FUEL SERIVCES,267
3182,2024-07-25 16:58:14.938479+00:00,APRON FUEL,267
3183,2024-07-25 16:58:14.938479+00:00,AFS AVIATION FUEL SERVICES,267
3204,2024-07-25 16:59:58.789524+00:00,CME,278
3205,2024-07-25 17:00:02.293157+00:00,IBISKA TELECOM,275
3206,2024-07-25 17:00:02.293157+00:00,IBISKA TELECOME,275
3207,2024-07-25 17:00:02.293157+00:00,ISBISKA TELECOM,275
3208,2024-07-25 17:00:02.293157+00:00,IBSIKA TELECOM,275
3209,2024-07-25 17:00:02.293157+00:00,IBISKA,275
3210,2024-07-25 17:00:02.293157+00:00,IBISKA TELECOM 1649239 ONTARIO JV,275
3322,2024-07-25 19:34:46.589408+00:00,APPLIED ELECTRONICS,286
3323,2024-07-25 19:34:46.589408+00:00,APPLIED ELECTRRONICS,286
3324,2024-07-25 19:34:46.589408+00:00,APPLIED ELECTRONIC,286
3325,2024-07-25 19:34:46.589408+00:00,APPLIED ECLECTRONICS,286
3326,2024-07-25 19:34:46.589408+00:00,APPLIED ELECTRONINCS,286
3327,2024-07-25 19:34:46.589408+00:00,APPLIED ELECTRIONICS,286
3328,2024-07-25 19:34:46.589408+00:00,APPLIED ELECTONICS,286
3329,2024-07-25 19:34:46.589408+00:00,1202803 APPLIED ELECTRONICS,286
3330,2024-07-25 19:34:46.589408+00:00,APPLIED ELECTRONICS LINMITED,286
3331,2024-07-25 19:34:46.589408+00:00,APPLIED ELECTRONICS LIMITES,286
3332,2024-07-25 19:34:46.589408+00:00,APPLIED ELECTRONIQUE,286
3333,2024-07-25 19:34:46.589408+00:00,APPLIED ELECTRONICS MISSISSAUGA,286
3337,2024-07-25 19:50:45.251728+00:00,EBC,288
3432,2024-07-26 11:48:18.269837+00:00,SERVICES CORRECTIONNELS CANADA CORCAN,296
3433,2024-07-26 11:48:18.269837+00:00,GOVERNMENT CANADACOUVERNEMENT DU CANADA CORCAN,296
3434,2024-07-26 11:48:18.269837+00:00,CORRECTIONAL SERVICES FO CANADA CORCAN,296
3479,2024-07-26 19:17:56.677459+00:00,PETER KIEWIT SONS,303
3480,2024-07-26 19:17:56.677459+00:00,KIEWIT CANADA GROUP,303
3481,2024-07-26 19:17:56.677459+00:00,CONSTRUCTION KIEWIT CIE,303
3482,2024-07-26 19:17:56.677459+00:00,KIEWIT CONSTRUCTION CIE,303
3483,2024-07-26 19:17:56.677459+00:00,KIEWIT OFFSHORE SERVICES,303
3484,2024-07-26 19:17:56.677459+00:00,KIEWIT CANADA DEVELOPMENT,303
3485,2024-07-26 19:17:56.677459+00:00,KIEWIT DEVELOPMENT COMPANY,303
3486,2024-07-26 19:17:56.677459+00:00,PETER KIEWIT INFRASTRUCTURE,303
3487,2024-07-26 19:17:56.677459+00:00,KIEWIT CONSTRUCTION SERVICES,303
3559,2024-07-26 19:59:34.057988+00:00,SIXMEX DEFENCE,310
3560,2024-07-26 19:59:34.057988+00:00,IMEX DEFENCE,310
3561,2024-07-26 19:59:34.057988+00:00,SIMIX DEFENCE,310
3562,2024-07-26 19:59:34.057988+00:00,SIMEX DEFENCE 216 BRUNSWICK BLVD,310
3739,2024-07-26 20:22:54.066657+00:00,GLOBAL FURNITURE GROUP,316
3740,2024-07-26 20:22:54.066657+00:00,GLOBAL FURNITURE,316
3741,2024-07-26 20:22:54.066657+00:00,GLOBAL FOURNITURE GROUP,316
3742,2024-07-26 20:22:54.066657+00:00,GLOBAL TOTAL OFFICE GLOBAL FURNITURE GROUP,316
3743,2024-07-26 20:22:54.066657+00:00,GLOBAL TOTAL FURNITURE,316
3838,2024-07-26 20:46:16.594452+00:00,DILLON CONSULTING ENGINEERS OTTAWA,322
3839,2024-07-26 20:52:49.234730+00:00,FAST FORWARD FRENCH,323
3840,2024-07-26 20:54:51.617631+00:00,FAST FORWARD FRENCH MARIECLAIRE THAUVETTE,323
3852,2024-07-26 23:35:18.492292+00:00,COM DEV DBA HONEYWELL,325
3853,2024-07-26 23:35:18.492292+00:00,COM DEV SPACE SYSTEMS,325
3854,2024-07-26 23:35:18.492292+00:00,COM DEV INTERNATIONAL,325
3884,2024-07-27 03:30:47.625025+00:00,EMS TECHNOLOGIES,325
2809,2024-07-25 16:27:48.227920+00:00,A J HANNA CONSTRUCTION,233
2810,2024-07-25 16:27:48.227920+00:00,A J HANNNA CONSTRUCTION,233
2811,2024-07-25 16:27:48.227920+00:00,A H HANNA CONSTRUCTION,233
2812,2024-07-25 16:27:48.227920+00:00,A J HANNA CIONSTRUCTION,233
2813,2024-07-25 16:27:48.227920+00:00,A J HANNA CONSTARUCTION,233
2814,2024-07-25 16:27:48.227920+00:00,A J HANNA CONSTRUTION,233
2815,2024-07-25 16:27:48.227920+00:00,AJ HANNA CONSTRUCTION,233
2816,2024-07-25 16:27:48.227920+00:00,A J HANNA CONSTRUCITON,233
2817,2024-07-25 16:27:48.227920+00:00,A J HANNA CONST,233
3085,2024-07-25 16:48:01.266226+00:00,CANADIAN BASE OPERATORS,263
3086,2024-07-25 16:48:01.266226+00:00,CANADIAN BASE OPERATORS UTOPIA,263
3087,2024-07-25 16:48:01.266226+00:00,CANADIAN BASE OPERATORS PEMBROKE,263
3088,2024-07-25 16:48:01.266226+00:00,CANAIDAN BASE OPERATORS,263
4699,2024-07-30 12:16:03.936881+00:00,HEWLETT PACKARD ENTERPRISE CANADA C,393
4700,2024-07-30 12:16:03.936881+00:00,HEWLETT PACKARD ENTERPRISE CANADA CIE,393
4701,2024-07-30 12:16:03.936881+00:00,HEWLETT PACKARD ENTERPRISE CANADA HEWLETT PACKARD ENTERPRISE CANADA CIE,393
4702,2024-07-30 12:16:03.936881+00:00,HEWLETTPACKARD ENTERPRISE CANADA,393
4758,2024-07-30 17:52:44.015859+00:00,VF WORLDWIDE HOLDINGS,405
3102,2024-07-25 16:50:04.924700+00:00,ACT,265
3107,2024-07-25 16:51:42.118487+00:00,CASSELMAN WOODCRAFT,266
3108,2024-07-25 16:52:01.389938+00:00,CANADIAN HELICOPTERS,270
3109,2024-07-25 16:52:01.389938+00:00,CANADIAN HELICOPTER,270
3110,2024-07-25 16:52:01.389938+00:00,CANADIAN HELICPTERS,270
3111,2024-07-25 16:52:01.389938+00:00,CANADIAN HELICOPTERS HELICOPTERES CANADIENS,270
3112,2024-07-25 16:52:01.389938+00:00,CANADIAN HELICOPTERS COMPANY,270
3113,2024-07-25 16:52:01.389938+00:00,CANADIAN HELICOPTERS EDMONTON,270
3114,2024-07-25 16:52:01.389938+00:00,HELICOPTERES CANADIENS,270
3115,2024-07-25 16:52:01.389938+00:00,CANADIAN HELICOPTERS EASTERN DIVISION,270
3120,2024-07-25 16:53:39.400636+00:00,BDO CA,268
3135,2024-07-25 16:56:00.843511+00:00,SOLOTECH,273
3136,2024-07-25 16:56:00.843511+00:00,SOLOTECCH,273
3137,2024-07-25 16:56:00.843511+00:00,CBCI SOLOTECH,273
3138,2024-07-25 16:56:00.843511+00:00,SOLO TECH,273
3139,2024-07-25 16:56:00.843511+00:00,SOLOTECH QUABEC,273
3140,2024-07-25 16:56:00.843511+00:00,SOLOTECH QUEBEC,273
3141,2024-07-25 16:56:00.843511+00:00,SOLOTECH DIVISION,273
3142,2024-07-25 16:56:00.843511+00:00,DOLOTECH,273
3143,2024-07-25 16:56:00.843511+00:00,SOLOTECH MULTIMEDIA,273
3144,2024-07-25 16:56:00.843511+00:00,CIBI SOLOTECHCOM,273
3145,2024-07-25 16:56:00.843511+00:00,SOLOTECH FOR CRESTRON,273
3146,2024-07-25 16:56:00.843511+00:00,CBCI TELECOM SOLOTECH,273
3147,2024-07-25 16:56:00.843511+00:00,CBCI TELECOM OA SOLOTECH,273
3148,2024-07-25 16:56:00.843511+00:00,SOLOTECH INTERNATIONALSOLOTECH INTERNATIONAL,273
3149,2024-07-25 16:56:00.843511+00:00,CBCI TELECOMSOLOTECH,273
3150,2024-07-25 16:56:00.843511+00:00,CBCI TELECOM A SOLOTECH COMPANY,273
3213,2024-07-25 17:00:32.863243+00:00,PARKLAND CORPRATION,269
3214,2024-07-25 17:00:32.863243+00:00,PARKLAND INDUSTRIES,269
3215,2024-07-25 17:00:32.863243+00:00,PARKLAND REFININGBC,269
3216,2024-07-25 17:00:32.863243+00:00,PARKLAND COROPRATION,269
3217,2024-07-25 17:00:32.863243+00:00,PARKLAND COOPERATION,269
3218,2024-07-25 17:00:32.863243+00:00,PARKLAND REFINING BC,269
3219,2024-07-25 17:00:32.863243+00:00,PARKLAND REFININIGNBC,269
3220,2024-07-25 17:00:32.863243+00:00,PARKLAND CORPERATION,269
3221,2024-07-25 17:00:32.863243+00:00,PARKLAND FUEL PETROLES PARKLAND,269
3222,2024-07-25 17:00:32.863243+00:00,PARKLAND CORPORATIONS,269
3225,2024-07-25 17:00:32.863243+00:00,PARKLANDS REFINING,269
3228,2024-07-25 17:00:32.863243+00:00,CST CANADA PARKLAND FUEL,269
3230,2024-07-25 17:00:32.863243+00:00,PARKLAND REFINING BC LTC,269
3234,2024-07-25 17:03:38.566700+00:00,SI SYSTEMS,279
3235,2024-07-25 17:03:38.566700+00:00,SI SYSTEM,279
3236,2024-07-25 17:03:38.566700+00:00,SISYSTEMS,279
3237,2024-07-25 17:03:38.566700+00:00,NAME SI SYSTEMS,279
3238,2024-07-25 17:03:38.566700+00:00,TEAM SI SYSTEMS,279
3239,2024-07-25 17:03:38.566700+00:00,S I SYSTEMS,279
3240,2024-07-25 17:04:24.325287+00:00,SI SYSTEMS C9565C,279
3241,2024-07-25 17:04:24.325287+00:00,1032998 SI SYSTEMS,279
3242,2024-07-25 17:04:57.649126+00:00,S I SYSTEMS C9565C,279
3243,2024-07-25 17:04:57.649126+00:00,SI SYSTEMS PARTNERSHIP C9565C,279
3334,2024-07-25 19:41:40.231630+00:00,COLLIERS PROJECT LEADERS TIREE FACILITY SOLUTIONS IN JOINT VENTURE,186
3335,2024-07-25 19:41:40.231630+00:00,COLLIERS PROJECT LEADERS COLLIERS MAITRES PROJETS TIREE FACILITY SOLUTIONS IN JOINT VENTURE,186
3336,2024-07-25 19:41:40.231630+00:00,TIREE FACILITY SOLUTIONS TI7 COLLIERS PROJECT LEADERS COLLIERS MAITRES PROJETS IN JOINT VENTURE,186
3435,2024-07-26 11:49:26.608951+00:00,CORRECTIONAL SVCS CANADA,296
3436,2024-07-26 11:49:26.608951+00:00,CORRECTIONAL SERVICES,296
3437,2024-07-26 11:49:26.608951+00:00,CORCANCORRECTIONAL SERVICES CANADA,296
3438,2024-07-26 11:49:26.608951+00:00,CORRECTIONAL SERVICE CANADA,296
3439,2024-07-26 11:49:26.608951+00:00,CORRECTIONS CANADA,296
3440,2024-07-26 11:49:26.608951+00:00,CORRECTIONAL SERVICES CANADA,296
3441,2024-07-26 11:49:26.608951+00:00,CORRECTIONAL SERVOCES CANADA,296
3442,2024-07-26 11:49:26.608951+00:00,CORRECTIONNAL SERVICE CANADA,296
3443,2024-07-26 11:49:26.608951+00:00,053 CORRECTIONAL SERVICE SERVICE CORRECTIONNEL,296
3444,2024-07-26 11:49:26.608951+00:00,CORECTIONAL SERVICES CANADA,296
3445,2024-07-26 11:49:26.608951+00:00,CORRECTION SERVICE CANADA,296
3446,2024-07-26 11:49:26.608951+00:00,CORRETIONAL SERVICE CANADA,296
3447,2024-07-26 11:49:26.608951+00:00,CORRECTIONS SERVICE CANADA,296
3448,2024-07-26 11:49:26.608951+00:00,CORRECTIONAL SERVICE CANADA 2313 HANSELMAN PLACE,296
3579,2024-07-26 20:01:47.683105+00:00,RANDSTAD CPE,311
3580,2024-07-26 20:01:47.683105+00:00,RANDSTAD BRASIL RECURSOS HUMANOS,311
3581,2024-07-26 20:01:47.683105+00:00,1025178RANDSTAD INTERIM,311
3582,2024-07-26 20:01:47.683105+00:00,RANDSTAD TECHNOLOGIES MARCH 8 2016,311
3616,2024-07-26 20:06:37.983272+00:00,CHELL CANADA PRODUCTS,312
3759,2024-07-26 20:30:05.112651+00:00,RAYTHEON,313
3760,2024-07-26 20:30:05.112651+00:00,RAYTHEON CANADA RAYTHEON CANADA,313
3761,2024-07-26 20:30:05.112651+00:00,RAYTHEON CANADA,313
3762,2024-07-26 20:30:05.112651+00:00,RAYTHEON SYSTEMS,313
3763,2024-07-26 20:30:05.112651+00:00,RAYTHEON COMPANY NCS,313
3764,2024-07-26 20:30:05.112651+00:00,RAYTHEON CYBER PRODUCTS,313
3765,2024-07-26 20:30:05.112651+00:00,RAYTHEON SYSTEMS CANADA,313
3766,2024-07-26 20:30:05.112651+00:00,RAYTHEON SYSTEMS COMPANY,313
3767,2024-07-26 20:30:05.112651+00:00,RAYTHEON MISSILE SYSTEMS,313
3768,2024-07-26 20:30:05.112651+00:00,RAYTHEON INTERNATIONAL RII,313
3985,2024-07-29 08:27:13.229815+00:00,2 KEYS,342
3986,2024-07-29 08:31:09.294713+00:00,INTERAC,342
3987,2024-07-29 08:31:09.294713+00:00,INTERAC ASSOCIATION ASSOCIATION INTERAC,342
3988,2024-07-29 08:31:09.294713+00:00,INTERAC ASSOCIATION,342
3989,2024-07-29 08:34:23.208911+00:00,SECUREKEY TECHNOLOGIES,342
3990,2024-07-29 08:35:05.758229+00:00,SECURE KEY TECHNOLOGIES,342
3991,2024-07-29 08:47:13.357693+00:00,BOLESS,343
3992,2024-07-29 08:56:26.481645+00:00,CANADIAN BORDER OPERATIONS,344
3993,2024-07-29 09:07:43.924209+00:00,ARCHITECTURE49,345
3994,2024-07-29 09:07:43.924209+00:00,ARCHITEECTURE49,345
3995,2024-07-29 09:07:43.924209+00:00,ARCHITECTURE49INC,345
3996,2024-07-29 09:07:43.924209+00:00,ARCHITECTURE 49,345
3997,2024-07-29 09:07:43.924209+00:00,ARCHITECURE49,345
3998,2024-07-29 09:07:43.924209+00:00,ARCHITECTUR49,345
3999,2024-07-29 09:07:43.924209+00:00,ARCHITECTURED 49,345
4000,2024-07-29 09:07:43.924209+00:00,ARCHITECTURE49 OTTAWA,345
4001,2024-07-29 09:07:43.924209+00:00,ARCHETECTURE49,345
4002,2024-07-29 09:07:43.924209+00:00,ARCHITECTURAL49,345
4003,2024-07-29 09:07:43.924209+00:00,ARCHITECTURE49 WINNIPEG,345
4004,2024-07-29 09:07:43.924209+00:00,ARCHITECTURE49 MONTREAL,345
4005,2024-07-29 09:07:43.924209+00:00,ARCHITECTURE 49 OTTAWA,345
4006,2024-07-29 09:07:43.924209+00:00,ACHITECTURE 49,345
4007,2024-07-29 09:19:08.441603+00:00,AVJET HOLDING,346
4008,2024-07-29 09:19:08.441603+00:00,AVJET HOLDIING,346
4009,2024-07-29 09:19:08.441603+00:00,AVJETR HOLDING,346
4010,2024-07-29 09:19:08.441603+00:00,AVJET HOLDINGS,346
4011,2024-07-29 09:19:08.441603+00:00,AVJET HOLDINS,346
4012,2024-07-29 09:19:08.441603+00:00,AVJEY HOLDING,346
4013,2024-07-29 09:19:08.441603+00:00,AVJET HOLDING INIC,346
4014,2024-07-29 09:19:08.441603+00:00,AVJET HOLDINGINC,346
4015,2024-07-29 09:19:08.441603+00:00,AV JET HOLDING,346
4016,2024-07-29 09:19:08.441603+00:00,AVJET HOLDINIG,346
4017,2024-07-29 09:19:08.441603+00:00,AVJET HOLDING PETROT,346
4018,2024-07-29 09:19:08.441603+00:00,AVJET,346
4019,2024-07-29 09:28:50.681033+00:00,ARCOP GROUP GERSOVITZ MOSS,347
4020,2024-07-29 09:28:50.681033+00:00,GROUPE ARCOP,347
4021,2024-07-29 09:37:28.720239+00:00,DEXTER CONSTRUCTION COMPANY,348
4022,2024-07-29 09:37:28.720239+00:00,DEXTER CONSTRUCTION,348
4023,2024-07-29 09:37:28.720239+00:00,DEXTER QUEBEC,348
4024,2024-07-29 09:37:28.720239+00:00,DEXTER CONSTRUCTION COMPANY LIMTED,348
4025,2024-07-29 09:37:28.720239+00:00,DEXTER CONST,348
4026,2024-07-29 09:37:28.720239+00:00,DEXTER CONSTRUCTIO COMPANY,348
4027,2024-07-29 09:37:28.720239+00:00,DEXTER CONSTRUCTION COMPNAY,348
4028,2024-07-29 09:37:28.720239+00:00,DEXTER CONTSTRUCTION COMPANY,348
4029,2024-07-29 09:37:28.720239+00:00,DEXTER CONSTRUCTION COMAPNY,348
4030,2024-07-29 09:37:28.720239+00:00,DEXTER CONSTRUCTION COMPANH,348
4031,2024-07-29 09:37:28.720239+00:00,DEXTER CONSTRUCTION COMAPNY LIMTED,348
4032,2024-07-29 09:44:03.994793+00:00,MONTEITH UNDERGROUND SERVICES,348
4033,2024-07-29 09:59:00.483969+00:00,G E S ALL TRUCKING,348
4034,2024-07-29 10:00:22.213418+00:00,EFR ENVIRONMENTAL,348
4035,2024-07-29 10:01:54.314042+00:00,EFR DISPOSAL,348
4036,2024-07-29 10:01:54.314042+00:00,EFR DISPOSAL 1999,348
4037,2024-07-29 10:03:30.646468+00:00,READY JOHN,348
4038,2024-07-29 10:04:59.032796+00:00,NRB CONSTRUCTION COMPANY,348
4039,2024-07-29 10:12:51.286542+00:00,ROYAL FLUSH SERVICES,348
4040,2024-07-29 10:14:17.424535+00:00,MUNICIPAL ENTERPRISES,348
4041,2024-07-29 10:15:47.992241+00:00,INNOVATIVE DRILLING,348
4042,2024-07-29 10:34:36.316097+00:00,COSTIN PAVING,348
6956,2024-08-30 01:35:08.775013+00:00,DOMAIN7 SOLUTIONS,776
4044,2024-07-29 10:39:09.154164+00:00,ROYAL ENVIRONMENTAL,348
4045,2024-07-29 10:39:09.154164+00:00,ROYAL ENIRONMENTAL,348
4046,2024-07-29 10:40:48.629800+00:00,GREY ROCK SERVICES,348
4047,2024-07-29 10:42:32.033653+00:00,FERO WASTE RECYCLING,348
4048,2024-07-29 10:42:32.033653+00:00,FERO WASTE RECYCLING AREA,348
4049,2024-07-29 10:42:32.033653+00:00,AFERO WASTE RECYCLING,348
4050,2024-07-29 10:42:32.033653+00:00,FERO WASATE RECYCLING,348
4051,2024-07-29 10:42:32.033653+00:00,FERO WASTE RECYLING,348
4052,2024-07-29 10:42:32.033653+00:00,FERO WSTE RECYCLING,348
4053,2024-07-29 10:42:32.033653+00:00,FERO WASTE RCYCLING,348
4054,2024-07-29 10:42:32.033653+00:00,FERO WASTE RECYELING,348
4055,2024-07-29 10:42:32.033653+00:00,FERO WASTE RECYLCING,348
4056,2024-07-29 10:44:54.141397+00:00,EASTERN TRAFFIC SERVICES,348
4057,2024-07-29 11:01:23.826155+00:00,MBW COURIER,348
4058,2024-07-29 11:11:09.154743+00:00,CONSTRUCTION DEMATHIEU BARD,349
4059,2024-07-29 11:11:09.154743+00:00,CONSTRUCTION DEMATHIEU BARD CDB,349
4060,2024-07-29 11:26:15.817286+00:00,DEW ENGINEERING DEVELOPMENT,350
4061,2024-07-29 11:26:15.817286+00:00,DEW ENGINEERING DEVELOPEMENT,350
4062,2024-07-29 11:26:15.817286+00:00,DEW ENGINEERING DEVLOPMENT,350
4063,2024-07-29 11:26:15.817286+00:00,DEW ENGINEERING,350
4064,2024-07-29 11:28:45.350062+00:00,BLS TEXTILES,350
6957,2024-08-30 01:35:08.775013+00:00,DOMAIN 7 SOLUTIOSN,776
4067,2024-07-29 12:21:53.580753+00:00,90539776 QUEBEC,351
4068,2024-07-29 12:31:01.848679+00:00,COMPUTER ASSOCIATES CANADA COMPANY,352
4069,2024-07-29 12:31:01.848679+00:00,COMPUTER ASSOCIATES CANADA,352
4070,2024-07-29 12:31:01.848679+00:00,COMPUTER ASSOCIATES CANADA COM,352
4071,2024-07-29 12:31:01.848679+00:00,COMPUTER ASSOCIATES,352
4072,2024-07-29 12:35:48.874880+00:00,BROADCOM,352
4073,2024-07-29 12:35:48.874880+00:00,BROAD COM CA,352
4074,2024-07-29 12:41:31.669657+00:00,BROCADE COMMUNICATIONS SWITZERLAND,352
4075,2024-07-29 12:42:37.592945+00:00,CA TECHNOLOGIES,352
4076,2024-07-29 12:42:37.592945+00:00,CA TECHNOLOGIES TECHNOLOGIES CA,352
4077,2024-07-29 12:44:39.633842+00:00,SYMANTEC,352
4078,2024-07-29 12:44:39.633842+00:00,SYMANTEC CANADA,352
4079,2024-07-29 12:44:39.633842+00:00,SYMANTEC CO SOFTCHOICE,352
4080,2024-07-29 12:48:06.695381+00:00,VMWARE VMWARE,352
4081,2024-07-29 12:48:06.695381+00:00,VMWARE,352
4082,2024-07-29 12:48:06.695381+00:00,VMWARRE,352
4083,2024-07-29 12:48:06.695381+00:00,VMWARE ITEX,352
4084,2024-07-29 12:48:06.695381+00:00,VMWARE CANADA,352
4085,2024-07-29 12:48:06.695381+00:00,VM WARE,352
4086,2024-07-29 12:48:06.695381+00:00,ITEX CO VMWARE,352
4087,2024-07-29 12:48:06.695381+00:00,VMWARE INTERNATIONAL,352
4088,2024-07-29 12:48:06.695381+00:00,VMWARE CALIFORNIA USA,352
4089,2024-07-29 12:48:06.695381+00:00,VMWARE INTERNATIONAL UNLIMITED COMP,352
4090,2024-07-29 12:48:06.695381+00:00,VMWARE INTERNATIONAL UNLIMITED COMPANY,352
1929,2024-07-19 17:29:02.376788+00:00,MOTOROLA SOLUTIONS,164
1930,2024-07-19 17:29:02.376788+00:00,MOTOROLA SOULTIONS,164
1931,2024-07-19 17:29:02.376788+00:00,MOTOROLA SULUTIONS,164
1932,2024-07-19 17:29:02.376788+00:00,MOTOROLA SOLUTIONS CA,164
3841,2024-07-26 23:02:54.264568+00:00,CAE MILITARY AVIATION TRAINING,138
3842,2024-07-26 23:02:54.264568+00:00,CAE MILITARY AVIATION TRAINING CAE FORMATION POUR LAVIATION MILITAIRE,138
3843,2024-07-26 23:02:54.264568+00:00,CAE AIRCREW TRAINING SERVICES,138
3844,2024-07-26 23:14:44.615514+00:00,TRU SIMULATION TRAINING,138
3845,2024-07-26 23:14:44.615514+00:00,TRU SIMULATIONTRAINING,138
3846,2024-07-26 23:14:44.615514+00:00,TRU SIMULATION TRAINING CANADA TRU SIMULATION FORMATION CANADA,138
3847,2024-07-26 23:14:44.615514+00:00,TRU SIMULATION FORMATION,138
3848,2024-07-26 23:14:44.615514+00:00,TRU SIMULATION TRAINING TRU SIMULATION FORMATION,138
3849,2024-07-26 23:20:55.478980+00:00,OXFORD AVIATION ACADEMY,138
3091,2024-07-25 16:48:20.130314+00:00,HARRIS CANADA,69
3092,2024-07-25 16:48:20.130314+00:00,HARRIS CANADA SYSTEM,69
3093,2024-07-25 16:48:20.130314+00:00,HARRIS SYSTEMS CANADA,69
3094,2024-07-25 16:48:20.130314+00:00,HARRIS CANADA SYSTEMS,69
3095,2024-07-25 16:48:20.130314+00:00,L3 HARRIS CANADA SYSTEMS,69
3096,2024-07-25 16:48:20.130314+00:00,L3 HARRIS,69
4091,2024-07-29 17:33:19.992174+00:00,SNC LAVALIN NUCLEAR,1
4092,2024-07-29 17:33:19.992174+00:00,SNCLAVALIN GROUP,1
4093,2024-07-29 17:33:19.992174+00:00,SNC LAVALIN OPERATIONS MAINTENANCE SNC LAVALIN OPERATIONS MAINTENANCE,1
4095,2024-07-29 17:33:19.992174+00:00,ATKINSREALIS FORMERLY SNCLAVALIN,1
4096,2024-07-29 17:33:34.946852+00:00,SNCLAVALIN HARDESTY HANOVER IN JOINT VENTURE,1
4097,2024-07-29 17:34:08.982462+00:00,ATKINSREALIS GROUP,1
4098,2024-07-29 17:35:38.716471+00:00,ATKINS,1
4099,2024-07-29 17:36:43.263523+00:00,CANDU ENERGY,1
4100,2024-07-29 17:36:43.263523+00:00,CANDU ENERGY CANDU ENERGIE,1
4101,2024-07-29 17:52:35.032083+00:00,NATIONS TRANSLATION GROUP,353
4102,2024-07-29 17:52:35.032083+00:00,NATIONS TRANSLATION GROUP GROUPE TRADUCTION NATIONS,353
4103,2024-07-29 17:52:35.032083+00:00,NATIONS TRANSLATION,353
4104,2024-07-29 17:52:35.032083+00:00,NATIONS TRANSLATION GROUP INCKRUPP,353
4105,2024-07-29 17:52:35.032083+00:00,NATIONS TRANSLATIONS,353
4106,2024-07-29 17:53:02.865731+00:00,GROUPE TRADUCTION NATIONS,353
4107,2024-07-29 17:53:02.865731+00:00,NATIONS TRANSLATION GROUP INCKRUPP EMERALD PLAZA,353
4108,2024-07-29 17:55:07.511411+00:00,KONICA MINOLTA BUSINESS SOLUTIONS,354
4109,2024-07-29 17:55:07.511411+00:00,KONICA MINOLTA BUSINESS SOLUTIONS C,354
4110,2024-07-29 17:55:07.511411+00:00,KONICA MINOLTA BUSINESS SOLUTIONS L,354
4111,2024-07-29 17:55:07.511411+00:00,KONICA MINOLTA BUSSINESS SOLUTIONS,354
4112,2024-07-29 17:55:07.511411+00:00,KONICA MINOLTA BUSINESS SOLUTION,354
4113,2024-07-29 17:55:07.511411+00:00,KONICA MINOLTA BUSINESS SOLUTIONS CDA,354
4114,2024-07-29 17:55:07.511411+00:00,KONICATION MINOLTA BUSINESS SOLUTIONS,354
4115,2024-07-29 17:55:07.511411+00:00,KONICA MINOLTA BUSINESS SOLUTION S,354
4116,2024-07-29 17:55:07.511411+00:00,KONICAMINOLTA BUSINESS SOLUTIONS,354
4117,2024-07-29 17:55:07.511411+00:00,KONICA MINOLTA BUSINEES SOLUTIONS,354
4118,2024-07-29 17:55:07.511411+00:00,KONICA MINOLTA NUSINESS SOLUTIONS,354
4119,2024-07-29 17:55:07.511411+00:00,KONICA MINOLTA BUSINESS BUSINESS SOLUTIONS CANADA,354
4120,2024-07-29 17:55:07.511411+00:00,KONICA MINOLTA BUSINESS SOLUTIONS CANADA,354
4121,2024-07-29 17:55:07.511411+00:00,KONICA MINOLTA BUSINESS SOLUTIONS CANANDA,354
4122,2024-07-29 17:55:07.511411+00:00,KONICA MINOLTA BUSINESS SOLUTIONSCANADA,354
4123,2024-07-29 17:55:07.511411+00:00,KONICA MIN OLTA BUSSINESS SOLUTIONS,354
4124,2024-07-29 17:55:07.511411+00:00,KONICA MILNOLTA BUSINESS SOLUTION,354
4125,2024-07-29 17:55:07.511411+00:00,KONICAL MINOLTA BUSINESS SOLUTIONS CANADA,354
4126,2024-07-29 17:55:07.511411+00:00,KONICA BUSINESS SOLUTIONS,354
4127,2024-07-29 17:55:07.511411+00:00,KONICA MINOLTA BUSINESS SOLUTION CANADA,354
4128,2024-07-29 17:55:07.511411+00:00,KONICA MINIOLTA BUSINESS SOLIUTIONS,354
4129,2024-07-29 17:55:07.511411+00:00,KONICA MINOLTA BISUNESS SOLUTIONS,354
4130,2024-07-29 17:55:07.511411+00:00,KONICA MINOLTA BISENESS SOLUTIONS,354
4131,2024-07-29 17:55:07.511411+00:00,KONICAMINOLTA BUSINESS SOLUTIONS CANADA,354
4132,2024-07-29 17:55:07.511411+00:00,KONICA MINOLTA BUSINESS,354
4133,2024-07-29 17:55:07.511411+00:00,KONICAMINOLTA BUSINESS SOLUTIONS CANANDA,354
4134,2024-07-29 17:55:07.511411+00:00,KONICA MINOLTA BUISNESS SOLUTIONS CANADA,354
4135,2024-07-29 17:55:07.511411+00:00,KONICA MINOLTA BUSINESS SOLUTIONS CANADA SOLUTIONS DAFFAIRES KONICA MINOLTA CANADA,354
4136,2024-07-29 17:55:07.511411+00:00,KONICAMINOLTA BUSINESS SOLUTION CANADA,354
4137,2024-07-29 17:55:07.511411+00:00,KONICA MINOLTA BUSINESS SOLUTIONS CANADA SOLUTIONS DAFFAIRES K,354
4138,2024-07-29 17:55:07.511411+00:00,KONINCAMINOLTA BUSINESS SOLUTIONS CANADA,354
4139,2024-07-29 17:55:07.511411+00:00,KONICA MINOLTA SOLUTIONS CANADA,354
4140,2024-07-29 17:55:07.511411+00:00,KONICA MINOLTA BUSINESS SYSTEMS,354
4141,2024-07-29 17:55:07.511411+00:00,KONICAMINOLTA BUSINESS,354
4142,2024-07-29 17:55:07.511411+00:00,KONICA MINOLTA BUS SOL,354
4143,2024-07-29 17:55:07.511411+00:00,KONICA MINOLTA SOLUTIONS DAFFAIRES,354
4144,2024-07-29 17:55:07.511411+00:00,KONICA MINOLTA BUSINESS EQUIPMENT,354
4145,2024-07-29 17:55:07.511411+00:00,KONICA MINOLTA BUSINESS SYSTEMS CANADA,354
4146,2024-07-29 17:55:07.511411+00:00,KONICA MINOLTA BS CANADA,354
4147,2024-07-29 17:55:07.511411+00:00,KONICA MINOLTA CANADA,354
4148,2024-07-29 17:55:07.511411+00:00,KONICA MINOLTA QUEBEC,354
4149,2024-07-29 17:55:37.318704+00:00,KONICA MINOLTA,354
4150,2024-07-29 17:55:37.318704+00:00,KONICA MINTOLTA,354
4151,2024-07-29 17:55:37.318704+00:00,KONICAMINOLTA,354
4152,2024-07-29 17:55:37.318704+00:00,KONICA MINOTA,354
4153,2024-07-29 17:55:37.318704+00:00,KONICA MINOLTA CAMADA,354
4154,2024-07-29 17:55:37.318704+00:00,KONICA MONOLTA,354
4155,2024-07-29 17:55:37.318704+00:00,KONICA MINOLTA QUACBEC,354
4156,2024-07-29 17:55:37.318704+00:00,KNOICA MINOLTA,354
4157,2024-07-29 17:55:37.318704+00:00,KONICA MINOLTA CO BRYTE COM,354
4158,2024-07-29 17:55:37.318704+00:00,KONICA MINOLTA SENSING AMERICAS,354
4159,2024-07-29 17:55:37.318704+00:00,KONICA,354
4160,2024-07-29 17:55:37.318704+00:00,MINOLTA QUEBEC,354
4161,2024-07-29 17:55:37.318704+00:00,MINOLTA BUSINESS EQUIPMENT,354
4162,2024-07-29 17:55:37.318704+00:00,MINOLTA BUSINESS EQUIPMENT CANADA,354
4163,2024-07-29 17:55:37.318704+00:00,KONIKA CANADA,354
4164,2024-07-29 18:38:56.644044+00:00,UNISOURCE TECH,355
4165,2024-07-29 18:38:56.644044+00:00,UNISOURCE TECHOLOGY,355
4166,2024-07-29 18:38:56.644044+00:00,UNISOURCE TEHNOLOGY,355
4167,2024-07-29 18:38:56.644044+00:00,UNISOURCE TECNOLOGY,355
4168,2024-07-29 18:38:56.644044+00:00,UNISOURCE TECHNOLOGY,355
4169,2024-07-29 18:38:56.644044+00:00,UNISOURCE TECHNONLGY,355
4170,2024-07-29 18:38:56.644044+00:00,UNISOURCE TECHNOLGIES,355
4171,2024-07-29 18:38:56.644044+00:00,UNISOURCE TECHNOLOGIY,355
4172,2024-07-29 18:38:56.644044+00:00,UNISOURCE TECHNOLOGIE,355
4173,2024-07-29 18:38:56.644044+00:00,UNISOURCE TECHNOLOGIES,355
4174,2024-07-29 18:38:56.644044+00:00,UNUNISOURCE TECHNOLOGY,355
4175,2024-07-29 18:38:56.644044+00:00,UNISOURCE TECHNOLOGY QC,355
4176,2024-07-29 18:38:56.644044+00:00,UNISOURCE TECHNOLOGY UTI,355
4177,2024-07-29 18:38:56.644044+00:00,UNISOURCES TECHNOLOGY,355
4178,2024-07-29 18:38:56.644044+00:00,UNI SOURCE TECHNOLOGY,355
4179,2024-07-29 18:38:56.644044+00:00,UNISCOURCE TECHNOLOGY,355
4180,2024-07-29 18:38:56.644044+00:00,UNISOUCE TECHNOLOGY,355
4181,2024-07-29 18:38:56.644044+00:00,COMPANY NAME UNISOURCE TECHNOLOGY,355
4182,2024-07-29 18:38:56.644044+00:00,UNOSOURCE TECHNOLOGY,355
4183,2024-07-29 18:38:56.644044+00:00,INISOURCE TECHNOLOGY,355
4184,2024-07-29 18:38:56.644044+00:00,UNISOURCE TECHNOLOGY INCORPORATION,355
4185,2024-07-29 18:38:56.644044+00:00,UNISOURSE TECHNOLOGIES,355
4186,2024-07-29 18:39:48.640752+00:00,UNISORUCE TECHNOLOGY,355
4187,2024-07-29 20:39:12.874680+00:00,ECOLE LANGUES CITE ECOLE,357
4188,2024-07-29 20:39:12.874680+00:00,ECOLE LANGUES CITE,357
4189,2024-07-29 20:39:12.874680+00:00,CITE ECOLE LANGUES,357
4190,2024-07-29 20:39:12.874680+00:00,ECOLE LANGUES CITE L,357
4191,2024-07-29 20:39:12.874680+00:00,ECOLE LANGUE CITE,357
4192,2024-07-29 20:39:12.874680+00:00,ECOLE LANGUES CITE INCF,357
4193,2024-07-29 20:39:12.874680+00:00,ECOLE LANGUE CIT,357
4194,2024-07-29 20:39:12.874680+00:00,LECOLE LANGUE CITE,357
4195,2024-07-29 20:39:12.874680+00:00,ECOLE LANGUES CTIE,357
4196,2024-07-29 20:39:12.874680+00:00,ECOLE LANGUES CITE ECOLE LANGUES LESTRIE EN COENTREPRISE,357
4197,2024-07-29 20:53:03.551777+00:00,LUMINA IT,358
4198,2024-07-29 20:53:03.551777+00:00,LUMIN IT,358
4199,2024-07-29 20:53:03.551777+00:00,LUMINA,358
4200,2024-07-29 20:53:03.551777+00:00,LUMINAIT,358
4201,2024-07-29 20:53:03.551777+00:00,LUMINA IT CONSULTANT,358
4202,2024-07-29 20:53:03.551777+00:00,LUMINA IT CBZ JOINT VENTURE,358
4203,2024-07-29 20:53:03.551777+00:00,LUMINA IT C BZ JOINT VENTURE,358
4204,2024-07-29 20:53:03.551777+00:00,LUMINA IT C B Z IN JOINT VENTURE,358
4205,2024-07-29 20:54:01.514616+00:00,LLUMINA CANADA,318
4206,2024-07-29 20:54:25.584615+00:00,FMC PROFESSIONALS,358
4207,2024-07-29 20:54:25.584615+00:00,FMC PROFESSSIONALS,358
4208,2024-07-29 20:54:25.584615+00:00,FMC PROFESSIONAL,358
4209,2024-07-29 21:00:56.116707+00:00,DAIMLER CHRYSLER,361
4210,2024-07-29 21:00:56.116707+00:00,DAIMLER CHRYSLER CANADA,361
4211,2024-07-29 21:00:56.116707+00:00,DAIMLERCHRYSLER CANADA,361
4212,2024-07-29 21:00:56.116707+00:00,FLEET DAIMLERCHRYSLER CANADA,361
4213,2024-07-29 21:00:56.116707+00:00,FLEETDAIMLER CHRYSLER CANADA,361
4214,2024-07-29 21:02:01.741134+00:00,DALHOUSIE UNIVERSITY,362
4215,2024-07-29 21:02:01.741134+00:00,DALHOUSIE UNIVERISITY,362
4216,2024-07-29 21:02:01.741134+00:00,DALHOUSIE UNIVERSITY BOOKSTORE,362
4217,2024-07-29 21:02:01.741134+00:00,DALHOUSIE UNIVERSITYS SCHOOL,362
4218,2024-07-29 21:02:01.741134+00:00,DALHOUSIE UNIVERSITY EXTENDED LEAR,362
4219,2024-07-29 21:02:01.741134+00:00,DEPARTMENT PSYCHIATRY DALHOUSIE UNIVERSITY,362
4220,2024-07-29 21:02:01.741134+00:00,DALHOUSIE UNIVERSITYFINANCIAL SERVICES,362
4221,2024-07-29 21:02:01.741134+00:00,DALHOUSIE,362
4222,2024-07-29 21:02:01.741134+00:00,DALHOUSIE UNIVERSITY SCHOOL PUBLIC ADMINISTRATI,362
4223,2024-07-29 21:02:01.741134+00:00,DALHOUSIE UNIVERSITY COLLEGE CONTINUING EDUCATION,362
4224,2024-07-29 21:02:01.741134+00:00,DALHOUSIE UNIVERSITY CONTINUING TECHNICAL EDUCATION,362
4225,2024-07-29 21:02:01.741134+00:00,DALHOUSIE UNIVERSITY CONFERENCE SERVICES SUMMER HOUSING,362
4226,2024-07-29 21:03:55.075925+00:00,SAMSON ASSOCIATES,363
4227,2024-07-29 21:03:55.075925+00:00,SAMSON ASSOCIES ASSOCIATES,363
4228,2024-07-29 21:03:55.075925+00:00,SAMSON ASSOCIATE,363
4229,2024-07-29 21:03:55.075925+00:00,SAMSON ASSOCIATES CPA,363
4230,2024-07-29 21:03:55.075925+00:00,SAMSON ASSOCIESASSOCIATES,363
4231,2024-07-29 21:03:55.075925+00:00,SAMSON ASSOCIESSAMSON ASSOCIATES,363
4232,2024-07-29 21:03:55.075925+00:00,SAMSOM ASSOCIATES,363
4233,2024-07-29 21:03:55.075925+00:00,SAMSON ASSOCIATION,363
4234,2024-07-29 21:03:55.075925+00:00,SAMSON ASSOCIES,363
4235,2024-07-29 21:03:55.075925+00:00,SAMSON ASSOCIATES RESULTS,363
4236,2024-07-29 21:03:55.075925+00:00,SAMUEL ASSOCIATES,363
4237,2024-07-29 21:03:55.075925+00:00,SAMSON ASSOC,363
4238,2024-07-29 21:03:55.075925+00:00,SAMSON ASSOCIATES CONSULTING,363
4239,2024-07-29 21:03:55.075925+00:00,SAMSON ASSOCIES CPA,363
4240,2024-07-29 21:03:55.075925+00:00,SAMSON ASSOCIATES ACCOUNTING EX,363
4241,2024-07-29 21:03:55.075925+00:00,SAMSON ASSOCIATES CPA CONSULTIN,363
4242,2024-07-29 21:03:55.075925+00:00,SAMSON ASSOCIATES CPACONSULTING,363
4243,2024-07-29 21:03:55.075925+00:00,SAMSON ASSOCIATES CPA CONSULTING,363
4244,2024-07-29 21:03:55.075925+00:00,SAMSON ASSOCIATES CPACONSULTATION,363
4245,2024-07-29 21:03:55.075925+00:00,SAMSON ASSOCIATES CPA CONSULTATIO,363
4246,2024-07-29 21:03:55.075925+00:00,SAMSON ASSOCIATES CPA CONSULTATION,363
4247,2024-07-29 21:03:55.075925+00:00,SAMSON ASSOCIATESCPACONSULTING,363
4248,2024-07-29 21:04:23.609711+00:00,SAMSON ASSOCIS CPA,363
4249,2024-07-29 21:04:23.609711+00:00,SAMSON ASSOCIESASSOCIATES CPA CONSULTING,363
4250,2024-07-29 21:04:23.609711+00:00,SAMPSON ASSOCIATES CPA CONSULTI,363
4251,2024-07-29 21:04:23.609711+00:00,SAMSON ASSOCIATE CPA CONSULTING,363
4252,2024-07-29 21:04:23.609711+00:00,SAMSON ASSOCIATES CPA CONSULTING SERVICES,363
4253,2024-07-29 21:04:23.609711+00:00,SAMSON ASSOCIES CPA CONSULTING,363
4254,2024-07-29 21:04:23.609711+00:00,SAMSON ASSOCIATED CPACONSULTATION,363
4255,2024-07-29 21:04:23.609711+00:00,SAMSON ASSOCIES CPACONSULTATION SAMSON ASSOCIATES CPACONSULTING,363
4256,2024-07-29 21:04:23.609711+00:00,SAMSON ASSOCIES CPA CONSULTATIO,363
4257,2024-07-29 21:04:23.609711+00:00,SAMSON ASSOCIES CPA CONSULTATION,363
4258,2024-07-29 21:04:23.609711+00:00,SAMSON ASSOCIES CPA CONSULTATIONS,363
4259,2024-07-29 21:04:23.609711+00:00,SAMSON ASSOCIES CPACONSULTING,363
4260,2024-07-29 21:04:23.609711+00:00,SAMSON ASSOCIES CPACONSULTATION,363
4261,2024-07-29 21:04:23.609711+00:00,SAMSON ASSOCIES CPACONSULTAION I,363
4262,2024-07-29 21:04:53.634934+00:00,SANTE MONTFORT,360
4263,2024-07-29 21:05:06.266049+00:00,SAMSON ASSOC CONSULTING,363
4264,2024-07-29 21:05:06.266049+00:00,SAMSON ASSOCIESCPNCONSULTING,363
6960,2024-08-30 01:40:40.847195+00:00,KONTZAMANIS GRAUMANN SMITH MACMILLAN,777
4266,2024-07-29 21:07:52.678540+00:00,UNIVERSITY OTTAWA,365
4267,2024-07-29 21:07:52.678540+00:00,OTTAWA UNIVERSITY,365
4268,2024-07-29 21:07:52.678540+00:00,UNIVERSITY OFOTTAWA,365
4269,2024-07-29 21:07:52.678540+00:00,UNIVERSITY OTTAWA UNIVERSITE DOTTAWA,365
4270,2024-07-29 21:07:52.678540+00:00,UNIVERSITY OTTAWAUNIVERSITE DOTTAWA,365
4271,2024-07-29 21:07:52.678540+00:00,UNIVERSITY OTTAWA HEART INS,365
4272,2024-07-29 21:07:52.678540+00:00,UNIVERSITY OTTAWA FACULTY SO,365
4273,2024-07-29 21:07:52.678540+00:00,UNIVERISTY OTTAWA,365
4274,2024-07-29 21:07:52.678540+00:00,UNIVERSITY OTTAWA TECHNOLOGY,365
4275,2024-07-29 21:07:52.678540+00:00,UNIVERSITY OTTAWA RESIDENCES,365
4276,2024-07-29 21:07:52.678540+00:00,GRAY DAVID UNIVERSITY OTTAWA,365
4277,2024-07-29 21:07:52.678540+00:00,ODELL HOUSE UNIVERSITY OTTAWA,365
4278,2024-07-29 21:07:52.678540+00:00,OTTAWA UNIVERSITY ODELL HOUSE,365
4279,2024-07-29 21:07:52.678540+00:00,UNIVERSITE DOTTAWA,365
4280,2024-07-29 21:07:52.678540+00:00,UNIVERSITY OTTAWA PROFESSIONAL,365
4281,2024-07-29 21:07:52.678540+00:00,UNIVERSITY OTTAWAODELL HOUSE,365
4282,2024-07-29 21:07:52.678540+00:00,UNIVERSITY OTTAWA FACULTE DROIT,365
4283,2024-07-29 21:07:52.678540+00:00,UNIVERSITY OTTAWA HEART INSTITUTE,365
4284,2024-07-29 21:07:52.678540+00:00,UNIVERSITY OTTAWA FINANCIAL SERVICES,365
4285,2024-07-29 21:07:52.678540+00:00,UNIVERSITE DOTTAWA FACULTE,365
4286,2024-07-29 21:07:52.678540+00:00,UNIVERSITY OTTAWA EXECUTIVE MBA PROGRAM,365
4287,2024-07-29 21:07:52.678540+00:00,UNIVERSITY OTTAWA CONTINUING EDUCATION,365
4288,2024-07-29 21:07:52.678540+00:00,UNIVERSITY OTTAWA RESEARCH PARTNERSHIPS,365
4289,2024-07-29 21:07:52.678540+00:00,UNIVERSITYOF OTTAWA HEART INSTITUTE,365
4300,2024-07-29 21:10:40.075453+00:00,UNIVERSITY GUELPH,368
4301,2024-07-29 21:10:40.075453+00:00,UNIVERSITY GUELPH OFFICE RESEARCH,368
4302,2024-07-29 21:10:40.075453+00:00,LABORATORY SERVICES UNIVERSITY GUELPH,368
4303,2024-07-29 21:10:40.075453+00:00,UNIVERSITY GUELPH RIDGETOWN CAMPUS,368
4304,2024-07-29 21:10:40.075453+00:00,UNIVERSITY GUELPH DEPARTMENT,368
4305,2024-07-29 21:10:40.075453+00:00,UNIVERSITY GUELPH KALISHUCK,368
4306,2024-07-29 21:10:40.075453+00:00,UNIVERSITY GUELPH COLLEGE DALFRED,368
4307,2024-07-29 21:12:08.994738+00:00,SANOFI PASTEUR,366
4308,2024-07-29 21:12:08.994738+00:00,SANOFI PASTEUR SANOFI PASTEUR,366
4309,2024-07-29 21:12:08.994738+00:00,SANOFIAVENTIS CANADA,366
4330,2024-07-29 21:13:15.263171+00:00,UNIVERSITY GUELPH DEPARTMENT GEOGRAPHY ENVIRONMENT GEOMATICS,368
4331,2024-07-29 21:13:53.106027+00:00,UNIVERSITY GUELPH MUCK,368
4332,2024-07-29 21:13:53.106027+00:00,UNIVERSITY GUELPH OSULLIVAN,368
4333,2024-07-29 21:13:53.106027+00:00,UNIVERSITY GUELPH MUCK CROPS,368
4334,2024-07-29 21:13:53.106027+00:00,UNIVERSITY GUELPH RESEARCH FINANCIAL SERVICES FKA DEPARTMENT GEOGRAPHY ENVIRONMENT GEOMATICS,368
4335,2024-07-29 21:13:53.106027+00:00,LABORATORY SERVICES DIVISION UNIVERSITY GUELPH,368
4336,2024-07-29 21:13:53.106027+00:00,UNIVERSITY GUELPH LABORATORY SERVICES DIVISION,368
4337,2024-07-29 21:13:53.106027+00:00,UNIVERSITY GUELPH AGRICULTURE FOOD LABORATORY,368
4340,2024-07-29 21:14:49.390503+00:00,DALHOUSIE UNIVERSITY DR ALICE AIKEN VICE PRESIDENT RESEARCH INNOVATION,362
4367,2024-07-29 21:18:42.888248+00:00,UNIVERSITY ALBERTA TRANSLATING RESEARCH IN ELDER CARE TREC,369
4703,2024-07-30 12:16:03.936881+00:00,HEWLETT PACKARD ENTERPRISE CANADA HEWLETT PACKARD ENTREPRISE CANADA CIE,393
4704,2024-07-30 12:16:03.936881+00:00,HEWLWTT PACKARD ENTERPRISE CANADA,393
4705,2024-07-30 12:16:03.936881+00:00,HEWLETT PACKARD ENTERPRIDE CANADA,393
4706,2024-07-30 12:16:03.936881+00:00,HEWLET PACKARD ENTERPRISE SERVICES FORMERLY EDS CANADA,393
4739,2024-07-30 16:24:50.974502+00:00,IBI GROUP ARCHITECTS CANADA MORIYAMA TESHIMA ARCHITECTS IN JOINT VENTURE,396
4740,2024-07-30 16:24:50.974502+00:00,MORIYAMA TESHIMA ARCHITECTS KASIAN ARCHITECTURE INTERIOR DESIGN PLANNING IN JOINT VENTURE,396
4745,2024-07-30 16:31:41.208251+00:00,NAHANNI CONSTRUCTION,399
4746,2024-07-30 16:31:41.208251+00:00,NAHANNI NUNAVUT CONSTRUCTION,399
4759,2024-07-30 17:52:55.831677+00:00,VFS GLOBAL,405
4764,2024-07-30 17:55:16.810557+00:00,TELESAT,406
4765,2024-07-30 17:55:16.810557+00:00,TELESAT TELESAT,406
4766,2024-07-30 17:55:16.810557+00:00,TELESAT CANADA,406
4767,2024-07-30 17:55:16.810557+00:00,TELESAT CANADA TELESAT CANADA,406
4797,2024-07-30 18:19:06.466339+00:00,UNISYS CANADA OTTAWA,410
4840,2024-07-30 18:32:17.547928+00:00,GEMALTO CANADA THALES,413
4863,2024-07-30 19:21:05.547260+00:00,TERAMACH TECHNOLOGIES,418
4864,2024-07-30 19:21:05.547260+00:00,TERAMACH TECHNOLOGIE,418
4865,2024-07-30 19:21:05.547260+00:00,NAME TERAMACH TECHNOLOGIES,418
4866,2024-07-30 19:21:05.547260+00:00,TERAMACH TECHONOLOGIES,418
4867,2024-07-30 19:21:05.547260+00:00,TERAMACH TECHNOLOGICS,418
4868,2024-07-30 19:21:05.547260+00:00,TERAMACH TECHBOLOGIES,418
4922,2024-07-30 19:53:37.141553+00:00,EMPLOYMENT SOLUTION,425
4923,2024-07-30 19:53:37.141553+00:00,TES EMPLOYMENT SOLUTION,425
4924,2024-07-30 19:53:37.141553+00:00,TES EMPLOYMENT SOLUTIONS,425
4981,2024-07-31 01:50:22.761090+00:00,SYSTEMATIX SOLUTIONS,429
4982,2024-07-31 01:50:22.761090+00:00,SYSTEMATIX IT SOLUTIONS,429
4983,2024-07-31 01:50:22.761090+00:00,SYSTEMATIX SOLUTIONS TI,429
4984,2024-07-31 01:50:22.761090+00:00,SYSTEMATIX SOLUTIONS IT,429
4985,2024-07-31 01:50:22.761090+00:00,SYSTEMATIX SOLUTIONS TI SYSTEMA,429
4986,2024-07-31 01:50:22.761090+00:00,SYSTEMATIX SOLUTIONS TI SYSTEMATIX IT SOLUTIONS,429
4987,2024-07-31 01:50:22.761090+00:00,SYSTEMATIX,429
4988,2024-07-31 01:50:22.761090+00:00,SYSTERMATIX IT SLUTIONS,429
5001,2024-07-31 03:07:00.338283+00:00,INDUSTRIES OCEAN,430
5002,2024-07-31 03:07:00.338283+00:00,OCEAN INDUSTRIES BC,430
5012,2024-07-31 03:52:16.693470+00:00,NCO FINANCIAL SERVICES,433
5026,2024-07-31 05:51:02.514075+00:00,RHEINMETALL CANADA,437
5027,2024-07-31 05:51:02.514075+00:00,RHEINMETALL CANADA RHCAN,437
5028,2024-07-31 05:51:02.514075+00:00,RHEINMETALL CANADAINC,437
5029,2024-07-31 05:51:02.514075+00:00,REHEINMETALL CANADA,437
5030,2024-07-31 05:51:02.514075+00:00,RHEINMETALL,437
5031,2024-07-31 05:51:02.514075+00:00,RHEINMETAL,437
5032,2024-07-31 05:51:02.514075+00:00,RHEINMETALL DEFENCE,437
5033,2024-07-31 05:51:02.514075+00:00,RHEINMETALL MAN MILITARY VEHICLES CANADA RMMV,437
5034,2024-07-31 05:51:02.514075+00:00,RHEINMETALL LANDSYSTEME,437
5035,2024-07-31 05:51:02.514075+00:00,RHEINMETALL MAN MILITARY,437
5036,2024-07-31 05:51:02.514075+00:00,RHEINMETALL ELECTRONICS,437
5037,2024-07-31 05:51:02.514075+00:00,RHEINMETALL LANDSYSTEMES,437
5038,2024-07-31 05:51:02.514075+00:00,RHEINMETALL LAND SYSTEME,437
5039,2024-07-31 05:51:02.514075+00:00,RHEINMETALL WAFFE MUNITION,437
5040,2024-07-31 05:51:02.514075+00:00,RHEINMETALL WAFFE MUNITIONS,437
5110,2024-07-31 13:41:19.532254+00:00,L3 TECHNOLOGIES MAS,69
5111,2024-07-31 13:41:19.532254+00:00,L3 TECHNOLOGIES,69
5112,2024-07-31 13:41:19.532254+00:00,L3 TECHNOLOGIES CSW,69
5113,2024-07-31 13:41:19.532254+00:00,L3 TECHNOLOGIES ESS,69
5114,2024-07-31 13:41:19.532254+00:00,L3 TECHNOLOGIES MAS OPERATING AS L3 MAS,69
4290,2024-07-29 21:08:25.921592+00:00,UNIVERSITY OTTAWA TELFER SCHOOL MANAGEMENT,365
4291,2024-07-29 21:08:25.921592+00:00,SMART PROSPERITY INSTITUTE UNIVERSITY OTTAWA,365
4292,2024-07-29 21:08:25.921592+00:00,TELFER SCHOOL MANAGEMENT UNIVERSITY OTTAWA,365
4293,2024-07-29 21:08:25.921592+00:00,INTERCULTURE CENTRE UNIVERSITY OTTAWA,365
4294,2024-07-29 21:08:25.921592+00:00,APMDMS UNIVERSITY OTTAWA RESIDENCES,365
4295,2024-07-29 21:09:09.136034+00:00,UNIVERSITE SAINTEANNE,367
4296,2024-07-29 21:09:09.136034+00:00,UNIVERSITE SAINTE ANNE HALIFAX,367
4297,2024-07-29 21:09:48.043073+00:00,UNIVERSITE SAINTE ANNE,367
4298,2024-07-29 21:09:48.043073+00:00,UNIVERSITE SAINTEANNE CAMPUS ST JEANHALIFAX,367
4299,2024-07-29 21:09:48.043073+00:00,UNIVERSITE SAINTEANNEC0LLEGE LACADIE,367
4310,2024-07-29 21:12:13.138284+00:00,UNIVERSITY ALBERTA,369
4311,2024-07-29 21:12:13.138284+00:00,GOVERNORS UNIVERSITY ALBERTA,369
4312,2024-07-29 21:12:13.138284+00:00,UNIVERSITY ALBERTA RESEARCH SERVICES OFFICE,369
4313,2024-07-29 21:12:13.138284+00:00,UNIVERSITY ALBERTA NANOFAB,369
4314,2024-07-29 21:12:13.138284+00:00,UNIVERSITY ALBERTA RESEARCH SERVICES TOWER,369
4315,2024-07-29 21:12:13.138284+00:00,UNIVERSITY ALBERTA MUSEUMS,369
4316,2024-07-29 21:12:13.138284+00:00,UNIVERSITY ALBERBA,369
4317,2024-07-29 21:12:13.138284+00:00,UNIVERSITY ALBERTA CAMPUS SAINT JEAN,369
4318,2024-07-29 21:12:13.138284+00:00,SAMUEL DEAKIN UNIVERSITY ALBERTA,369
4319,2024-07-29 21:12:13.138284+00:00,UNIVERSITY ALBERTA TECHNOLOGY TRAINING CENTRE,369
4320,2024-07-29 21:12:13.138284+00:00,UNIVERSITY ALBERTA FINANCIAL SE,369
4321,2024-07-29 21:12:13.138284+00:00,GOVENORS UNIVERSITY ALBERTA,369
4322,2024-07-29 21:12:13.138284+00:00,UNIVERSITY ALBERTA STUDENTS UNION,369
4323,2024-07-29 21:12:13.138284+00:00,UNIVERSITY ALBERTA CAMPUS ST JEAN,369
4324,2024-07-29 21:12:13.138284+00:00,UNIVERSITY ALBERTA CAMPUS STJEAN,369
4325,2024-07-29 21:12:36.051949+00:00,UNIVERSITY OG ALBERTA,369
4326,2024-07-29 21:12:36.051949+00:00,GOVERNORS UNIVERSITY ALBE,369
4338,2024-07-29 21:14:08.092614+00:00,UNIVERSITY GUELPH JORDAN,368
4339,2024-07-29 21:14:26.906901+00:00,ROMEO DAILLAIRE CHILD SOLDIERS INITIATIVE DALHOUSIE UNIVERSITY,362
4341,2024-07-29 21:15:32.076518+00:00,UNIVERSITY OTTAWATELFER SCHOOL MANAGEMENT,365
4342,2024-07-29 21:15:32.076518+00:00,TELFER SCHOOL MANAGEMENT UNIVER SITY OTTAWA,365
4343,2024-07-29 21:15:32.076518+00:00,UNIVERSITE DOTTAWA FACULTE ARTS,365
4344,2024-07-29 21:15:32.076518+00:00,UNIVERSITY OTTAWA INSTITUTE MENTAL HEALTH RESEARCH,365
4345,2024-07-29 21:15:32.076518+00:00,UNIVERSITY OTTAWA CENTRE FOR CONTINUING EDUCATION,365
4346,2024-07-29 21:15:32.076518+00:00,CENTRE FOR CONTINUING EDUCATION UNIVERSITY OTTAWA,365
4347,2024-07-29 21:15:32.076518+00:00,UNIVERSITY OTTAWA INNOVATION SUPPORT SERVICES,365
4348,2024-07-29 21:15:32.076518+00:00,ANDRE E LALONDE AMS LABORATORY UNIVERSITY OTTAWA,365
4349,2024-07-29 21:15:32.076518+00:00,UNIVERSITY OTTAWA JAN VEIZER STABLE ISOTOPE LAB,365
4364,2024-07-29 21:18:12.027490+00:00,UNIVERSITE SAINTANNE,367
4366,2024-07-29 21:18:32.408875+00:00,SANOFI GENZYME A DIVISION SANOFIAVENTIS CANADA,366
4386,2024-07-29 21:20:42.339074+00:00,CRAIG RIDDELL DEPARTMENT ECONOMICS UNIVERSITY BRITISH COLUMBIA,370
4408,2024-07-29 21:28:01.046645+00:00,WYATT TECHNOLOGY,374
4710,2024-07-30 15:51:47.471010+00:00,4 REFUEL,229
4741,2024-07-30 16:26:54.951634+00:00,NEWDOCK ST JOHNS DOCKYARD,397
4742,2024-07-30 16:26:54.951634+00:00,NEWDOCK ST JOHNS DOCKYARD D,397
4743,2024-07-30 16:26:54.951634+00:00,ST JOHNS DOCKYARD,397
4760,2024-07-30 17:55:16.726318+00:00,TELESAT,406
4761,2024-07-30 17:55:16.726318+00:00,TELESAT TELESAT,406
4762,2024-07-30 17:55:16.726318+00:00,TELESAT CANADA,406
4763,2024-07-30 17:55:16.726318+00:00,TELESAT CANADA TELESAT CANADA,406
4798,2024-07-30 18:21:26.661614+00:00,ZAYO,411
4799,2024-07-30 18:21:26.661614+00:00,ZAYO GROUP,411
4800,2024-07-30 18:21:26.661614+00:00,ZAYO CANADA,411
4824,2024-07-30 18:30:53.591408+00:00,THALES OPTRONICS CANADA,413
4825,2024-07-30 18:30:53.591408+00:00,THALES DEFENSR SECURITY,413
4826,2024-07-30 18:30:53.591408+00:00,THALES DEFENSE SECURITY,413
4827,2024-07-30 18:30:53.591408+00:00,THALES DEFENCE SECURITY,413
4828,2024-07-30 18:30:53.591408+00:00,THALES DEFENCE DEUTSCHLAND,413
4829,2024-07-30 18:30:53.591408+00:00,THALES DIGITAL SOLUTIONS,413
4830,2024-07-30 18:30:53.591408+00:00,THALES OPTRONIQUE CANADA,413
4831,2024-07-30 18:30:53.591408+00:00,THALES UNDERWATER SYSTEMS,413
4832,2024-07-30 18:30:53.591408+00:00,THALES TRAINING SIMULATION,413
4833,2024-07-30 18:30:53.591408+00:00,THALES NAVAL SERVICES CANADA,413
4869,2024-07-30 19:25:19.440354+00:00,WEATHERHAVEN GLOBAL RESOURCES,419
4870,2024-07-30 19:25:19.440354+00:00,WEATHERHAVEN GLOBAL RESOURCE,419
4871,2024-07-30 19:25:19.440354+00:00,WEATHERAVEN GLOBAL RESOURCES,419
4872,2024-07-30 19:25:19.440354+00:00,WEATHERHAVENGLOBAL RESOURCES,419
4873,2024-07-30 19:25:19.440354+00:00,WEATHERHAVEN RESOURCES,419
4874,2024-07-30 19:25:19.440354+00:00,WEATHERHAVEN CANADA RESOURCES,419
4875,2024-07-30 19:25:19.440354+00:00,WEATHERHAVEN CANADA RESOURCESLTD,419
4876,2024-07-30 19:25:19.440354+00:00,WHEATHERHAVEN CANADA RESOURCES,419
4877,2024-07-30 19:25:19.440354+00:00,WEATHERHAVEN CANADA RESOUCES,419
4878,2024-07-30 19:25:19.440354+00:00,WEATHERHAVEN,419
4879,2024-07-30 19:25:19.440354+00:00,WEATHERHAVEN CANADA,419
4880,2024-07-30 19:25:19.440354+00:00,WEATHERHAVEN 000509,419
4881,2024-07-30 19:26:08.283521+00:00,WEATERHAVEN,419
4882,2024-07-30 19:26:08.283521+00:00,WHEATHERHAVEN CANADA,419
4883,2024-07-30 19:26:08.283521+00:00,WEATHEREVEN,419
4884,2024-07-30 19:26:08.283521+00:00,WEAHTERHAVEN,419
4938,2024-07-30 20:10:51.123955+00:00,STONEWORKS TECHNOLOGIES,426
4939,2024-07-30 20:10:51.123955+00:00,STONEWORK TECHNOLOGIES,426
4940,2024-07-30 20:10:51.123955+00:00,STONEWORKDS TECHNOLOGIES,426
4941,2024-07-30 20:10:51.123955+00:00,STONESWORKS TECHNOLOGIES,426
4942,2024-07-30 20:10:51.123955+00:00,STONEWORKS TECHONOLOGIES,426
4943,2024-07-30 20:10:51.123955+00:00,STONEWORKS TEHNOLOGIES,426
4944,2024-07-30 20:10:51.123955+00:00,STONEWORKS TECHNOLGIES,426
4945,2024-07-30 20:10:51.123955+00:00,STONEWORKSTECHNOLOGIES,426
4946,2024-07-30 20:10:51.123955+00:00,SRONEWORKS TECHNOLOGIES,426
4947,2024-07-30 20:10:51.123955+00:00,STONEWORKS TECHNOLOGY,426
4948,2024-07-30 20:10:51.123955+00:00,STONEWORKS TECNOLOGIES LNC,426
4949,2024-07-30 20:10:51.123955+00:00,STONEWORK TECHNOLOGY,426
4950,2024-07-30 20:10:51.123955+00:00,STONEWORKS TECH,426
4989,2024-07-31 02:09:27.218751+00:00,BURLOAK TECHNOLOGIES,429
5004,2024-07-31 03:12:30.816114+00:00,OCEAN GROUP GROUPE OCEAN,430
5013,2024-07-31 03:58:21.020417+00:00,KINETIC CONSTRUCTION,434
5014,2024-07-31 03:58:21.020417+00:00,KINETIC CONSRTUCTION,434
5041,2024-07-31 06:19:40.190926+00:00,90069311 QUEBEC,438
4327,2024-07-29 21:12:58.442483+00:00,UNIVERSITE ALBERTA,369
4328,2024-07-29 21:12:58.442483+00:00,ECERF UNIVERSITY ALBERTA,369
4329,2024-07-29 21:12:58.442483+00:00,ECOLE LANGUES CAMPUS SAINTJEAN UNIVERSITY ALBERTA,369
4350,2024-07-29 21:15:40.139029+00:00,PROFESSIONAL DEVELOPMENT INSTITUTE UNIVERSITY OTTAWA,365
4351,2024-07-29 21:17:58.395304+00:00,SAINTE ANNE UNIVERSITY,367
4352,2024-07-29 21:17:58.395304+00:00,UNIVERSITE SAINTEANNE HALIFAX,367
4353,2024-07-29 21:18:02.421711+00:00,SANOFI PASTEUR CANADA,366
4354,2024-07-29 21:18:02.421711+00:00,SANOFI,366
4355,2024-07-29 21:18:02.421711+00:00,AVENTIS PASTEUR,366
4356,2024-07-29 21:18:02.421711+00:00,SANOFI CANADA SANOFI CANADA,366
4357,2024-07-29 21:18:02.421711+00:00,SANOFI CANADA,366
4358,2024-07-29 21:18:02.421711+00:00,SANOFIAVENTIS PHARMA,366
4359,2024-07-29 21:18:02.421711+00:00,SANOFI AVENTIS CANADA,366
4360,2024-07-29 21:18:02.421711+00:00,SANOFI CONSUMER HEALTH,366
4361,2024-07-29 21:18:02.421711+00:00,SANOFI SYNTHELABO CANADA,366
4362,2024-07-29 21:18:02.421711+00:00,SANOFISYNTHELABO CANADA,366
4363,2024-07-29 21:18:02.421711+00:00,SANOFI CANADA FORMERLY SANOFIAVENTIS CANADA,366
4365,2024-07-29 21:18:15.071470+00:00,SANOFISYNTHELABO,366
4368,2024-07-29 21:20:11.527785+00:00,UNIVERSITY BRITISH COLUMBIA,370
4369,2024-07-29 21:20:11.527785+00:00,UNIVERSITY OIF BRITISH COLUMBIA,370
4370,2024-07-29 21:20:11.527785+00:00,UNIVERSITY BRITISH COLUMBIA CHII,370
4371,2024-07-29 21:20:11.527785+00:00,UNIVERSITY BRITISH COLUMBIA OKAN,370
4372,2024-07-29 21:20:11.527785+00:00,UNIVERSITY BRIISH COLUMBIA,370
4373,2024-07-29 21:20:11.527785+00:00,UNIVERSITY BRITSH COLUMBIA,370
4374,2024-07-29 21:20:11.527785+00:00,UNIVERSITY BRITISH COLOMBIA,370
4375,2024-07-29 21:20:11.527785+00:00,UNIVERSITY BRITISH COLUMBIA VANCOUVER,370
4376,2024-07-29 21:20:11.527785+00:00,UNIVERSITY BRITISH COLUMBIA OKANAGAN,370
4377,2024-07-29 21:20:11.527785+00:00,UNIVERSITY NORTHERN BRITISH COLUMBIA,370
4378,2024-07-29 21:20:11.527785+00:00,UNIVERSITY BRITISH COLUMBIA EMAIL ENVOYE,370
4379,2024-07-29 21:20:11.527785+00:00,UNIVERSITY BRITISH COLUMBIA ATT A LIVINGSTONE,370
4380,2024-07-29 21:20:11.527785+00:00,ALMA MATER SOCIETY UNIVERSITY BRITISH COLUMBIA,370
4381,2024-07-29 21:20:11.527785+00:00,UNIVERSITY BRITISH COLUMBIA INDUSTRY LIAISON OFFICE,370
4382,2024-07-29 21:20:11.527785+00:00,UNIVERSITY BRITISH COLUMBIA UNIVERSITYINDUSTRY LIAISON OFFICE,370
4383,2024-07-29 21:20:11.527785+00:00,UNIVERSITY BRITISH COLUMBIA UBC AVIAN RESEARCH CENTRE,370
4384,2024-07-29 21:20:11.527785+00:00,UNIVERSITY BRITISH COLUMBIA EARTH OCEAN SCIENCE DEPT,370
4385,2024-07-29 21:20:11.527785+00:00,ALMA MATER SOCIETY UNIVERSITY BRITISH COLUMBIA VANCOUVER,370
4387,2024-07-29 21:21:48.012516+00:00,UNIVERSITY WATERLOO,371
4388,2024-07-29 21:21:48.012516+00:00,UNIVERSITY WATERLO,371
4389,2024-07-29 21:21:48.012516+00:00,UNIVERITY WATERLOO,371
4390,2024-07-29 21:21:48.012516+00:00,UNIVERSITY WATERLOO SOWC OA,371
4391,2024-07-29 21:21:48.012516+00:00,OFFICE RESEARCH UNIVERSITY WATERLOO,371
4392,2024-07-29 21:21:48.012516+00:00,OFFICE RESEARCHUNIVERSITY WATERLOO,371
4393,2024-07-29 21:24:37.665575+00:00,UQSUQ,373
4394,2024-07-29 21:24:37.665575+00:00,UQSUS,373
4395,2024-07-29 21:24:37.665575+00:00,UQSUA,373
4396,2024-07-29 21:24:37.665575+00:00,UQSUO,373
4397,2024-07-29 21:24:37.665575+00:00,UQUSUQ,373
4398,2024-07-29 21:24:37.665575+00:00,UQSQUQ,373
4399,2024-07-29 21:24:37.665575+00:00,UQSUQ CORPRATION,373
4400,2024-07-29 21:24:37.665575+00:00,UQSUQ CORPOATION,373
4401,2024-07-29 21:24:37.665575+00:00,UQAUQ,373
4402,2024-07-29 21:24:37.665575+00:00,GVT NUNAVUT UQSUQ,373
4403,2024-07-29 21:24:37.665575+00:00,UQSUQ CORPORTATION,373
4404,2024-07-29 21:24:37.665575+00:00,QUSUQ,373
4405,2024-07-29 21:25:50.154955+00:00,WATERS,374
4406,2024-07-29 21:26:10.743517+00:00,METRO LOGISTICS,372
4407,2024-07-29 21:26:49.202178+00:00,VICAM A WATERS BUSINESS,374
4409,2024-07-29 21:29:17.732354+00:00,PROLINE ADVANTAGE,375
4410,2024-07-29 21:30:07.056938+00:00,YAMAHA MOTOR CANADA,376
4411,2024-07-29 21:30:07.056938+00:00,YAMAHA MOTORS CANADA,376
4412,2024-07-29 21:30:37.802269+00:00,YAMAHA,376
4413,2024-07-29 21:32:12.034970+00:00,TOROMONT INDUSTRIES INDUSTRIES TOROMONT,378
4414,2024-07-29 21:32:12.034970+00:00,TOROMONT INDUSTRIES,378
4415,2024-07-29 21:32:12.034970+00:00,INDUSTRIES TOROMONT CIMCO,378
4416,2024-07-29 21:32:12.034970+00:00,TOMORONT INDUSTRIES,378
4417,2024-07-29 21:32:12.034970+00:00,TORONTO INDUSTRIES,378
4418,2024-07-29 21:32:12.034970+00:00,TOROMONT INDUSTRIES QUEBEC 2002,378
4419,2024-07-29 21:32:12.034970+00:00,TOROMONT INDUSTRIES QUEBEC 20002,378
4420,2024-07-29 21:32:12.034970+00:00,TOROMONTCAT A DIVISION TOROMONT INDUSTRIES,378
4421,2024-07-29 21:32:12.034970+00:00,INDUSTRIES TOROMONT CIMCO REFRIGER,378
4422,2024-07-29 21:32:12.034970+00:00,TOROMONT CAT A DIVISION TOROMONT INDUSTRIES,378
4423,2024-07-29 21:33:16.395220+00:00,TOROMONT CAT,378
4424,2024-07-29 21:33:16.395220+00:00,TOROMONT,378
4425,2024-07-29 21:33:16.395220+00:00,TOROMONT CAT QUEBEC,378
4426,2024-07-29 21:33:16.395220+00:00,TOROMONT CAT IQALUIT,378
4427,2024-07-29 21:33:16.395220+00:00,TOROMONT CAT MARITIMES,378
4428,2024-07-29 21:33:16.395220+00:00,TOROMONT CAT POWER SYSTEM,378
4429,2024-07-29 21:33:16.395220+00:00,TOROMONT CAT POWER SYSTEMS,378
4430,2024-07-29 21:33:16.395220+00:00,TOROMONT ARTIC,378
4431,2024-07-29 21:33:16.395220+00:00,PERKINS DIV TOROMONT CAT QC,378
4432,2024-07-29 21:33:16.395220+00:00,TOROMONT ARCTIC,378
4433,2024-07-29 21:33:16.395220+00:00,TOROMONT POWER SYSTEMS,378
4434,2024-07-29 21:33:16.395220+00:00,CIMCO REFRIGERATION TOROMONT,378
4435,2024-07-29 21:33:16.395220+00:00,TOROMONT MATERIAL HANDLING,378
4436,2024-07-29 21:33:16.395220+00:00,CIMCO REFRIGERATION DIV TOROMONT,378
4437,2024-07-29 21:33:16.395220+00:00,TOROMONT CAT POWER SYSTEMS A DIVISION TOROMONT INDUSTRIES,378
4438,2024-07-29 21:33:16.395220+00:00,CIMO REFRIGERATION DIVISION TOROMONT,378
4439,2024-07-29 21:33:16.395220+00:00,TOROMONT CAT A DIVISION TOROMONT INDUSTRIES LOCATION WINNIPEG,378
4440,2024-07-29 21:33:16.395220+00:00,CIMCO REFRIGERATON DIVISION TOROMONT,378
4441,2024-07-29 21:33:16.395220+00:00,CIMCO REFREGERATIONDIVISION TOROMONT,378
4442,2024-07-29 21:33:16.395220+00:00,CIMCO REFRIGERATION A DIVISION TOROMONT IND,378
4443,2024-07-29 21:33:47.117298+00:00,CIMCO,378
4444,2024-07-29 21:33:47.117298+00:00,CIMCO REFRIGERTION,378
4445,2024-07-29 21:33:47.117298+00:00,CIMCO REFRIGERATION,378
4446,2024-07-29 21:33:47.117298+00:00,CIMCO REFRIDGERATION,378
4447,2024-07-29 21:33:47.117298+00:00,CIMCO REFRIGERATION TORMONT,378
4448,2024-07-29 21:34:39.596896+00:00,CIMCO REFRIGERATION DIVISION TORONTO,378
4449,2024-07-29 21:34:39.596896+00:00,CIMCO REFRIGERATION DIVISION TOROMONT INDUSTRIES,378
4477,2024-07-29 21:40:42.628036+00:00,ZYCOM,380
4450,2024-07-29 21:36:00.442753+00:00,PENN CONSTRUCTION CANADA,379
4451,2024-07-29 21:36:00.442753+00:00,PENN CONSTRUCTION CANADA 2003,379
4471,2024-07-29 21:37:45.277388+00:00,TOROMONT MATERIAL HANDLING A DIVISION TOROMONT INDUSTRIES,378
4472,2024-07-29 21:40:05.494952+00:00,ITI,380
4473,2024-07-29 21:40:05.494952+00:00,ITI ZYCOM,380
4474,2024-07-29 21:40:05.494952+00:00,ITI CANADA,380
4475,2024-07-29 21:40:05.494952+00:00,ITI COMPANY,380
4476,2024-07-29 21:40:05.494952+00:00,ITI CANADA ZYCOM,380
4492,2024-07-29 21:43:07.729963+00:00,ZEPOLI,381
4711,2024-07-30 15:52:26.578018+00:00,AJ HANNA,233
4712,2024-07-30 15:52:26.578018+00:00,A J HANNA,233
4713,2024-07-30 15:52:26.578018+00:00,AJ HAFNNA CONSTRUCTION,233
4724,2024-07-30 16:00:21.659020+00:00,ACT IINC,265
4744,2024-07-30 16:29:50.225104+00:00,MUFACTOR,398
4768,2024-07-30 17:58:07.777861+00:00,TEXTRON SYSTEMS,407
4769,2024-07-30 17:58:07.777861+00:00,AAI TEXTRON SYSTEMS,407
4770,2024-07-30 17:58:07.777861+00:00,TEXTRON SYSTEMS CANADA,407
4771,2024-07-30 17:58:07.777861+00:00,TEXTRON SYSTEMS ELECTRONIC SYSTEMS,407
4772,2024-07-30 17:58:07.777861+00:00,TEXTRON SYSTEMS CANADA TSCI,407
4773,2024-07-30 17:59:06.617733+00:00,TEXTRON FASTENING SYSTEMS,407
4802,2024-07-30 18:28:42.200993+00:00,THALES,413
4803,2024-07-30 18:28:42.200993+00:00,THALES USA,413
4804,2024-07-30 18:28:42.200993+00:00,THALES LASER,413
4805,2024-07-30 18:28:42.200993+00:00,THALES NORWAY,413
4806,2024-07-30 18:28:42.200993+00:00,THALES FRAMCE,413
4807,2024-07-30 18:28:42.200993+00:00,THALES CANADA THALES CANADA,413
4808,2024-07-30 18:28:42.200993+00:00,THALES FRANCE,413
4809,2024-07-30 18:28:42.200993+00:00,THALES CANADA,413
4810,2024-07-30 18:28:42.200993+00:00,THALES AVIONICS,413
4834,2024-07-30 18:31:40.153839+00:00,THALES COMMUNICATIONS SECURITY,413
4835,2024-07-30 18:31:40.153839+00:00,THALES CANADA DEFENCE SECURITY,413
4836,2024-07-30 18:31:40.153839+00:00,THALES AIR TRAFFIC MANAGEMENT US,413
4837,2024-07-30 18:31:40.153839+00:00,THALES CANADA OPTRONICS DIVISION,413
4838,2024-07-30 18:31:40.153839+00:00,THALES DIGITAL SOLUTIONS THALES SOLUTIONS NUMERIQUES,413
4839,2024-07-30 18:31:40.153839+00:00,THALES CANADA NAVAL SERVICES DIVISION,413
4885,2024-07-30 19:31:36.753311+00:00,WARTSILA,420
4886,2024-07-30 19:31:36.753311+00:00,WARTSILA CANDA,420
4887,2024-07-30 19:31:36.753311+00:00,WARTSILA CANADA,420
4888,2024-07-30 19:31:36.753311+00:00,WARSILA,420
4889,2024-07-30 19:31:36.753311+00:00,WARTSILA CANADA QC,420
4890,2024-07-30 19:31:36.753311+00:00,WARTSILA NORTH AMERICA,420
4891,2024-07-30 19:31:36.753311+00:00,WARTSILIA CANADA,420
4892,2024-07-30 19:31:36.753311+00:00,WARETSILA CANADA,420
4893,2024-07-30 19:31:36.753311+00:00,WARTILSILA CANADA,420
4894,2024-07-30 19:31:36.753311+00:00,WARTILA CANADA,420
4895,2024-07-30 19:31:36.753311+00:00,WARSILA CANADA,420
4951,2024-07-31 00:57:06.738535+00:00,SUNCOR,427
4952,2024-07-31 00:57:06.738535+00:00,SUNCOR ENERGY,427
4953,2024-07-31 00:57:06.738535+00:00,SUNCOR ENERGIE,427
4954,2024-07-31 00:57:06.738535+00:00,SUNCOR ENERGY SUNCOR ENERGIE SUNCOR ENERGY SUNCOR ENERGIE,427
4955,2024-07-31 00:57:06.738535+00:00,SUNCOR ENERGY SUNCOR ENERGIE,427
4956,2024-07-31 00:57:06.738535+00:00,SUNCORE ENERGY,427
4957,2024-07-31 00:57:06.738535+00:00,SUNCOR ENERGY PRODUCT,427
4958,2024-07-31 00:57:06.738535+00:00,SUNCOR ENERTY PRODUCTS,427
4959,2024-07-31 00:57:06.738535+00:00,SUNCOR ENERGY PROCUCTS,427
4960,2024-07-31 00:57:06.738535+00:00,SUNCOR ENGERY PRODUCTS,427
4961,2024-07-31 00:57:06.738535+00:00,SUNCOR ENERGY PRODUCTS,427
4962,2024-07-31 00:57:06.738535+00:00,SUCOR ENERGY,427
4963,2024-07-31 00:57:06.738535+00:00,SUNCOR ENERGY PRODUCTS PARTNESHIP,427
4964,2024-07-31 00:57:06.738535+00:00,SUNCOR ENERGY PRODUCTS PARTERSHIP,427
4965,2024-07-31 00:57:06.738535+00:00,SUNCOR ENERGY PRODUCTS PARTNERSHIP,427
4966,2024-07-31 00:57:06.738535+00:00,SUNCOR ENGERGY PRODUCTS PARTNERSHIP,427
4969,2024-07-31 01:05:42.319135+00:00,PETRO CANADA,427
4990,2024-07-31 02:11:00.347236+00:00,CAIN INDUSTRIES,429
4991,2024-07-31 02:14:41.449940+00:00,SAMUEL SON,429
4992,2024-07-31 02:14:41.449940+00:00,SAMUEL SON COMPANY,429
5005,2024-07-31 03:14:31.662487+00:00,GROUPE OCEANS,430
5015,2024-07-31 04:00:08.666937+00:00,KINETIC ENVIRONMENTAL,434
5042,2024-07-31 06:27:25.360553+00:00,DEVCOR 1994,438
5043,2024-07-31 06:39:57.582536+00:00,AIM GROUP,439
5115,2024-07-31 13:41:19.532254+00:00,L3 APPLIED TECHNOLOGIES,69
5116,2024-07-31 13:41:19.532254+00:00,L3HARRIS TECHNOLOGIES,69
5118,2024-07-31 13:43:37.892930+00:00,L3HARRIS,69
5119,2024-07-31 13:43:37.892930+00:00,L3HARRIS MAS L3HARRIS MAS,69
5120,2024-07-31 13:43:37.892930+00:00,L3 HARRIS L3 AVIATION PRODUCTS,69
5121,2024-07-31 13:43:37.892930+00:00,HARRIS CORPORATON,69
5122,2024-07-31 13:43:37.892930+00:00,HARRIS GOVERNMENT,69
5123,2024-07-31 13:43:37.892930+00:00,HARRIS GLOBAL COMMUNICATIONS L3HARRIS,69
5162,2024-07-31 13:56:28.076860+00:00,PETROLES C POIRIER,444
5164,2024-07-31 14:50:29.477113+00:00,HAMEL CONSTRUCTION,446
5165,2024-07-31 14:53:56.876483+00:00,LIFELABS,447
5166,2024-07-31 14:53:56.876483+00:00,LIFELABS BC,447
5167,2024-07-31 14:53:56.876483+00:00,LIFELABS MEDICAL LABORATORY SERVICES,447
5206,2024-07-31 17:55:29.948432+00:00,TEKNION FURNITURE SYSTEMS M SDN B,449
5207,2024-07-31 17:55:29.948432+00:00,TEKNION FURNITURE SYSTEMS CO GRAND TOY,449
5208,2024-07-31 17:55:29.948432+00:00,TEKNION CO JOHNSONS BUSINESS INTERIORS,449
5209,2024-07-31 17:55:29.948432+00:00,TEKNION FURNITURE SYSTEMS CO CONTRACT FURNITURE SOURCE,449
5215,2024-07-31 18:12:00.015203+00:00,SMITHS DETECTION MONTREAL,451
5216,2024-07-31 18:12:00.015203+00:00,SMITHS DETECTION,451
5217,2024-07-31 18:12:00.015203+00:00,SMITH DETECTION,451
5218,2024-07-31 18:12:00.015203+00:00,SMITHS DETECTION TORONTO,451
5219,2024-07-31 18:12:00.015203+00:00,SMITHS DETECTION CANADA,451
5220,2024-07-31 18:12:00.015203+00:00,SMITHS DETECTION MIDDLE EAST FZE,451
5221,2024-07-31 18:12:00.015203+00:00,SMITHS DETECTION SECURITY SYSTEMS,451
5229,2024-07-31 18:16:04.291297+00:00,TIREE FACILITY SOLUTIONS,454
5230,2024-07-31 18:16:04.291297+00:00,TIREE FACLITY SOLUTIONS,454
5231,2024-07-31 18:16:04.291297+00:00,TIREE FACILITIES SOLUTION,454
5232,2024-07-31 18:16:04.291297+00:00,TIREE FACILITY SOLUTIONS MHPM PROJECT MANAGER IN JOINT VENTURE,454
5235,2024-07-31 18:19:24.126824+00:00,ARCFIELD CANADA,456
5236,2024-07-31 18:20:28.908413+00:00,JW LINDSAY ENTERPRISES,457
5237,2024-07-31 18:20:38.010693+00:00,MODIS CANADA XIA SYSTEMS IN JOINT VENTURE,160
5238,2024-07-31 18:20:38.010693+00:00,MODIS CANADA THALES CANADA SOCIETE THALES CANADA KWESST IN JOINT VENTURE,160
5239,2024-07-31 18:21:27.669911+00:00,WUXLY MOVEMENT,458
5245,2024-07-31 18:23:12.409658+00:00,JEPPESEN,135
4452,2024-07-29 21:36:03.646490+00:00,BATTLEFIELD,378
4453,2024-07-29 21:36:03.646490+00:00,BATTLEFIELD CAT RENTAL STORE,378
4454,2024-07-29 21:36:03.646490+00:00,BATTLEFIELD RENTAL,378
4455,2024-07-29 21:36:03.646490+00:00,BATTLEFIELDCAT RENTALS,378
4456,2024-07-29 21:36:03.646490+00:00,BATTLEFIELD RENTALS,378
4457,2024-07-29 21:36:03.646490+00:00,BATTLEFIELD EQUIPMENT,378
4458,2024-07-29 21:36:03.646490+00:00,BATTLEFIELD EQUIPT RENTAL,378
4459,2024-07-29 21:36:03.646490+00:00,BATTLEFIELD EQUIPEMT RENTALS CAT RENTAL STORE,378
4460,2024-07-29 21:36:03.646490+00:00,BATTLEFIELD EQUIPMENT BRANDON,378
4461,2024-07-29 21:36:03.646490+00:00,BATTLEFIELD EQUIPMENT RENTALS,378
4462,2024-07-29 21:36:03.646490+00:00,LOCATION DEQUIPEMENT BATTLEFIELD,378
4463,2024-07-29 21:36:03.646490+00:00,BATTLEFIELD EQUIPMENT ONTARIO,378
4464,2024-07-29 21:36:03.646490+00:00,BATTLEFIELD EQUIPMENT RENTALS QM,378
4465,2024-07-29 21:36:03.646490+00:00,BATTLEFIELDS EQUIPMENT RENTALS,378
4466,2024-07-29 21:36:03.646490+00:00,BATTLEFIELD EQUIPMENT RENTALS ST JOHNS BRANCH,378
4467,2024-07-29 21:36:03.646490+00:00,TOROMONT INDUSTRIES BATTLEFIELD EQUIPMENT RENTALS,378
4468,2024-07-29 21:36:03.646490+00:00,BATTLEFEILD EQUIPMENT RENTALS,378
4469,2024-07-29 21:36:03.646490+00:00,TOROMONT INDUSTRIES BATTKLEFIELD EQUIPMENT,378
4470,2024-07-29 21:36:03.646490+00:00,BATTLEFIELD EQUIPMENT RENTALS A DIVISION TOROMONT INDUSTRIES,378
4486,2024-07-29 21:40:59.137376+00:00,ITI CANADAZYCOM TECHNOLOGY,380
4714,2024-07-30 15:53:25.982879+00:00,ADRM TEC,189
4715,2024-07-30 15:53:25.982879+00:00,ADRM TECH,189
4716,2024-07-30 15:53:25.982879+00:00,ADRMTEC,189
4717,2024-07-30 15:53:25.982879+00:00,ADRM TEC RANDSTAD INTERIM,189
4747,2024-07-30 17:04:08.665542+00:00,MEDAVIE,402
4748,2024-07-30 17:04:08.665542+00:00,MEDAVIE EMS,402
4749,2024-07-30 17:04:08.665542+00:00,MEDAVIE HEALTHED,402
4750,2024-07-30 17:04:08.665542+00:00,MEDAVIE BLUE CROSS,402
4751,2024-07-30 17:04:08.665542+00:00,MEDAVIE HEALTH SERVICES,402
4774,2024-07-30 18:06:58.477375+00:00,TPG TECHNOLOGY CONSULTING,408
4775,2024-07-30 18:06:58.477375+00:00,TPG AURORA TECHNOLOGY CONSULTING,408
4776,2024-07-30 18:06:58.477375+00:00,TPG CONSULTING,408
4777,2024-07-30 18:06:58.477375+00:00,TPG TECHNOLOGY,408
4778,2024-07-30 18:06:58.477375+00:00,TPG TECHNOLOGY CONSULTING INROUND INNOVATIONS CJV,408
4811,2024-07-30 18:30:32.401580+00:00,THALES VISIONIX,413
4812,2024-07-30 18:30:32.401580+00:00,THALES ACOUSTICS,413
4813,2024-07-30 18:30:32.401580+00:00,THALES AUSTRALIA,413
4814,2024-07-30 18:30:32.401580+00:00,THALES ESECURITY,413
4815,2024-07-30 18:30:32.401580+00:00,THALES NORWAY AS,413
4816,2024-07-30 18:30:32.401580+00:00,THALES OPTRONIQUE,413
4817,2024-07-30 18:30:32.401580+00:00,THALES DIS CANADA,413
4818,2024-07-30 18:30:32.401580+00:00,THALES GROUP CANADA,413
4819,2024-07-30 18:30:32.401580+00:00,THALES CANADA SYSTEM,413
4820,2024-07-30 18:30:32.401580+00:00,THALES CANADA SOCIETE THALES CANADA,413
4821,2024-07-30 18:30:32.401580+00:00,THALES COMMUNICATIONS,413
4822,2024-07-30 18:30:32.401580+00:00,SOCIETE THALES CANADA,413
4823,2024-07-30 18:30:32.401580+00:00,THALES CANADA SYSTEMS,413
4896,2024-07-30 19:33:03.669506+00:00,WARTSILA LIPS,420
4897,2024-07-30 19:33:03.669506+00:00,WARTSILA WATER SYSTEMS,420
4898,2024-07-30 19:33:03.669506+00:00,WARTSILA VOYAGES AMERICAS,420
4967,2024-07-31 00:59:32.398451+00:00,SUNCOR ENERGY PRODUCTS PARTNERSHIPS,427
4968,2024-07-31 00:59:32.398451+00:00,SUNCOR ENERGY PRODUCCTS PARTNERSHIP,427
4993,2024-07-31 02:35:49.368169+00:00,SAMUEL PRESSURE VESSEL GROUP,429
5006,2024-07-31 03:19:09.058037+00:00,OCEAN NAVIGATION,430
5016,2024-07-31 04:29:06.734574+00:00,KUDLIK CONSTRUCTION,435
5046,2024-07-31 06:58:06.543394+00:00,FOURNIER GERSOVITZ MOSS DROLET,440
5047,2024-07-31 06:58:06.543394+00:00,FOURNIER GERSOVITZ MOSS ASSOCIES,440
5048,2024-07-31 06:58:06.543394+00:00,FOURNIER GERSOVITZ MOSS ASSOCIES ARCHITECTES,440
5049,2024-07-31 06:58:06.543394+00:00,FOURNIER GERSOVITZ MOSS DROLET ASSOCIES ARCHITECTES,440
5050,2024-07-31 06:58:06.543394+00:00,FOURNIER GERSOVITZ MOSS DROLET ASSOCIES ARCHITECTES PERKINSWILL CANADA IN JOINT VENTURE,440
5051,2024-07-31 06:58:06.543394+00:00,JEANYVES MONTMINY DOMINIQUE STGELAIS FOURNIER GERSOVITZ MOSS DROLET ASSOCIES ARCHITECTES EN CONSORTIUM,440
5055,2024-07-31 13:10:25.029014+00:00,MAPLESOFT CONSULTING,441
5056,2024-07-31 13:10:25.029014+00:00,MSC MAPLESOFT CONSULTING,441
5057,2024-07-31 13:10:25.029014+00:00,MCS MAPLESOFT CONSULTING,441
5058,2024-07-31 13:10:25.029014+00:00,MAPLESOFT GROUP CONSULTING,441
5059,2024-07-31 13:10:25.029014+00:00,MAPLESOFT CONSULTING OTTAWA,441
5060,2024-07-31 13:10:25.029014+00:00,MAPLESOFT CONSULTING OA MAPLESOFT GROUP,441
5061,2024-07-31 13:10:25.029014+00:00,MSC MAPLESON CONSULTING,441
5062,2024-07-31 13:10:25.029014+00:00,MAPLESOFT CONSULTANT,441
5064,2024-07-31 13:13:16.994867+00:00,MAPLESOFT,441
5065,2024-07-31 13:13:16.994867+00:00,MAPLESOFT ADMINISTRATIVE SERVICES,441
5066,2024-07-31 13:13:16.994867+00:00,MAPLESOFT ADMINISTRATIVE SERVICES I,441
5100,2024-07-31 13:33:29.844563+00:00,GOLDER,144
5101,2024-07-31 13:33:29.844563+00:00,GOLDER ASSC,144
5102,2024-07-31 13:33:29.844563+00:00,GOLDER ASSOC CONST DIV,144
5103,2024-07-31 13:33:29.844563+00:00,GOLDER ASSOCIES INNOVATIONS APPLIQUES,144
5117,2024-07-31 13:41:26.455737+00:00,HARRIS,69
5124,2024-07-31 13:43:58.549270+00:00,L3 AVIATION PRODUCTS,69
5125,2024-07-31 13:48:16.194953+00:00,L3,69
5126,2024-07-31 13:48:16.194953+00:00,L3 MAS,69
5127,2024-07-31 13:48:16.194953+00:00,L3 COM,69
5128,2024-07-31 13:48:16.194953+00:00,L3 COMM,69
5129,2024-07-31 13:48:16.194953+00:00,L3 MAPPS,69
5130,2024-07-31 13:48:16.194953+00:00,L3 WESCAM,69
5131,2024-07-31 13:48:16.194953+00:00,L3MAS,69
5132,2024-07-31 13:48:16.194953+00:00,L3 SERVICES,69
5133,2024-07-31 13:48:16.194953+00:00,L3 BRASHEAR,69
5134,2024-07-31 13:48:16.194953+00:00,L3 NAUTRONIX,69
5135,2024-07-31 13:48:16.194953+00:00,L3 OCEANSSERVER,69
5136,2024-07-31 13:48:16.194953+00:00,L3 TECHNOLOGIES CANADA,69
5137,2024-07-31 13:48:58.225680+00:00,OCEAN SERVER,69
5138,2024-07-31 13:48:58.225680+00:00,OCEANSERVER TECHNOLOGY,69
5168,2024-07-31 14:55:48.191694+00:00,EXCELLERIS,447
5169,2024-07-31 14:55:48.191694+00:00,EXCELLERIS TECHNOLOGIES A DIVISION LIFELABS,447
5210,2024-07-31 17:56:36.520852+00:00,EKNION FURNITURE SYSTEMS,449
5211,2024-07-31 17:56:36.520852+00:00,TEKNION FURNITURE SYSTEM CO CONTRACT FUNITURE SOURCE,449
5212,2024-07-31 17:56:36.520852+00:00,TEKNION FURNITURE SYSTEMS CO CONTRACT FUNITURE SOURCE,449
5213,2024-07-31 17:56:36.520852+00:00,TEKNION FURNITURE SYSTEMS CO ERGOWORKS ATLANTIC,449
5222,2024-07-31 18:13:29.252320+00:00,WAZANA CLOTHING,452
5223,2024-07-31 18:13:29.252320+00:00,VETEMENTS WAZANA,452
4478,2024-07-29 21:40:42.628036+00:00,ZYCOM TECH,380
4479,2024-07-29 21:40:42.628036+00:00,ITIZYCOM,380
4480,2024-07-29 21:40:42.628036+00:00,ZYCOM TECHNOLOGY,380
4481,2024-07-29 21:40:42.628036+00:00,ZYCOM TECHONOLGY,380
4482,2024-07-29 21:40:42.628036+00:00,ZYCOM TECHNOLOGIES,380
4483,2024-07-29 21:40:42.628036+00:00,ZYCOMTECHNOLOGY,380
4484,2024-07-29 21:40:42.628036+00:00,ZYCOM AS RESELLER FOR DELL,380
4485,2024-07-29 21:40:42.628036+00:00,ZYCOM TECHNOLOGY INCORPORATION,380
4718,2024-07-30 15:55:36.019233+00:00,ALS,243
4719,2024-07-30 15:55:36.019233+00:00,ALS LABORATORIES,243
4720,2024-07-30 15:55:36.019233+00:00,ALS ENVIRONMENTAL,243
4725,2024-07-30 16:01:57.955445+00:00,ADIRONDACK,188
4726,2024-07-30 16:01:57.955445+00:00,ADIRONDAK HR,188
4752,2024-07-30 17:13:10.739893+00:00,MEDACOM ATLANTIC,402
4779,2024-07-30 18:14:00.823677+00:00,TPG TECHNOLOGIES,408
4780,2024-07-30 18:16:26.645294+00:00,TEKSYSTEMS,409
4781,2024-07-30 18:16:26.645294+00:00,TEKSYSTEM,409
4782,2024-07-30 18:16:26.645294+00:00,TEK SYSTEMS,409
4783,2024-07-30 18:16:26.645294+00:00,TEKSYSTEMS CANADA,409
4784,2024-07-30 18:16:26.645294+00:00,TEK SYSTEMS GROUP,409
4785,2024-07-30 18:16:26.645294+00:00,TECKSYSTEMS CANADA,409
4786,2024-07-30 18:16:26.645294+00:00,TEK SYSTEMS CANADA,409
4787,2024-07-30 18:16:26.645294+00:00,TEKSYSTEMS CANADA SOCIETY,409
4788,2024-07-30 18:16:26.645294+00:00,TEKSYSTEMS CANADA SOCIETY TEKSYSTEMS CANADA,409
4789,2024-07-30 18:16:26.645294+00:00,TEKSYSTEMS CANADA SOCIETE,409
4790,2024-07-30 18:16:26.645294+00:00,TEKSYSTEMS CANADA SOCIETE TEKSYSTEMS CANADA,409
4791,2024-07-30 18:16:26.645294+00:00,TEKSYSTEMS CANADA OTTAWA ON,409
4792,2024-07-30 18:16:26.645294+00:00,TEKSYSTEMS GLOBAL SERVICES,409
4841,2024-07-30 18:43:10.195631+00:00,TOP ACES,414
4842,2024-07-30 18:43:10.195631+00:00,TOP ACESINC,414
4843,2024-07-30 18:43:10.195631+00:00,TOP ACES FORMALLY DISCOVERY AIR,414
4860,2024-07-30 18:52:32.254405+00:00,UNITED VAN LINES,416
4861,2024-07-30 18:52:32.254405+00:00,UNITED VAN LINES CANADA,416
4916,2024-07-30 19:51:06.396178+00:00,SN TRANSPORT,424
4970,2024-07-31 01:09:41.013861+00:00,SYNCRUDE CANADA SYNCRUDE CANADA,427
4971,2024-07-31 01:09:41.013861+00:00,SYNCRUDE CANADA,427
4972,2024-07-31 01:09:41.013861+00:00,SYNCRUDE CANADA THROUGH FRASER MILNER CASGRAIN,427
4973,2024-07-31 01:14:55.597802+00:00,TOTALENERGIES EP CANADA,427
4994,2024-07-31 02:49:54.825743+00:00,SAMUEL MANUTECH,429
4995,2024-07-31 02:49:54.825743+00:00,SAMUEL SPECIALTY METALS DIV SAMUEL SON,429
5000,2024-07-31 03:03:58.495889+00:00,TECHSOL MARINE,430
5007,2024-07-31 03:33:57.657712+00:00,SUPERMAX HEALTHCARE CANADA,431
5017,2024-07-31 04:31:03.911650+00:00,IGLU CONSTRUCTION,435
5052,2024-07-31 06:59:43.381725+00:00,EVOQ ARCHITECTURE,440
5053,2024-07-31 06:59:43.381725+00:00,ARCHITECTURE EVOQ,440
5063,2024-07-31 13:11:11.177774+00:00,MAPLESOFT GROUP,441
5072,2024-07-31 13:31:58.569775+00:00,GOLDER ASSOCIATES,144
5073,2024-07-31 13:31:58.569775+00:00,GOLDER ASSOCIATES GOLDER ASSOCIES,144
5074,2024-07-31 13:31:58.569775+00:00,GOLDER ASSOCIATE,144
5075,2024-07-31 13:31:58.569775+00:00,GOLDER ASSOCIATED,144
5076,2024-07-31 13:31:58.569775+00:00,GOLDER ASSOCIATES LTDS,144
5077,2024-07-31 13:31:58.569775+00:00,GOLDER ASSOCIATES GHANA,144
5078,2024-07-31 13:31:58.569775+00:00,GOLDER ASSOCIEATES,144
5079,2024-07-31 13:31:58.569775+00:00,GOLDER ASSOCATES,144
5080,2024-07-31 13:31:58.569775+00:00,GOLDER ASSOCIATES BARRIE,144
5081,2024-07-31 13:31:58.569775+00:00,GOLDER ASSOCIATES LONDON,144
5082,2024-07-31 13:31:58.569775+00:00,GOLDER ASSOCIATES OTTAWA,144
5083,2024-07-31 13:31:58.569775+00:00,GOLDER ASSOCIATES QUEBEC,144
5084,2024-07-31 13:31:58.569775+00:00,GOLDER ASSOCIES,144
5085,2024-07-31 13:31:58.569775+00:00,GOLDER ASSOCIATES BURNABY,144
5086,2024-07-31 13:31:58.569775+00:00,GOLDER ASSOCIATES CALGARY,144
5087,2024-07-31 13:31:58.569775+00:00,GOLDER ASSOCIATES TORONTO,144
5088,2024-07-31 13:31:58.569775+00:00,GOLDER ASSOCIATES VICTORIA,144
5089,2024-07-31 13:31:58.569775+00:00,GOLDER ASSOCIATES NATIONAL,144
5090,2024-07-31 13:31:58.569775+00:00,GOLDER ASSOCIATES KINGSTON,144
5091,2024-07-31 13:31:58.569775+00:00,GOLDER ASSOCIATES EDMONTON,144
5092,2024-07-31 13:31:58.569775+00:00,GOLDER ASSOCIEES,144
5093,2024-07-31 13:31:58.569775+00:00,GOLDER ASSOCIATES VANCOUVER,144
5094,2024-07-31 13:31:58.569775+00:00,GOLDER ASSOCIATES DARTMOUTH,144
5095,2024-07-31 13:31:58.569775+00:00,GOLDER ASSOCIATES SASKATOON,144
5096,2024-07-31 13:31:58.569775+00:00,GOLDER ASSOCIATES ABBOTSFORD,144
5097,2024-07-31 13:31:58.569775+00:00,GOLDER ASSOC,144
5098,2024-07-31 13:31:58.569775+00:00,GOLDER ASSOCIATES CONSULTING,144
5099,2024-07-31 13:31:58.569775+00:00,GOLDER ASSOCIATES MISSISSAUGA,144
5139,2024-07-31 13:52:02.054223+00:00,HARNOISE ENERGIE,444
5140,2024-07-31 13:52:02.054223+00:00,HARNOIS ENERGIE,444
5141,2024-07-31 13:52:02.054223+00:00,HARNOIS ENERGIES,444
5142,2024-07-31 13:52:02.054223+00:00,ENERGIES HARNOIS,444
5143,2024-07-31 13:52:02.054223+00:00,HARNOI ENERGIES,444
5144,2024-07-31 13:52:02.054223+00:00,HARNOIS ENERGIESINC,444
5145,2024-07-31 13:52:02.054223+00:00,HARNOIS ENERGY,444
5146,2024-07-31 13:52:02.054223+00:00,HARNOIS ENEGIES,444
5147,2024-07-31 13:52:02.054223+00:00,HARNOIS ENRGIES,444
5148,2024-07-31 13:52:02.054223+00:00,1378280 HARNOIS ENERGIES,444
5149,2024-07-31 13:52:02.054223+00:00,HARMOIS ENERGIES,444
5150,2024-07-31 13:52:02.054223+00:00,HAMOIS ENERGIES,444
5151,2024-07-31 13:52:02.054223+00:00,HARNOIS ENERGIES OA HARNOIS GROUPE PETROLIER,444
5152,2024-07-31 13:53:12.187683+00:00,HARNOIS,444
5153,2024-07-31 13:53:12.187683+00:00,GROUPE HARNOIS,444
5154,2024-07-31 13:53:12.187683+00:00,HARNOIS GROUPE PETROLIER,444
5155,2024-07-31 13:53:12.187683+00:00,GROUPE HARNOIS IMPERIAL OIL,444
5170,2024-07-31 15:57:18.619541+00:00,AVISPL CANADA,448
5171,2024-07-31 15:57:18.619541+00:00,AVISPL CANADA AVISPL CANADA,448
5172,2024-07-31 15:57:18.619541+00:00,AVISPL CANADA LTF,448
5173,2024-07-31 15:57:18.619541+00:00,AVI SPL CANADA,448
5174,2024-07-31 15:57:18.619541+00:00,AVSPL CANADA,448
5175,2024-07-31 15:57:18.619541+00:00,AVLSPL CANADA,448
5176,2024-07-31 15:57:18.619541+00:00,AVISPL CA,448
5177,2024-07-31 15:57:18.619541+00:00,AVISPL,448
5178,2024-07-31 15:57:44.163019+00:00,AVI SPL,448
5214,2024-07-31 18:09:49.950779+00:00,TOFCON CONSTRUCTION,450
5224,2024-07-31 18:15:04.023496+00:00,NAVISTAR DEFENSE,453
5225,2024-07-31 18:15:04.023496+00:00,NAVISTAR DEFENCE,453
5227,2024-07-31 18:15:04.023496+00:00,NAVISTAR DEFENCE CANADA,453
5233,2024-07-31 18:19:16.570752+00:00,SODEXO CANADA,455
5234,2024-07-31 18:19:16.570752+00:00,SODEXO,455
4487,2024-07-29 21:42:53.176599+00:00,ZEPOLI INTERNATIONAL,381
4488,2024-07-29 21:42:53.176599+00:00,ZEPPOLI INTERNATIONAL,381
4489,2024-07-29 21:42:53.176599+00:00,ZEPOLI INTERNATION,381
4490,2024-07-29 21:42:53.176599+00:00,ZEPOLI INTERNATIONL,381
4491,2024-07-29 21:42:53.176599+00:00,COMPANY NAME ZEPOLI INTERNATIONAL,381
4493,2024-07-29 21:44:31.141575+00:00,WOOD CANADA,382
4494,2024-07-29 21:44:31.141575+00:00,WOOD CANADA WOOD CANADA LIM,382
4495,2024-07-29 21:44:51.304239+00:00,WOOD,382
4496,2024-07-29 21:45:29.474283+00:00,WAHL CONSRUCTION,383
4497,2024-07-29 21:45:29.474283+00:00,WAHL CONSTURCTION,383
4498,2024-07-29 21:45:29.474283+00:00,WAHL CONSTRUCTION,383
4499,2024-07-29 21:45:44.765605+00:00,WALH CONSTRUCTION,383
4500,2024-07-29 21:46:29.353047+00:00,NORTHROP GRUMMAN INTERNATIONAL TRADING,385
4501,2024-07-29 21:46:29.353047+00:00,NORTHRUP GRUMMAN INTERNATIONAL TRADING,385
4502,2024-07-29 21:46:29.353047+00:00,NORTHROP GRUMMAN INTERNATIONAL,385
4503,2024-07-29 21:46:29.353047+00:00,NORTHROP GRUMMAN ISS INTERNATIONAL,385
4504,2024-07-29 21:46:29.353047+00:00,NORTHROP GRUMMAN INTERNATIONAL TRADING MARITIME SYSTEMS,385
4505,2024-07-29 21:46:29.353047+00:00,NORTHROP GRUMMAN ELECTRONIC SYSTEMS INTERNATIONAL,385
4506,2024-07-29 21:46:34.412085+00:00,WORKDYNAMICS TECHNOLOGIES,384
4507,2024-07-29 21:46:34.412085+00:00,WORKDYNAMICS TECHNOLOGIE,384
4508,2024-07-29 21:46:34.412085+00:00,WORK DYNAMICS TECHNOLOGIES,384
4509,2024-07-29 21:46:34.412085+00:00,WORK DYMANICS TECHNOLOGIES,384
4510,2024-07-29 21:46:34.412085+00:00,WORKDYNAMICS,384
4511,2024-07-29 21:46:47.202886+00:00,VALSOFT,384
4512,2024-07-29 21:46:47.202886+00:00,SOCIETE VALSOFT,384
4513,2024-07-29 21:47:07.808311+00:00,NORTHROP GRUMMAN INNOVATION SYSTEMS,385
4514,2024-07-29 21:47:07.808311+00:00,NORTHROP GRUMMAN SYSTEMS INTEGRATED SYSTEMS WESTERN REG,385
4515,2024-07-29 21:47:07.808311+00:00,NORTHROP GRUMMAN ELECTRONICS SYSTEMS INTEGRATION INTL,385
4516,2024-07-29 21:47:07.808311+00:00,NORTHROP GRUMMAN GUIDANCE,385
4517,2024-07-29 21:47:07.808311+00:00,NORTHROP GRUMMAN SYSTEMS,385
4518,2024-07-29 21:47:22.224316+00:00,UNITED RENTALS CANADA,386
4519,2024-07-29 21:47:22.224316+00:00,UNITED RENTALS FO CANADA,386
4520,2024-07-29 21:47:22.224316+00:00,UNITED RENTALS DU CANADA,386
4521,2024-07-29 21:47:22.224316+00:00,UNITED RENTAL CANADA,386
4522,2024-07-29 21:47:22.224316+00:00,UNITED RENATALS CANADA,386
4523,2024-07-29 21:47:22.224316+00:00,UNIGHTED RENTALS CANADA,386
4524,2024-07-29 21:47:22.224316+00:00,UNITED RENTALS,386
4525,2024-07-29 21:47:22.224316+00:00,UNITED RENTAL,386
4526,2024-07-29 21:47:22.224316+00:00,UNITE RENTALS,386
4527,2024-07-29 21:47:22.224316+00:00,UNITED RENTALS COMPANY,386
4528,2024-07-29 21:47:39.447172+00:00,UNITED RENTALS FORKLIFT,386
4529,2024-07-29 21:47:39.447172+00:00,UNITAL RENTAL,386
4530,2024-07-29 21:47:39.447172+00:00,UNITED RENATLS,386
4531,2024-07-29 21:47:39.447172+00:00,UNITED RENTALS POWER HVAC,386
4532,2024-07-29 21:47:39.447172+00:00,UNITED RENTALS BRANCH 309,386
4533,2024-07-29 21:47:46.154496+00:00,NORTHROP GRUMMAN,385
4534,2024-07-29 21:47:46.154496+00:00,NORTHROP GRUMMAN CANADA,385
4535,2024-07-29 21:49:17.157812+00:00,BAKERCORP,386
4536,2024-07-29 21:49:17.157812+00:00,BAKERCORP CANADA,386
4537,2024-07-30 08:18:22.160899+00:00,MILESTONE ENVIRONMENTAL,356
4538,2024-07-30 08:18:22.160899+00:00,MILESTONE ENVIRONMENTAL CONTRACTING,356
4539,2024-07-30 08:18:22.160899+00:00,MILESTONE ENVIRONMENTAL CONTRACTING WEST,356
4540,2024-07-30 09:30:18.826465+00:00,NUNA EAST,388
4541,2024-07-30 09:35:40.254415+00:00,NUNA LOGISTICS,388
4542,2024-07-30 09:35:40.254415+00:00,NUNA INNOVATIONS,388
4543,2024-07-30 09:57:23.728038+00:00,POMERLEAU,280
4544,2024-07-30 09:57:23.728038+00:00,POMERLEAU POMERLEAU,280
4545,2024-07-30 09:57:23.728038+00:00,POMERLEAU SURREY,280
4546,2024-07-30 09:57:23.728038+00:00,POMERLEAU BATEAUX,280
4547,2024-07-30 09:57:23.728038+00:00,POMERLEAU QUEBEC,280
4548,2024-07-30 09:57:23.728038+00:00,POMERLEAU TORONTO,280
4549,2024-07-30 09:57:23.728038+00:00,POMERLEAU CALGARY,280
4550,2024-07-30 09:57:23.728038+00:00,POMERLEAU BEDFORD,280
4551,2024-07-30 09:57:23.728038+00:00,POMERLEAU MONTREAL,280
4552,2024-07-30 09:57:23.728038+00:00,POMERLEAU DARMOUTH,280
4553,2024-07-30 10:03:51.943425+00:00,POMERLEAU CAPITAL,280
4554,2024-07-30 10:03:51.943425+00:00,POMERLEAU CONSTRUCTION,280
4555,2024-07-30 10:03:51.943425+00:00,POMERLEAU BESSAC INFRASTRUCTURE,280
4556,2024-07-30 10:15:31.192077+00:00,EBCPOMERLEAU PJCC 62000,280
4557,2024-07-30 10:15:31.192077+00:00,WESTPRO A DIVISION POMERLEAU,280
4558,2024-07-30 10:22:10.101789+00:00,GIFFELS WESTPRO CONSTRUCTORS,280
4559,2024-07-30 10:22:10.101789+00:00,GIFFELS WESTPRO,280
4560,2024-07-30 10:26:05.080902+00:00,BOREA CONSTRUCTION,280
4561,2024-07-30 10:33:11.763181+00:00,SANTERRE ELECTRIQUE,280
4562,2024-07-30 11:44:53.030192+00:00,TENAQUIP TENAQUIP,389
4563,2024-07-30 11:44:53.030192+00:00,TENAQUIP,389
4564,2024-07-30 11:44:53.030192+00:00,TENNAQUIP,389
4565,2024-07-30 11:44:53.030192+00:00,TENAQUIPE,389
4566,2024-07-30 11:44:53.030192+00:00,TENAQUIP NIS,389
4567,2024-07-30 11:44:53.030192+00:00,TEANAQUIP,389
4568,2024-07-30 11:44:53.030192+00:00,TENAQUIP LMITED,389
4569,2024-07-30 11:44:53.030192+00:00,TENAQUIP TORONTO,389
4570,2024-07-30 11:44:53.030192+00:00,TENQUIP,389
4571,2024-07-30 11:44:53.030192+00:00,1229870 TENAQUIP,389
4572,2024-07-30 11:44:53.030192+00:00,TENEQUIP,389
4573,2024-07-30 11:44:53.030192+00:00,TENAQUIP LLIMITED,389
4574,2024-07-30 11:44:53.030192+00:00,TENAQUIP LIMITIED,389
4575,2024-07-30 11:44:53.030192+00:00,TENAQUIP LIMNITED,389
4576,2024-07-30 11:44:53.030192+00:00,TENAQUIP MONTREAL,389
4577,2024-07-30 11:44:53.030192+00:00,TENIQUIP,389
4578,2024-07-30 11:44:53.030192+00:00,TENAQUIP MONTRACAL,389
4579,2024-07-30 11:44:53.030192+00:00,TENAQUIPLIMITED,389
4580,2024-07-30 11:44:53.030192+00:00,TENAQUIP INDUSTRIAL,389
4581,2024-07-30 11:44:53.030192+00:00,TENAQUIP INDUSTRIAL EQUIPMENT,389
4582,2024-07-30 11:44:53.030192+00:00,TENAQUIP INDUSTRIES EQUIPMENT SUPPLIES SOLUTIONS,389
4583,2024-07-30 11:44:53.030192+00:00,TENAQUIP INDUSTRIAL EQUIPMENT SUPPLIES SOLUTIONS,389
4584,2024-07-30 11:44:53.030192+00:00,TENAQUIPFASTENALGRAINGERMILLSUPPLYBRAFASCO,389
4585,2024-07-30 11:47:51.824143+00:00,TELUS,390
4586,2024-07-30 11:47:51.824143+00:00,TELUS TELUS,390
4587,2024-07-30 11:47:51.824143+00:00,TELUS SANTE,390
4588,2024-07-30 11:47:51.824143+00:00,TELUS SSM II,390
4589,2024-07-30 11:47:51.824143+00:00,TELUS HEALTH,390
4590,2024-07-30 11:47:51.824143+00:00,TELUS QUEBEC,390
4591,2024-07-30 11:47:51.824143+00:00,TELUS SERVICES,390
4592,2024-07-30 11:47:51.824143+00:00,TELUS MOBILITE,390
4593,2024-07-30 11:47:51.824143+00:00,TELUS MOBILITY,390
4594,2024-07-30 11:47:51.824143+00:00,TELUS GEOMATICS,390
4595,2024-07-30 11:47:51.824143+00:00,TELUSSUSTEMA,390
4596,2024-07-30 11:47:51.824143+00:00,TELUS HEALTH TELUS SANTE,390
4597,2024-07-30 11:47:51.824143+00:00,TELUS HEALTH CANADA,390
4598,2024-07-30 11:47:51.824143+00:00,TELUS COMMUNICAIONS,390
4599,2024-07-30 11:47:51.824143+00:00,TELUS COMMUNICATION,390
4600,2024-07-30 11:47:51.824143+00:00,TELUS COMMUNICATIONS,390
4601,2024-07-30 11:47:51.824143+00:00,TELUS EQUIPMENT SALES,390
4602,2024-07-30 11:47:51.824143+00:00,TELUS SOLUTIONS EN SANT,390
4603,2024-07-30 11:47:51.824143+00:00,TELUS NATIONAL SYSTEMS,390
4604,2024-07-30 11:47:51.824143+00:00,TELUS HEALTH SOLUTIONS,390
4605,2024-07-30 11:47:51.824143+00:00,TELUS CLIENT SOLUTIONS,390
4606,2024-07-30 11:47:51.824143+00:00,TELUS COMMUNICATION BC,390
4607,2024-07-30 11:47:51.824143+00:00,TELUS COMMUNICATIONS BC,390
4608,2024-07-30 11:47:51.824143+00:00,TELUS SOLUTIONS EN SANTE,390
4609,2024-07-30 11:47:51.824143+00:00,CLINIQUES TELUS SANTE TELUS H,390
4610,2024-07-30 11:47:51.824143+00:00,TELUS COMMUNICATION COMPANY,390
4611,2024-07-30 11:47:51.824143+00:00,TELUS HEALTH CARE CENTRES,390
4612,2024-07-30 11:47:51.824143+00:00,TELUS BUSINESS SOLUTIONS,390
4613,2024-07-30 11:47:51.824143+00:00,TELUS COMMUNICATION COMPAGNY,390
4614,2024-07-30 11:47:51.824143+00:00,TELUS SOLUTIONS DAFFAIRES,390
4615,2024-07-30 11:47:51.824143+00:00,TELUS HEALTH SOLUTIONS GP,390
4616,2024-07-30 11:47:51.824143+00:00,TELUS COMMUNICATIONS COMPANY,390
4617,2024-07-30 11:47:51.824143+00:00,TELUS SERVICES PARTNERSHIP,390
4618,2024-07-30 11:47:51.824143+00:00,TELUS ENTERPRISE SOLUTIONS,390
4619,2024-07-30 11:47:51.824143+00:00,TELLUS COMMUNICATIONS,390
4620,2024-07-30 11:47:51.824143+00:00,TELUS AGRICULTURE SOLUTIONS,390
4721,2024-07-30 16:00:06.245316+00:00,ACKLANDS,253
4722,2024-07-30 16:00:06.245316+00:00,ACKLAND,253
4723,2024-07-30 16:00:06.245316+00:00,ACKLANDS GRAINGER BODY SHOP SUPPLY,253
4753,2024-07-30 17:15:33.637116+00:00,EMT EMERGENCY MEDICAL TECH MEDAVIE HEALTHED,402
4754,2024-07-30 17:36:01.945373+00:00,SC20 STEPPED CARE SOLUTIONS,403
4793,2024-07-30 18:16:49.233554+00:00,TEKSYSTEMS CANADA SOCIETE TEKSYSTEMSCANADA,409
4794,2024-07-30 18:16:49.233554+00:00,TEKSYSTEMS CANADA TORONTO ON,409
4801,2024-07-30 18:27:32.714100+00:00,TISSEUR,412
4844,2024-07-30 18:43:27.602991+00:00,TOP ACES CONSULTING,414
4845,2024-07-30 18:45:47.936255+00:00,DISCOVERY AIR,414
4846,2024-07-30 18:45:47.936255+00:00,DISCOVERY AIR DEFENCE,414
4847,2024-07-30 18:45:47.936255+00:00,DISCOVERY AIR DEFENCE DISCOVERY AIR DEFENCE,414
4848,2024-07-30 18:45:47.936255+00:00,DISCOVERY AIR DEFENCE SERVICE,414
4849,2024-07-30 18:45:47.936255+00:00,DISCOVERY AIR DEFENCE SERVICES,414
4850,2024-07-30 18:45:47.936255+00:00,DISCOVERY AIR TECHNICAL SERVICES,414
4851,2024-07-30 18:45:47.936255+00:00,DISCOVERY AIR DEFENCE SERVICES NSIO,414
4852,2024-07-30 18:45:47.936255+00:00,DISCOVERY AIR DEFENCE SERVICES NISO,414
4853,2024-07-30 18:45:47.936255+00:00,DISCOVERAY AIR DEFENCE SERVICES,414
4900,2024-07-30 19:37:13.631110+00:00,STDENIS THOMPSON,422
4917,2024-07-30 19:51:49.051890+00:00,TES CONTRACT SERVICES,425
4918,2024-07-30 19:51:49.051890+00:00,TES CONTRAC SERVICES,425
4919,2024-07-30 19:51:49.051890+00:00,TESCONTRACT SERVICES,425
4920,2024-07-30 19:51:49.051890+00:00,TES CONTRACTING SERVICES,425
4921,2024-07-30 19:51:49.051890+00:00,T E S CONTRACT SERVICES,425
4974,2024-07-31 01:18:04.774884+00:00,CANADIAN OIL SANDS CANADIAN OIL SANDS,427
4975,2024-07-31 01:18:04.774884+00:00,CANADIAN OILS SANDS,427
4976,2024-07-31 01:22:17.337641+00:00,CANADA PETRO,427
4977,2024-07-31 01:22:17.337641+00:00,PETROCANADA,427
4996,2024-07-31 02:51:03.923165+00:00,SAMUEL FILS CIE,429
4997,2024-07-31 02:51:03.923165+00:00,SAMUEL PLATE SALES,429
4998,2024-07-31 02:51:03.923165+00:00,SAMUEL SPECIALTY METALS,429
5003,2024-07-31 03:10:24.436610+00:00,GROUPE OCEAN,430
5008,2024-07-31 03:44:36.013132+00:00,LEC ENGINEERING CONTRACTING,432
5009,2024-07-31 03:44:36.013132+00:00,LEC ENGINERING,432
5018,2024-07-31 05:23:06.669431+00:00,INDUSTRA CONSTRUCTION,436
5019,2024-07-31 05:23:06.669431+00:00,INDUSTRA ICI CONSTRUCTION,436
5020,2024-07-31 05:23:06.669431+00:00,INDUTRA CONSTRUCTION,436
5021,2024-07-31 05:23:06.669431+00:00,INDUSTRALIARD CONSTRUCTION,436
5022,2024-07-31 05:23:06.669431+00:00,INDUSTRALAIRD CONSTRUCTION,436
5054,2024-07-31 07:00:26.194707+00:00,EVOQ STGM ARCHITECTS IN JOINT VEN,440
5067,2024-07-31 13:15:41.662126+00:00,SIRVA,442
5068,2024-07-31 13:15:41.662126+00:00,SIRVA AS,442
5069,2024-07-31 13:15:41.662126+00:00,SIRVA CANADA,442
5070,2024-07-31 13:15:41.662126+00:00,SIRVA INTERNATIONAL FREIGHT FORWARD,442
5104,2024-07-31 13:34:41.455411+00:00,PARSON BRINCKERHOFF,144
5105,2024-07-31 13:34:41.455411+00:00,PARSONS BRINCKERHOFF HALSALL,144
5106,2024-07-31 13:34:41.455411+00:00,PARSONS BRINCKERHOFF ENGINEERING,144
5107,2024-07-31 13:34:41.455411+00:00,PARSONS BRINCKERHOFF QUADE DOUGLAS,144
5108,2024-07-31 13:34:41.455411+00:00,PARSONS BRINCKEROFF HALSALL,144
5109,2024-07-31 13:34:41.455411+00:00,PARSONS BRINCKERHOFF WSP FORMERLY PARSONS BRINCKERHOFF HALSALL,144
5156,2024-07-31 13:54:38.670608+00:00,PETROLES THERRIEN,444
5157,2024-07-31 13:54:38.670608+00:00,PETROLES THERRRIEN,444
5158,2024-07-31 13:54:38.670608+00:00,PETRO T PETROLES THERRIEN,444
5159,2024-07-31 13:54:38.670608+00:00,PETROLES THERRIEN DIVISION AVIATION,444
5160,2024-07-31 13:54:38.670608+00:00,PACTROLES THERRIEN DIVISION AVIATION,444
5161,2024-07-31 13:54:38.670608+00:00,PETRO T PETROLES THERRIEN DIVISION AVIATION,444
5179,2024-07-31 17:55:29.948432+00:00,TEKNION,449
5180,2024-07-31 17:55:29.948432+00:00,TEKNION UK,449
5181,2024-07-31 17:55:29.948432+00:00,TEKNINON,449
5182,2024-07-31 17:55:29.948432+00:00,TENKNION,449
5183,2024-07-31 17:55:29.948432+00:00,TECKNION,449
5184,2024-07-31 17:55:29.948432+00:00,TEKNION CANADA,449
5185,2024-07-31 17:55:29.948432+00:00,TEKNION TOY BRETON,449
5186,2024-07-31 17:55:29.948432+00:00,TEKNION ROY BRETON,449
5187,2024-07-31 17:55:29.948432+00:00,TEKNION FURNITURE,449
5188,2024-07-31 17:55:29.948432+00:00,TEKNIONROY BRETON,449
5189,2024-07-31 17:55:29.948432+00:00,TECHNION,449
5190,2024-07-31 17:55:29.948432+00:00,TEKNIKCO,449
5191,2024-07-31 17:55:29.948432+00:00,TEKNION CO ART METZ,449
5192,2024-07-31 17:55:29.948432+00:00,TEKNION FUNRITURE SYS,449
5193,2024-07-31 17:55:29.948432+00:00,TEKNION FURNITURE SYS,449
5194,2024-07-31 17:55:29.948432+00:00,TEKNION ROY AMP BRETON,449
5195,2024-07-31 17:55:29.948432+00:00,TEKNION FURNITURES SYS,449
5196,2024-07-31 17:55:29.948432+00:00,TENKION,449
5197,2024-07-31 17:55:29.948432+00:00,TEKNION FURNITURE SYSTEM,449
4621,2024-07-30 11:48:26.274677+00:00,TELUS HEALTH SOLUTIONS TELUS SOLUTIONS EN SANTE,390
4622,2024-07-30 11:48:26.274677+00:00,TELUS HEALTH FORMERLY KNOWN AS EMERGIS,390
4623,2024-07-30 11:48:26.274677+00:00,TELUS HEALTH PAYMENT SOLUTIONS PARTNERSHIP,390
4624,2024-07-30 11:49:30.814461+00:00,EMERGIS,390
4625,2024-07-30 11:49:30.814461+00:00,BCE EMERGIS,390
4626,2024-07-30 11:49:30.814461+00:00,BCE EMERGIS EHEALTH SOLUTIONS GROUP,390
4627,2024-07-30 11:50:01.724338+00:00,SOCIETE TELUS COMMUNICATIONS,390
4628,2024-07-30 11:50:01.724338+00:00,TELUS COLLABORATION SERVICES,390
4629,2024-07-30 11:51:15.922388+00:00,TELUS COMMUNICATIONS QUEBEC,390
4630,2024-07-30 11:51:15.922388+00:00,TELUS COMMUNICATIONS AMALCO,390
4631,2024-07-30 11:51:15.922388+00:00,TELUS COMMUNICATIONS BURNABY,390
4632,2024-07-30 11:51:15.922388+00:00,TELUS COMMUNICATIONS COMPANY TCC,390
4633,2024-07-30 11:51:15.922388+00:00,TELUS COMMUNICATIONS BURNABY BC,390
4634,2024-07-30 11:51:15.922388+00:00,TELUS INTEGRATED COMMUNICATIONS,390
4635,2024-07-30 11:52:13.646961+00:00,TELUS COMMUNICATIONS COMPANY 7TH FLOOR,390
4636,2024-07-30 11:52:25.757510+00:00,TELUS COMMUNICATIONS COMPANY AUTHORIZED RESELLER,390
4637,2024-07-30 11:54:20.339403+00:00,PUBLIC MOBILE,390
4638,2024-07-30 11:59:49.683548+00:00,MEDISYS,390
4639,2024-07-30 11:59:49.683548+00:00,SERVICE SANTE MEDISYS,390
4640,2024-07-30 11:59:49.683548+00:00,GROUPE SANTE MEDISYS,390
4641,2024-07-30 11:59:49.683548+00:00,MEDISYS HEALTH GROUP,390
4642,2024-07-30 11:59:49.683548+00:00,SERVICES SANTE MEDISYS SEC,390
4643,2024-07-30 11:59:49.683548+00:00,MEDISYS CORPORATE HEALTH,390
4644,2024-07-30 11:59:49.683548+00:00,MEDISYS HEALTH GROUP GROUPE SANTE MEDISYS,390
4645,2024-07-30 12:03:06.008217+00:00,SERCO,391
4646,2024-07-30 12:03:06.008217+00:00,SERCO CANADA,391
4647,2024-07-30 12:03:06.008217+00:00,SERCO CONSULTING,391
4648,2024-07-30 12:03:06.008217+00:00,SERCO CANADA MARINE,391
4649,2024-07-30 12:03:06.008217+00:00,SERCO NORTH AMERICA,391
4650,2024-07-30 12:03:06.008217+00:00,SERCO SHARED SERVICES CENTRE,391
4651,2024-07-30 12:03:06.008217+00:00,SERCO MANAGEMENT SOLUTIONS,391
4652,2024-07-30 12:03:06.008217+00:00,SERCO FACILITIES MANAGEMENT,391
4653,2024-07-30 12:07:07.209835+00:00,ESIT CANADA ENTERPRISE HEWLETTPACKARD CANADA,298
4654,2024-07-30 12:07:35.792393+00:00,DXC TECHNOLOGY,298
4655,2024-07-30 12:08:21.281383+00:00,HEWLETTPACKARD CANADA,392
4656,2024-07-30 12:08:21.281383+00:00,HEWLETTPACKARD CANADA HEWLETTPACKARD CANADA CIE,392
4657,2024-07-30 12:08:21.281383+00:00,HEWLETT PACKARD CANADA,392
4658,2024-07-30 12:08:21.281383+00:00,HEWLETTPACKARD CANADA COMPANY,392
4659,2024-07-30 12:08:21.281383+00:00,HEWLETTPACKARD CANADA CO ZYCOM,392
4660,2024-07-30 12:08:21.281383+00:00,HEWLETTPACKARD,392
6961,2024-08-30 01:40:40.847195+00:00,KONTZAMANIS GRAUMANN SMITH MACMILLA,777
4662,2024-07-30 12:08:21.281383+00:00,HEWLETTPACKARD CANADA CO MICROAGE,392
4666,2024-07-30 12:08:21.281383+00:00,HEWLETTPACKARD CO ZYCOM,392
4667,2024-07-30 12:08:21.281383+00:00,HEWLETT PACKARD,392
4670,2024-07-30 12:08:21.281383+00:00,HEWLETT PACKARD HP,392
4677,2024-07-30 12:08:21.281383+00:00,HEWLETT PACKARD CANADA CO FOXWISE TECHNOLOGIES,392
4678,2024-07-30 12:08:21.281383+00:00,HEWLETT PARCKARD,392
4679,2024-07-30 12:08:21.281383+00:00,HEWLETT PACKARD CO MICROAGE,392
4680,2024-07-30 12:08:21.281383+00:00,HEWLETT PACKARD METAFORE,392
4683,2024-07-30 12:08:21.281383+00:00,HEWLWTT PACKARD,392
4727,2024-07-30 16:18:15.985154+00:00,OPEN TEXT,394
4728,2024-07-30 16:18:15.985154+00:00,OPEN TEXT OTTAWA,394
4729,2024-07-30 16:18:15.985154+00:00,OPEN TEXT CANADA,394
4730,2024-07-30 16:18:15.985154+00:00,OEN TEXT,394
4731,2024-07-30 16:18:15.985154+00:00,OPENTEXT,394
4732,2024-07-30 16:18:15.985154+00:00,OPEN TEXT VIA SSC,394
4733,2024-07-30 16:18:15.985154+00:00,OPEN TEXT TORONTO ON,394
4734,2024-07-30 16:18:15.985154+00:00,OPEN TEXT COPORATION,394
4735,2024-07-30 16:18:15.985154+00:00,OPEN TEXT HUMMINGBIRD L,394
4736,2024-07-30 16:18:15.985154+00:00,OPEN TEXT CO JP MORGAN LOCKBOX,394
4755,2024-07-30 17:51:06.693678+00:00,SWITCH HEALTH,404
4756,2024-07-30 17:51:06.693678+00:00,SWITCH HEALTH HOLDINGS,404
4757,2024-07-30 17:51:06.693678+00:00,SWITCH HEALTH SOLUTIONS,404
4795,2024-07-30 18:17:34.888041+00:00,TEYSYSTEMS CANADA,409
4854,2024-07-30 18:48:09.012372+00:00,SKYLINK AVIATION,415
4855,2024-07-30 18:48:09.012372+00:00,SKYLINK AVIAITON,415
4856,2024-07-30 18:48:09.012372+00:00,SKYLINE AVIATION SOFTWARE,415
4857,2024-07-30 18:48:09.012372+00:00,SKYLINK AVIATION AIR CHARTER SERVICES,415
4858,2024-07-30 18:48:09.012372+00:00,SKYLINK,415
4901,2024-07-30 19:47:12.042184+00:00,VALCOM GROUP CONSULTING,423
4902,2024-07-30 19:47:12.042184+00:00,VALCOM CONSULTING GROUP,423
4903,2024-07-30 19:47:12.042184+00:00,VALCOM CONSULTING GROOUP,423
4904,2024-07-30 19:47:12.042184+00:00,VALCOME CONSULTING GROUP,423
4905,2024-07-30 19:47:12.042184+00:00,NAME VALCOM CONSULTING GROUP,423
4906,2024-07-30 19:47:12.042184+00:00,VALCOM COPNSULTING GROUP,423
4907,2024-07-30 19:47:12.042184+00:00,VALCOM CONSULTUING GROUP,423
4908,2024-07-30 19:47:12.042184+00:00,VALCOM CONSULTNG GROUP,423
4909,2024-07-30 19:47:12.042184+00:00,VALCOM CONSUTING GROUP,423
4910,2024-07-30 19:47:12.042184+00:00,VALCOM CUNSULTING GROUP,423
4911,2024-07-30 19:47:12.042184+00:00,VALCOM CONSULTING,423
4912,2024-07-30 19:47:12.042184+00:00,VALCOM CONUSLTING GROUP,423
4913,2024-07-30 19:47:12.042184+00:00,VALCOM CONSULTANTS GROUP,423
4914,2024-07-30 19:47:12.042184+00:00,NAME VALCOM CONSULTING,423
4915,2024-07-30 19:47:12.042184+00:00,VALCOM CONSULTING COMPANY,423
4999,2024-07-31 02:58:59.975160+00:00,VERREAULT NAVIGATION,430
5010,2024-07-31 03:50:26.873967+00:00,GATESTONE,433
5011,2024-07-31 03:50:26.873967+00:00,GATESTONE COMPANY,433
5023,2024-07-31 05:24:37.479229+00:00,INDUSTRA ICI CONSTRUCTORS,436
5024,2024-07-31 05:33:47.118219+00:00,NORTHERN INDUSTRIAL CONSTRUCTION,436
5071,2024-07-31 13:16:57.900486+00:00,WRIGHT CONSTRUCTION WESTERN,443
5163,2024-07-31 14:49:14.276733+00:00,GREENFIELD CONSTRUCTION,445
5198,2024-07-31 17:55:29.948432+00:00,TEKNION ROY BRETON VIA API,449
5199,2024-07-31 17:55:29.948432+00:00,TEKNION FURNITURE SYSTEMS,449
5200,2024-07-31 17:55:29.948432+00:00,TEKNION CO URBAN WORKPLACE,449
5201,2024-07-31 17:55:29.948432+00:00,TEKNION CO GRAND TOY SUDBURY,449
5202,2024-07-31 17:55:29.948432+00:00,TEKNION OA TEKNION FURNITURE SYSTEMS,449
5203,2024-07-31 17:55:29.948432+00:00,TEKNIONFURNITURE SYSTEMS,449
5204,2024-07-31 17:55:29.948432+00:00,TEKNION CO TOPS OFFICE PRODUCTS,449
5205,2024-07-31 17:55:29.948432+00:00,TEKNION FURNITURE SYSTEMS LIMIT,449
5240,2024-07-31 18:21:27.669911+00:00,WOOLLY MAMMOTH OUTERWEAR WUXLY MOVEMENT,458
5241,2024-07-31 18:21:27.669911+00:00,WOOLLY MAMMOTH OUTERWEAR OPERATING AS WUXLY MOVEMENT,458
6962,2024-08-30 01:42:50.062871+00:00,TERRACE CHILD DEVELOPMENT CENTRE SOCIETY,778
5242,2024-07-31 18:21:41.810027+00:00,WOOLLY MAMMOTH OUTERWEAR,458
6963,2024-08-30 01:44:47.855428+00:00,HELIJET INTL,779
6964,2024-08-30 01:44:47.855428+00:00,HELIJET AIRWAYS,779
6965,2024-08-30 01:44:47.855428+00:00,HELIJET INTERNATION,779
6966,2024-08-30 01:44:47.855428+00:00,HELIJET INTERNATIONAL,779
6967,2024-08-30 01:44:47.855428+00:00,HELIJET INTNERNATIONAL,779
5243,2024-07-31 18:22:18.892101+00:00,MCDONNELL DOUGLAS A WHOLLYOWNED SUBSIDIARY BOEING,135
5244,2024-07-31 18:22:18.892101+00:00,MCDONNELL DOUGLAS A WHOLLYOWNED SUBSIDIARY BOEING COMPANY,135
6968,2024-08-30 01:47:55.400010+00:00,ECORA ENGINEERING ENVIRONMENTAL,780
6969,2024-08-30 01:47:55.400010+00:00,ECORA ENGINEERING ENVIRONMENTAL L,780
6970,2024-08-30 01:47:55.400010+00:00,ECORA ENGINEERING,780
6971,2024-08-30 01:47:55.400010+00:00,ECORA ENGINEERING RESOURCE,780
6972,2024-08-30 14:40:01.335056+00:00,FORBES INDUSTRIAL CONTRACTORS,781
6973,2024-08-30 14:42:04.960060+00:00,MAINROAD E KOOTENAY CONT,683
6975,2024-08-30 14:46:34.948384+00:00,GITGAAT PARK DEROCHIE INDUSTRIAL SERVICES,783
6980,2024-08-30 14:54:18.094038+00:00,TURNER CONSTRUCTION COMPANY,785
6981,2024-08-30 14:54:18.094038+00:00,CANADIAN TURNER CONSTRUCTION COMPANY,785
5246,2024-07-31 18:23:12.409658+00:00,JEPPESEN NORWAY AS,135
5247,2024-07-31 18:23:12.409658+00:00,JEPPESEN SANDERSON,135
5248,2024-07-31 18:23:12.409658+00:00,JEPPESEN SANDERWSON,135
5249,2024-07-31 18:23:12.409658+00:00,JEPPESSEN SANDERSON,135
5250,2024-07-31 18:23:12.409658+00:00,JEPPESEN SANDERSON JEPPESEN DATAPLAN SUB,135
6974,2024-08-30 14:44:10.742830+00:00,NORTHWEST CHILD DEVELOPMENT CENTRE SOCIETY,782
6976,2024-08-30 14:50:35.078446+00:00,COMMERCIAL TRUCK EQUIPMENT,784
6977,2024-08-30 14:50:35.078446+00:00,COMMERCIAL TRUCK EQUIPMENT COMPANY,784
6978,2024-08-30 14:50:35.078446+00:00,COMMERCIAL TRUCK EQUIPEMENT,784
6979,2024-08-30 14:50:35.078446+00:00,COMMERCIAL TRUCK EQUPMENT,784
5251,2024-07-31 18:24:11.375641+00:00,MCDONNELL DOUGLAS,135
5252,2024-07-31 18:24:11.375641+00:00,MCDONNELL DOUGALS,135
5253,2024-07-31 18:24:11.375641+00:00,MCDONNEL DOUGLAS AEROSPACE EAST,135
5254,2024-07-31 18:24:28.842991+00:00,TRM TECHNOLOGIES,459
5255,2024-07-31 18:24:28.842991+00:00,TRM TECHNOLOGIESD,459
6982,2024-08-30 14:55:58.845355+00:00,CLARK BUILDERS,785
6983,2024-08-30 14:55:58.845355+00:00,CLARK BUILDERS IDL PROJECTS,785
6984,2024-08-30 14:55:58.845355+00:00,CLARK BUILDERS BRITISH COLUMBIA,785
5256,2024-07-31 18:24:55.012244+00:00,TRM TECHNOLOGY,459
5257,2024-07-31 18:24:55.012244+00:00,TRM TECNOLIGIES,459
5258,2024-07-31 18:26:31.185203+00:00,KNAPPETT PROJECTS,460
5259,2024-07-31 18:27:05.648214+00:00,KNAPPETT INDUSTRIES,461
5260,2024-07-31 18:27:05.648214+00:00,KNAPPETT INDUSTRIES 2006,461
5261,2024-07-31 18:27:05.648214+00:00,KNAPPETT INDUSTRIES NANAIMO,461
5262,2024-07-31 18:27:05.648214+00:00,KNAPPET INDUSTRIES 2006,461
5263,2024-07-31 18:27:05.648214+00:00,KNAPPETT INDUSTRIES 2006 0001393680,461
5264,2024-07-31 18:29:25.527781+00:00,NETWORK INNOVATIONS,462
5265,2024-07-31 18:29:25.527781+00:00,NETWORK INNOVATION,462
5266,2024-07-31 18:29:25.527781+00:00,NETWORKING INNOVATIONS,462
5267,2024-07-31 18:31:20.069921+00:00,VIRTUAL POSSIBILITIES DIVISION,463
5268,2024-07-31 18:33:03.402639+00:00,FTI PROFESSIONAL GRADE,464
5269,2024-07-31 18:33:56.973568+00:00,THORNHILL MEDICAL,465
5270,2024-07-31 18:33:56.973568+00:00,THORNHILL RESEARCH,465
5271,2024-07-31 18:36:17.265501+00:00,CANADIAN EMERGENCY VENTILATORS,467
5272,2024-07-31 18:37:49.954574+00:00,WCG INTERNATIONAL CONSULTANTS,466
5273,2024-07-31 18:37:49.954574+00:00,WCG INTERNATIONAL CONSULTANTS 24ES,466
5274,2024-07-31 18:37:49.954574+00:00,WCG INTERNATIONAL CONSULTANTS 34ES,466
5275,2024-07-31 18:37:49.954574+00:00,WCG INTERNATIONAL CONSULTANTS 28ES,466
5276,2024-07-31 18:37:49.954574+00:00,WCG INTERNATIONAL CONSULTANTS 43ES,466
5277,2024-07-31 18:37:49.954574+00:00,WCG INTERNATIONAL CONSULTANTS 33ES,466
5278,2024-07-31 18:37:49.954574+00:00,WEST COAST GROUP INTERNATIONAL CONSULTANTS,466
5279,2024-07-31 18:37:49.954574+00:00,WCG INTERNATIONAL,466
5280,2024-07-31 18:37:49.954574+00:00,WCG INTERNATIONAL CONSULTANTS MARCH DIMES CANADA IN JOINT,466
5281,2024-07-31 18:37:49.954574+00:00,WCG INTERNATIONAL CONSULTANTS LIFEMARK HEALTH IN JOINT VENTURE,466
5282,2024-07-31 18:37:49.954574+00:00,WCG INTERNANATIONAL CONSULTANTS LIFEMARK HEALTH IN JOINT VENTURE,466
5283,2024-07-31 18:37:49.954574+00:00,WCG INTERNATIONAL CONSULTANTS MARCH DIMES CANADA IN JOINT VENTURE,466
5284,2024-07-31 18:37:49.954574+00:00,WCG INTERNATIONAL HR SOLUTIONS,466
5285,2024-07-31 18:38:21.782832+00:00,HOLMAN FENWICK WILLAN,468
5286,2024-07-31 18:39:14.042932+00:00,ONTARIO SHIPYARDS,469
5287,2024-07-31 18:39:14.042932+00:00,ONTARIO SHIPYARDS OA,469
5288,2024-07-31 18:39:14.042932+00:00,ONTARIO SHIPYARDS FORMERLY HEDDLE MARINE SERVICES,469
5289,2024-07-31 18:40:14.517237+00:00,HEDDLE MARINE,469
5290,2024-07-31 18:40:14.517237+00:00,HEDDLE SHIPYARDS,469
5291,2024-07-31 18:40:14.517237+00:00,HEDDLE MARINE SERVICE,469
5292,2024-07-31 18:40:14.517237+00:00,HEDDLE MARINE SERVICES,469
5293,2024-07-31 18:40:14.517237+00:00,HEDDLE MARINE SERVICE NL,469
5294,2024-07-31 18:40:14.517237+00:00,HEDDLE MARINE SERVICES NL,469
5295,2024-07-31 18:40:47.936575+00:00,GDI INTEGRATED FACILITY SERVICES,470
5296,2024-07-31 18:40:47.936575+00:00,GDI SERVICES,470
5297,2024-07-31 18:40:47.936575+00:00,GDI SERVICES CANADA,470
5298,2024-07-31 18:40:47.936575+00:00,GDI SERVICES QUEBEC SEC,470
5299,2024-07-31 18:40:47.936575+00:00,GDI SERVICESCANADA,470
5300,2024-07-31 18:41:13.697696+00:00,GDI SERVICES SEC,470
5301,2024-07-31 18:42:30.838207+00:00,GDI SEVICES CANADA,470
5302,2024-07-31 18:42:30.838207+00:00,GDI SERVICES CANADA WON 3 LOCATIONS,470
5303,2024-07-31 18:42:30.838207+00:00,GDI SERVICES CANADA WON 2 LOCATIONS,470
5304,2024-07-31 18:42:30.838207+00:00,GDI CANADA,470
5305,2024-07-31 18:42:30.838207+00:00,GDI SERVICES CANADA WON 33 LOCATIONS,470
5306,2024-07-31 18:44:09.615007+00:00,VALLEY OIL,471
5307,2024-07-31 18:44:19.741522+00:00,VALLEY OIL OA AVIATION REFUELING SERVICES,471
5308,2024-07-31 18:44:59.501840+00:00,ESC AUTOMATION,470
5309,2024-07-31 18:44:59.501840+00:00,ESC AUTOMATION SURREY,470
5310,2024-07-31 18:45:24.496593+00:00,ECS AUTOMATION,470
5311,2024-07-31 18:46:11.572452+00:00,SUN MICROSYSTEMS,211
5312,2024-07-31 18:46:11.572452+00:00,SUN MICROSYSTEMS CANADA,211
5313,2024-07-31 18:47:44.334872+00:00,LOUIS W BRAY CONSTRUCTION,472
5314,2024-07-31 18:47:44.334872+00:00,LOUIS BRAY CONSTRUCTION,472
5315,2024-07-31 18:48:42.792961+00:00,CA,352
5316,2024-07-31 18:50:50.040433+00:00,BLACKBERRY,473
5317,2024-07-31 18:50:50.040433+00:00,BLACK BERRY,473
5318,2024-07-31 18:50:50.040433+00:00,BLACKBERRYLIMITED,473
5319,2024-07-31 18:51:04.332836+00:00,RESEARCH IN MOTION,473
5320,2024-07-31 18:52:56.222821+00:00,FELIX TECHNOLOGY,475
5321,2024-07-31 18:52:56.222821+00:00,FELIX TECHNOLOGY LNC,475
5322,2024-07-31 18:52:56.222821+00:00,FELIX TECHNOLOGY IINC,475
5323,2024-07-31 18:52:56.222821+00:00,FELIX TECHNOLGY,475
5324,2024-07-31 18:52:56.222821+00:00,FELIX TECHNOLOGIES,475
5325,2024-07-31 18:52:56.222821+00:00,FELIX TEXHNOLOGY,475
5326,2024-07-31 18:52:56.222821+00:00,FELIX TECHNOLIGY,475
5327,2024-07-31 18:52:56.222821+00:00,FELIX TECHNOLIGIES,475
5328,2024-07-31 18:53:19.749529+00:00,FELIX TEC,475
5329,2024-07-31 18:53:59.840814+00:00,RESOLVE,474
5330,2024-07-31 18:55:21.966020+00:00,GREEN TIMBERS PARTNERSHIP,476
5331,2024-07-31 18:56:18.534429+00:00,SPRINT CANADA,8
5332,2024-07-31 18:56:18.534429+00:00,SPRINT NETWORK,8
5333,2024-07-31 18:56:22.647232+00:00,OMNI FACILITY SERVICES CANADA,470
5334,2024-07-31 18:56:53.318190+00:00,SAAB MICROWAVE CANADA,401
5335,2024-07-31 18:56:53.318190+00:00,SAAB CANADA,401
5336,2024-07-31 18:56:53.318190+00:00,SAAB MICROWAVE ELECTRONICS,401
5337,2024-07-31 18:57:40.940390+00:00,SAAB,401
5338,2024-07-31 18:57:40.940390+00:00,SAAB DYMANICS,401
5339,2024-07-31 18:57:40.940390+00:00,SAAB DYNAMICS,401
5340,2024-07-31 18:57:40.940390+00:00,SAAB BARRACUDA,401
5341,2024-07-31 18:57:40.940390+00:00,SAAB TRAINING USA,401
5342,2024-07-31 18:57:40.940390+00:00,SAAB BOFORS DYNAMICS,401
5343,2024-07-31 18:57:40.940390+00:00,SAAB BOROFS DYNAMICS,401
5344,2024-07-31 18:57:40.940390+00:00,SAAB SAAB AVITRONICS SWEDEN,401
5345,2024-07-31 18:57:40.940390+00:00,SAAB DEFENSE SECURITY USA,401
5346,2024-07-31 18:57:40.940390+00:00,SAAB TECHNOLOGIES CANADA,401
5347,2024-07-31 18:58:15.078764+00:00,SAABAB,401
5348,2024-07-31 18:58:15.078764+00:00,SAAB KOCKUMS SAAB,401
5350,2024-07-31 19:01:27.353911+00:00,ENERGERE,470
5351,2024-07-31 19:01:27.353911+00:00,ENERGERE CONSULTANTS,470
5352,2024-07-31 19:03:03.837372+00:00,GDI SERVICE QUEBEC SEC,470
5353,2024-07-31 19:03:03.837372+00:00,GDI SERVICES TECHNIQUES SEC,470
5354,2024-07-31 19:04:04.862691+00:00,GDI,470
5355,2024-07-31 19:10:42.700019+00:00,LS TELCOM,480
5356,2024-07-31 19:12:12.207334+00:00,STELLA JONES,482
5357,2024-07-31 19:12:12.207334+00:00,STELLAJONES,482
5358,2024-07-31 19:12:12.207334+00:00,STELLA JONES LUMBER,482
5359,2024-07-31 19:13:01.899446+00:00,TWINCON ENTERPRISES,483
5360,2024-07-31 19:13:53.904789+00:00,GENOMADIX,484
5361,2024-07-31 19:14:14.438787+00:00,SPARTAN BIOSCIENCE,484
5362,2024-07-31 19:14:14.438787+00:00,SPARTAN BIOSCIENCE SPARTAN BIOSCIENCE,484
5363,2024-07-31 19:21:58.677020+00:00,NORTH SHORE CONVEYANCE PARTNERS,486
5364,2024-07-31 19:23:27.689744+00:00,HALL JACOB JV HJJV BD HALL CONSTRUCTORS JACOB BROS CONSTRUCTION,488
6985,2024-08-30 15:02:00.801405+00:00,MASIMO,786
6986,2024-08-30 15:02:00.801405+00:00,MASIMO CANADA,786
5372,2024-07-31 19:24:14.162018+00:00,CEPHEID,490
5373,2024-07-31 19:24:14.162018+00:00,CEPHEID CANADA,490
5374,2024-07-31 19:24:14.162018+00:00,CEPHEID CAD FUNDS,490
5375,2024-07-31 19:24:16.826662+00:00,SANISABLE LB,487
5377,2024-07-31 19:26:05.669332+00:00,PILITAK ENTERPRISES,491
5378,2024-07-31 19:26:05.669332+00:00,PILITAK ENTRPRISES,491
5379,2024-07-31 19:32:19.443069+00:00,FCA CANADA,361
5380,2024-07-31 19:32:19.443069+00:00,FCA CANADA IN,361
5381,2024-07-31 19:32:19.443069+00:00,FCA CANADA INF,361
5382,2024-07-31 19:32:19.443069+00:00,FLEET FCA CANADA,361
5383,2024-07-31 19:32:19.443069+00:00,FCA CANADAINC,361
5384,2024-07-31 19:32:19.443069+00:00,FCA CANADNA,361
5385,2024-07-31 19:32:19.443069+00:00,FCA CA,361
5386,2024-07-31 19:33:30.732346+00:00,FIAT CHRYSLER CANADA,361
5387,2024-07-31 19:33:44.265502+00:00,PENNECON HEAVY CIVIL,494
5388,2024-07-31 19:33:44.265502+00:00,PENNECON,494
5426,2024-07-31 19:35:28.509941+00:00,PENNECON HYDRAULIC SYSTEMS,494
5427,2024-07-31 19:35:28.509941+00:00,PENNECON HYDRAULIC SYSTEMS PHS,494
5428,2024-07-31 19:35:28.509941+00:00,PENNECON TECHNICAL SERVICES,494
5455,2024-07-31 19:37:13.540242+00:00,CHRYSLER CANADA,361
5460,2024-07-31 19:42:11.985477+00:00,MCW CUSTOM ENERGY SOLUTIONS,495
5461,2024-07-31 19:42:11.985477+00:00,MCW CUSTON ENERGY SOLUTIONS,495
5462,2024-07-31 19:42:32.658858+00:00,MCW CONSULTANTS,495
5463,2024-07-31 19:42:32.658858+00:00,MCW CONSULTANTS OA,495
5464,2024-07-31 19:42:32.658858+00:00,MCW CONSULTANTS TORONTO,495
5465,2024-07-31 19:43:48.012449+00:00,MCW MARICOR,495
5466,2024-07-31 19:43:48.012449+00:00,MCW ANALYTICS,495
5467,2024-07-31 19:43:48.012449+00:00,MCW HEMISPHERE,495
5468,2024-07-31 19:43:48.012449+00:00,MCW GROUP COMPANIES,495
5469,2024-07-31 19:44:58.885753+00:00,MCW LIGHT HEAT COOL,495
6987,2024-08-30 15:49:06.908157+00:00,RICHMOND ELEVATOR,787
6988,2024-08-30 15:49:06.908157+00:00,RICHMOND ELEVATOR MAINTENANCE,787
6989,2024-08-30 15:49:06.908157+00:00,RICHMOND ELEVATOR MAINTENANCE REM,787
5470,2024-07-31 19:46:48.142524+00:00,GARTNER CANADA,496
5471,2024-07-31 19:46:48.142524+00:00,CANADA GARTNER CANADA,496
5472,2024-07-31 19:46:48.142524+00:00,GARTNER CANADA C,496
5473,2024-07-31 19:46:48.142524+00:00,GARTNER GROUP CANADA,496
5474,2024-07-31 19:46:48.142524+00:00,GARTNER CANDA,496
5475,2024-07-31 19:46:48.142524+00:00,GARTNER CANADA COMPANY,496
5476,2024-07-31 19:46:48.142524+00:00,GARTNER CA,496
5477,2024-07-31 19:46:48.142524+00:00,GARTNER CANADA OTTAWA ON,496
5478,2024-07-31 19:46:48.142524+00:00,GARTNER CANADA FKA GARTNER GROUP CANADA,496
5479,2024-07-31 19:46:48.142524+00:00,GARTNER CANADA TORONTO ON,496
5480,2024-07-31 19:46:48.142524+00:00,GARTNER,496
5481,2024-07-31 19:46:48.142524+00:00,GARTNER GROUP CA,496
5482,2024-07-31 19:47:38.953130+00:00,GARTNEW CANADA,496
5483,2024-07-31 19:47:38.953130+00:00,GARTNER GROUP,496
6990,2024-08-30 15:51:39.796476+00:00,PROGRESSIVE VENTURES CONSTRUCTION,788
6991,2024-08-30 15:51:39.796476+00:00,PROGRESSIVE VENTURES CONSTRUCTION L,788
6992,2024-08-30 15:51:39.796476+00:00,PROGRESSIVE VENTURES,788
5484,2024-07-31 19:48:09.016581+00:00,GARTNERGROUP,496
5485,2024-07-31 19:48:09.016581+00:00,GARTNER SERVICES,496
5486,2024-07-31 19:48:09.016581+00:00,GARTNER EXECUTIVE,496
5487,2024-07-31 19:50:59.676314+00:00,FLUID ENERGY GROUP,497
5488,2024-07-31 19:52:25.820139+00:00,HIKE METAL PRODUCTS,498
5489,2024-07-31 19:55:10.836526+00:00,METOCEAN TELEMATICS,499
5490,2024-07-31 19:55:10.836526+00:00,METOCEAN,499
5491,2024-07-31 19:55:10.836526+00:00,METOCEAN DATA SYSTEM,499
5492,2024-07-31 19:55:10.836526+00:00,METOCEAN DATA SYSTEMS,499
5493,2024-07-31 19:59:23.194769+00:00,RJG CONSTRUCTION,500
5494,2024-07-31 19:59:44.958119+00:00,R J G CONSTRUCTION,500
5495,2024-07-31 20:01:05.802575+00:00,SEQIRUS CANADA,502
5496,2024-07-31 20:01:05.802575+00:00,CSL SEQIRUS CANADA,502
5497,2024-07-31 20:01:05.802575+00:00,SEQIRUS,502
5498,2024-07-31 20:01:05.802575+00:00,CSL SEQIRUS,502
5499,2024-07-31 20:03:01.382957+00:00,NORTHWESTEL,503
5500,2024-07-31 20:03:01.382957+00:00,NORTHWESTTEL,503
5501,2024-07-31 20:03:01.382957+00:00,NORTHWESTEL NOROUESTEL,503
5502,2024-07-31 20:04:18.809477+00:00,EXECUTIVE FLIGHT CENTRE AVIATION,504
5503,2024-07-31 20:04:18.809477+00:00,EXECUTIVE FLIGHT CENTER AVIATION,504
5504,2024-07-31 20:04:18.809477+00:00,EXECUTIVE FLIGHT CTR AVIATION,504
5505,2024-07-31 20:04:18.809477+00:00,EXECUTIVE FLIGHT CENTRE,504
5506,2024-07-31 20:04:18.809477+00:00,EXECUTIVE FLIGHT CENTRE FUEL,504
5507,2024-07-31 20:04:18.809477+00:00,EXECUTIVE FLIGH CENTRE,504
5508,2024-07-31 20:04:18.809477+00:00,EXECUTIVE FLIGHT CENTRE GROUP,504
5509,2024-07-31 20:04:18.809477+00:00,EXCUTIVE FLIGHT CENTRE,504
5510,2024-07-31 20:04:18.809477+00:00,EXECUTIVE FIGHT CENTRE,504
5511,2024-07-31 20:04:18.809477+00:00,EXECUTIVE FLIGHT CENTER,504
5512,2024-07-31 20:04:18.809477+00:00,EXECUTIVE FLGHT CENTRE FUEL,504
5513,2024-07-31 20:04:18.809477+00:00,EXECUTIVE FLIGHT CENTER FUEL,504
5514,2024-07-31 20:04:18.809477+00:00,EXECUTIVE FLIGHT CENTRE FUEL SERVICES,504
5515,2024-07-31 20:04:18.809477+00:00,EXECUTIVE FLIGHTS CENTRE FUEL SERVICES,504
5516,2024-07-31 20:04:18.809477+00:00,EXECTUTIVE FLIGHT CENTRE FUEL SERVICES,504
5517,2024-07-31 20:04:18.809477+00:00,EXECUTIVE FLIGHT CENTER FUEL SERVICES,504
5518,2024-07-31 20:04:18.809477+00:00,EXECUTIVE FLIGTH CENTER FUEL,504
5519,2024-07-31 20:05:29.584275+00:00,EXECUTIVE FLIGHT,504
5520,2024-07-31 20:05:29.584275+00:00,EXECUTIVE FLIGHT FUELS,504
5521,2024-07-31 20:05:29.584275+00:00,EXECUTIVE FLIGHT SUPPORT,504
5522,2024-07-31 20:08:10.741569+00:00,GRAHAM CONSTRUCTION,505
5523,2024-07-31 20:08:10.741569+00:00,GRAHAM CONSTRUCTION REGINA,505
5524,2024-07-31 20:08:10.741569+00:00,GRAHAM CONSTRUCTION MISSISSAUGA,505
5525,2024-07-31 20:08:10.741569+00:00,GRAHAM CONSTRUCTION ENGINEERING,505
5526,2024-07-31 20:08:10.741569+00:00,GRAHAM CONSTRUCTION ENGINEERING L,505
5527,2024-07-31 20:08:10.741569+00:00,GRAHAM CONSTRUCTION ENGINEERING EDM,505
5528,2024-07-31 20:12:19.549966+00:00,RICOH CANADA,501
5529,2024-07-31 20:12:19.549966+00:00,RICOH CANNADA,501
5530,2024-07-31 20:12:19.549966+00:00,RICOH CANADA ONC,501
5531,2024-07-31 20:12:19.549966+00:00,RICOH CANADA LNC,501
5532,2024-07-31 20:12:19.549966+00:00,RICOH C ANADA,501
5533,2024-07-31 20:12:19.549966+00:00,RICOH SAVIN CANADA,501
5534,2024-07-31 20:12:19.549966+00:00,RICOH CANDA,501
5535,2024-07-31 20:12:19.549966+00:00,104353 RICOH CANADA,501
5536,2024-07-31 20:12:19.549966+00:00,104354 RICOH CANADA,501
5537,2024-07-31 20:12:19.549966+00:00,RICHO CANADA,501
5538,2024-07-31 20:12:19.549966+00:00,RICOH CANADA OTTAWA ON,501
5539,2024-07-31 20:12:19.549966+00:00,RICHOU CANADA,501
5540,2024-07-31 20:12:19.549966+00:00,RICOH CA,501
5541,2024-07-31 20:12:19.549966+00:00,RICOH CANADA MISSISSAUGA,501
5542,2024-07-31 20:12:19.549966+00:00,RIOCH CANADA,501
5543,2024-07-31 20:14:43.508864+00:00,ITEX,506
5544,2024-07-31 20:14:43.508864+00:00,ITEX IN,506
5545,2024-07-31 20:14:43.508864+00:00,ITEX TIG,506
5546,2024-07-31 20:14:43.508864+00:00,SSC ITEX,506
5547,2024-07-31 20:14:43.508864+00:00,TIG ITEX,506
5548,2024-07-31 20:14:43.508864+00:00,ITEXINC,506
5549,2024-07-31 20:14:43.508864+00:00,ITEXTIG,506
5550,2024-07-31 20:14:43.508864+00:00,ITEC,506
5551,2024-07-31 20:14:43.508864+00:00,ITEX CANADA,506
5552,2024-07-31 20:14:43.508864+00:00,1314906 ITEX,506
5553,2024-07-31 20:14:43.508864+00:00,ITEX DBA TIG,506
5554,2024-07-31 20:14:43.508864+00:00,ITEX SOLUTIONS,506
5555,2024-07-31 20:14:43.508864+00:00,ITEX TECHNOLOGY,506
5556,2024-07-31 20:14:43.508864+00:00,ITEX INCORPORTED,506
5557,2024-07-31 20:14:43.508864+00:00,ITEX ENTERPRISE,506
5558,2024-07-31 20:14:43.508864+00:00,ITEX JHT DEFENCE,506
5559,2024-07-31 20:14:43.508864+00:00,ITEX ENTERPRISES,506
5560,2024-07-31 20:14:43.508864+00:00,ITEX TECHNOLOGIRS,506
5561,2024-07-31 20:14:43.508864+00:00,ITEX DBA TECHNOLOGY,506
5562,2024-07-31 20:14:43.508864+00:00,ITEX HEWLETT PACKARD,506
5563,2024-07-31 20:14:43.508864+00:00,ITEXTIG VIA SSC,506
5564,2024-07-31 20:14:43.508864+00:00,ITEX ENTERPRISE SOLUTION,506
5565,2024-07-31 20:14:43.508864+00:00,ITEX ENTREPRISE SOLUTIONS,506
5566,2024-07-31 20:14:43.508864+00:00,ITEX ENTERPRISE SOLUTIONS,506
5567,2024-07-31 20:14:43.508864+00:00,ITEX TECHNOLOGY INTEGRATION,506
5568,2024-07-31 20:14:43.508864+00:00,ITEX ENTERPRISES SOLUTIONS,506
5569,2024-07-31 20:24:01.305902+00:00,METRO SUPPLY CHAIN,400
5570,2024-07-31 20:33:45.288547+00:00,ARTEMP PERSONNEL,507
5571,2024-07-31 20:33:45.288547+00:00,ARTEMP PERSONNEL SS,507
5572,2024-07-31 20:33:45.288547+00:00,ARTEMP PERSONNEL SERVICES,507
5573,2024-07-31 20:33:45.288547+00:00,ARTEMPS PERSONNEL SERVICES,507
5574,2024-07-31 20:33:45.288547+00:00,ARTEMP PERSONEL SERVICES,507
5575,2024-07-31 20:33:45.288547+00:00,ARTEMP PERSONNEL SERVICESTALENTCOR,507
5576,2024-07-31 20:33:45.288547+00:00,ARTEMP,507
5577,2024-07-31 20:33:45.288547+00:00,AR TEMP PERS SVCS,507
5578,2024-07-31 20:38:15.433871+00:00,ISOPLEX,508
5579,2024-07-31 20:39:10.323199+00:00,LINDE,509
5580,2024-07-31 20:39:10.323199+00:00,LINDE CANADA,509
5581,2024-07-31 20:39:10.323199+00:00,LINDE CANADA LINDE CANADA,509
5582,2024-07-31 20:39:10.323199+00:00,LINDE OTTAWA,509
5583,2024-07-31 20:39:10.323199+00:00,LINDE CANADA LINDE,509
5584,2024-07-31 20:39:10.323199+00:00,LINDE CANADA LINDE CANADA L,509
5585,2024-07-31 20:39:10.323199+00:00,LINDE CANADA M2193,509
5586,2024-07-31 20:39:10.323199+00:00,LINDE CANADA T4070,509
5587,2024-07-31 20:39:10.323199+00:00,LINDE NORTH AMERICA,509
5588,2024-07-31 20:39:10.323199+00:00,LINDE CANADA FKA PRAXAIR CANADA,509
5589,2024-07-31 20:40:33.564957+00:00,LINDE CANADA BC,509
5590,2024-07-31 20:41:14.042144+00:00,PRAXAIR,509
5591,2024-07-31 20:41:14.042144+00:00,PRODUIT PRAXAIR,509
5592,2024-07-31 20:41:14.042144+00:00,PRAXAIR CANADA,509
5593,2024-07-31 20:41:14.042144+00:00,PRODUITS PRAXAIR,509
5594,2024-07-31 20:41:14.042144+00:00,PRAXAIR PRODUCTS,509
5595,2024-07-31 20:41:14.042144+00:00,PRXAIR,509
5596,2024-07-31 20:41:14.042144+00:00,PRAXAIR DISTRIBUTION,509
5597,2024-07-31 20:41:14.042144+00:00,DISTRIBUTION PRAXAIR,509
5598,2024-07-31 20:41:14.042144+00:00,PRAXAIR DISTRIBUTION DIV,509
5599,2024-07-31 20:41:14.042144+00:00,PRAXAIR SURFACE TECHNOLOGIES,509
5600,2024-07-31 20:42:54.377288+00:00,ARTEMP STAFFING,507
5601,2024-07-31 20:47:22.194871+00:00,SLR CONSULTING,510
5602,2024-07-31 20:47:22.194871+00:00,SLR CONSULTING CANADA,510
5603,2024-07-31 20:47:53.297874+00:00,PALMER ENVIRONMENTAL CONSULTING,510
5604,2024-07-31 20:47:53.297874+00:00,PALMER ENVIRONMENTAL CONSULTING GROUP,510
5605,2024-07-31 20:48:16.391161+00:00,SLR,510
5606,2024-07-31 20:48:16.391161+00:00,SLR CONSULTING CANADA ALTD,510
5607,2024-07-31 20:48:16.391161+00:00,SLR CONSULTING CANADA OTTAWA,510
5608,2024-07-31 20:48:16.391161+00:00,SLR CONSULTING CANADA MARKHAM,510
5609,2024-07-31 20:48:16.391161+00:00,SLR CONSULTING CANADA VICTORIA,510
5610,2024-07-31 20:48:16.391161+00:00,SLR CONSULTING CANADA WINNIPEG,510
5611,2024-07-31 20:48:34.692796+00:00,SLR CONSULTING CANADA VANCOUVER,510
5612,2024-07-31 20:50:16.342729+00:00,DECISIVE,14
5613,2024-07-31 20:50:16.342729+00:00,DECISIVE TECH,14
5614,2024-07-31 20:50:16.342729+00:00,DECISIVE GROUP,14
5615,2024-07-31 20:50:16.342729+00:00,DECISIVE TECHNOLOGY,14
5616,2024-07-31 20:50:16.342729+00:00,DECISIVE TECHOLOGIES,14
5617,2024-07-31 20:50:16.342729+00:00,DECISIVE TECHNOLOGIE,14
5618,2024-07-31 20:50:16.342729+00:00,DECISIVE TECHONOLGIES,14
5619,2024-07-31 20:50:16.342729+00:00,DECISIVE TECHNOLOGIES,14
5620,2024-07-31 20:50:16.342729+00:00,DECISIVE TECHNOLOGIES INCS,14
5621,2024-07-31 20:50:16.342729+00:00,DECISIVE TECHNOLOGIES OTTAWA,14
5622,2024-07-31 20:50:31.239416+00:00,DESISIVE TECHNOLOGIES,14
5623,2024-07-31 20:53:32.525364+00:00,ECLIPSYS SOLUTIONS,511
5624,2024-07-31 20:53:32.525364+00:00,ECLIPSYS,511
5625,2024-07-31 20:53:57.077941+00:00,ECLIPSYS CANADA,511
5626,2024-07-31 20:53:57.077941+00:00,ECLIPSYS SOLUTION,511
5627,2024-07-31 20:53:57.077941+00:00,ECLPSYS SOLUTIONS,511
5628,2024-07-31 20:53:57.077941+00:00,EXLIPSYS SOLUTIONS,511
5629,2024-07-31 20:53:57.077941+00:00,ECLYPSYS SOLUTIONS,511
5630,2024-07-31 20:53:57.077941+00:00,ECLIPCYS SOLUTIONS,511
5631,2024-07-31 20:53:57.077941+00:00,ECLLPSYS SOLUTIONS,511
5632,2024-07-31 20:53:57.077941+00:00,ECLIPSE SOLUTIONS AV,511
5633,2024-07-31 20:55:07.149018+00:00,PROTAK CONSULTING GROUP,512
5634,2024-07-31 20:55:24.743763+00:00,PROTAK,512
5635,2024-07-31 20:55:24.743763+00:00,PROTAK CONUSLTING GROUP,512
5636,2024-07-31 20:55:24.743763+00:00,PROTAK CUNSULTING GROUP,512
5637,2024-07-31 20:55:47.132686+00:00,PRTOAK CONSULTING GROUP,512
5638,2024-07-31 20:59:32.738529+00:00,NO SUPPLIER NAMED,62
5639,2024-07-31 20:59:32.738529+00:00,LOCAL SUPPLIER,62
5640,2024-07-31 20:59:52.312725+00:00,NO PRIMARY SUPPLIER SELECTION REQUIRED BY HPRO,62
5641,2024-07-31 21:00:32.292605+00:00,NO SUCCESSFUL SUPPLIER SRFP CANCELLED,62
5642,2024-07-31 21:01:31.577371+00:00,L3 COMMUNICATIONS ELECTRONIC SYSTEMS,69
5643,2024-07-31 21:01:31.577371+00:00,L3 COMMUNICATIONS ELECTRONIC SYSTEMS L3 ES,69
5644,2024-07-31 21:01:31.577371+00:00,L3 COMMUNICATIONS ELECTRONICS SYSTEMS,69
5645,2024-07-31 21:01:31.577371+00:00,L3 COMMUNICATIONS ELECTRODYNAMICS,69
5646,2024-07-31 21:01:31.577371+00:00,L3 COMMUNICATIONS ELECTRONIC SYSTEM SERVICES,69
5647,2024-07-31 21:01:31.577371+00:00,L3 COMMUNICATIONS ESSCO,69
5648,2024-07-31 21:01:31.577371+00:00,L3 COMMUNICATIONS ELAC NAUTIK,69
5649,2024-07-31 21:01:31.577371+00:00,L3 COMMUNICATIONS COMMUNICATIONS SYSTEMS EAST,69
5650,2024-07-31 21:02:17.140109+00:00,EXPRESS SCRIPTS CANADA,513
5651,2024-07-31 21:03:21.429751+00:00,GROUPE ENERGIE BDL,514
5652,2024-07-31 21:03:21.429751+00:00,GROUPE ENERGIE,514
5653,2024-07-31 21:03:21.429751+00:00,GROUPE ENERGIE DBL,514
5654,2024-07-31 21:04:52.610336+00:00,JOSEPH ELIE,514
5655,2024-07-31 21:04:52.610336+00:00,BDL JOSEPH ELIE,514
5656,2024-07-31 21:04:52.610336+00:00,JOSEPH ELIE GROUPE,514
5657,2024-07-31 21:04:52.610336+00:00,JOSEPH ELIE PETROCANADA,514
5658,2024-07-31 21:04:52.610336+00:00,JOSEPH ELIE DIVISION GROUPE ENERGIE,514
5659,2024-07-31 21:04:52.610336+00:00,JOSEPH ELIE DIVISION GROUPE ENERGIE BDL,514
5660,2024-07-31 21:07:18.356574+00:00,MCNALLY CONSTRUCTION,515
5661,2024-07-31 21:10:40.469975+00:00,CALIAN INSTRUX MEDIA IN JOINT VENTURE,14
5662,2024-07-31 21:10:40.469975+00:00,CALIAN DOMINKNOW IN JOINT VENTURE,14
5663,2024-07-31 21:11:03.523276+00:00,CALIAN DWP SOLUTIONS IN JOINT VENTURE,14
5664,2024-07-31 21:11:03.523276+00:00,CALIAN TUNDRA TECHNICAL SOLUTIONS IN JOINT VENTURE,14
5665,2024-07-31 21:11:33.902618+00:00,THALES CANADA THALES AUSTRALIA IN JOINT VENTURE,413
5666,2024-07-31 21:12:12.356153+00:00,THALES RAYTHEON SYSTEMS,413
5667,2024-07-31 21:14:53.326094+00:00,MCELHANNEY,516
5668,2024-07-31 21:14:53.326094+00:00,MCELHANNEY LTL,516
5669,2024-07-31 21:14:53.326094+00:00,MCELHANNEY EDMONTON,516
5670,2024-07-31 21:14:53.326094+00:00,MCELHANNEY SERVICES,516
5671,2024-07-31 21:14:53.326094+00:00,MCELHANNEY ENGINEERS,516
5672,2024-07-31 21:14:53.326094+00:00,MCELHANNEY CONSULTING,516
5673,2024-07-31 21:14:53.326094+00:00,MCELHANNEY ASSOCIATES,516
5674,2024-07-31 21:14:53.326094+00:00,MCELHANNEY CONSULTANTS,516
5675,2024-07-31 21:14:53.326094+00:00,MCELHANNEY LAND SURVEYS,516
5676,2024-07-31 21:14:53.326094+00:00,MCELHANNEY ASSOCIATES LAND,516
5677,2024-07-31 21:14:53.326094+00:00,MCELHANNEY LAND SURVEYS ALTA,516
5678,2024-07-31 21:14:53.326094+00:00,MCELHANNEY CONSULTING SERVICES,516
5679,2024-07-31 21:14:53.326094+00:00,MCELHINNEY HOLDINGS,516
5680,2024-07-31 21:14:53.326094+00:00,MCELHANNEY LAND SURVEYS EDMONTON,516
5681,2024-07-31 21:14:53.326094+00:00,MCELHANNEY ASSOCIATES LAND SURVEYIN,516
5682,2024-07-31 21:14:53.326094+00:00,MCELHANNEY ASSOCIATES LAND SURVEYING,516
5683,2024-07-31 21:14:53.326094+00:00,MCELHANEY CONSULTING SERVICES,516
5684,2024-07-31 21:14:53.326094+00:00,MCELHANNEY CONSULTING SERVICES APRIL 20 2016,516
5685,2024-07-31 21:14:53.326094+00:00,MC ELHANNEY ASSOCIATES LAND SURVEYING,516
5686,2024-07-31 21:15:49.622027+00:00,THALES CANADA SYSTEMS DIVISION,413
5687,2024-07-31 21:16:06.821175+00:00,THALES CANADA NAVAL SERVICES BU,413
5688,2024-07-31 21:17:29.550467+00:00,CA CANADA COMPANY,352
5689,2024-07-31 21:17:29.550467+00:00,CA COMPANY CANADA,352
5690,2024-07-31 21:17:29.550467+00:00,CA CANADA COMPANY CA,352
5691,2024-07-31 21:25:16.546855+00:00,ASOKAN BUSINESS INTERIORS,517
5692,2024-07-31 21:25:16.546855+00:00,KRUG ASOKAN BUSINESS INTERIORS,517
5693,2024-07-31 21:25:16.546855+00:00,ASOKAN BUSINESES INTERIORS,517
5694,2024-07-31 21:25:16.546855+00:00,ASOKAN ADVANCE BUSINESS INTERIORS,517
5695,2024-07-31 21:25:16.546855+00:00,ASOKAN SOLUTIONS BUREAU ASOKAN BUSINESS INTERIORS,517
5696,2024-07-31 21:25:16.546855+00:00,ASOKAN BUSINESS INTERIORS ASOKAN SOLUTIONS BUREAU,517
5697,2024-07-31 21:25:16.546855+00:00,ASOKAN BUSINESS INTERIORS ASOKA SOLUTIONS BUREAU,517
5698,2024-07-31 21:25:16.546855+00:00,ASOKAND BUISNESS INTERIOR,517
5699,2024-07-31 21:25:16.546855+00:00,KRUG CO ADVANCED BUSINESS INTERIORS,517
5717,2024-07-31 21:29:04.851101+00:00,FLIGHT FUEL,479
5718,2024-07-31 21:29:04.851101+00:00,FLIGHT FUEL L,479
5719,2024-07-31 21:29:04.851101+00:00,1384145 FLIGHT FUELS,479
5720,2024-07-31 21:29:04.851101+00:00,FLIGHT FUELS MANITOBA,479
6993,2024-08-30 15:53:21.075957+00:00,TERRACE STEEL WORKS,788
5700,2024-07-31 21:25:56.271223+00:00,FFG FLENSBURGER FAHRZEUGBAU GESELLSCHAFT MBH,477
5701,2024-07-31 21:25:56.271223+00:00,FFG FLENSBURG FAHRZEUGBAU GESELLSCHAFT MBH,477
5702,2024-07-31 21:25:56.271223+00:00,FFG FLENSBURGER FAHRZEUGBAU GESELLSCHAFT,477
5703,2024-07-31 21:25:56.271223+00:00,FLENSBURGER FAHRZEUGBAU GESELLSCHAFT FFG,477
5704,2024-07-31 21:25:56.271223+00:00,FLENSBURGER FAHRZEUGBAU GESELLSCHAFT,477
5705,2024-07-31 21:25:56.271223+00:00,FFG FLENSBURG FAHRZEUGBAUGESELLSCHAFT MBH,477
5706,2024-07-31 21:25:56.271223+00:00,FLENSBURGER FAHZEUGBAU GESELLSCHAFT,477
5707,2024-07-31 21:25:56.271223+00:00,FLENSBURGER FAHRZEUGBAU,477
5708,2024-07-31 21:26:08.999347+00:00,FFG,477
5709,2024-07-31 21:26:08.999347+00:00,FFG CANADA,477
5710,2024-07-31 21:28:20.477549+00:00,MAXIM 2000,481
5711,2024-07-31 21:28:20.477549+00:00,MAXIM 2000 SAINT JOHN,481
5721,2024-07-31 21:30:03.191421+00:00,M D STEELE CONSTRUCTION,478
6994,2024-08-30 15:59:11.307409+00:00,ETHOS CAREER MANAGEMENT GROUP,789
6995,2024-08-30 15:59:11.307409+00:00,ETHOS CAREER MANAGEMENT GROUP 5ES,789
6996,2024-08-30 15:59:11.307409+00:00,ETHOS CAREER MANAGEMENT GROUP TECHWORKS NANAIMO,789
5712,2024-07-31 21:28:50.689161+00:00,FLIGHT FUELS PARTNERSHIP,479
5713,2024-07-31 21:28:50.689161+00:00,FLIGHT FUEL PARTNERSHIP,479
5714,2024-07-31 21:28:50.689161+00:00,FLIGHT FUEL PARTERSHIP,479
5715,2024-07-31 21:28:50.689161+00:00,FLIGHT FUELS,479
5716,2024-07-31 21:28:50.689161+00:00,FLIGHT FUELS BC,479
5722,2024-07-31 21:54:35.858728+00:00,DELLCOM,12
5723,2024-07-31 21:54:35.858728+00:00,DELL MARKETING,12
5724,2024-07-31 21:54:35.858728+00:00,DELL CANADA ASAP,12
5725,2024-07-31 21:54:35.858728+00:00,DELL TECHNOLOGIES CANADA,12
5726,2024-07-31 21:55:44.988409+00:00,NISHA TECHNOLOGIE DELL CANADA,15
5727,2024-07-31 21:55:44.988409+00:00,DELL CANADA AS NISHA TECHNOLOGIES,15
5728,2024-07-31 21:55:44.988409+00:00,DELL CANADA RESELLER NISHA TECHNOLOGIES,15
5729,2024-07-31 21:57:02.898534+00:00,IMCKESSON CANADA,6
5730,2024-07-31 21:57:02.898534+00:00,MEKESSON CANADA,6
5731,2024-07-31 21:57:02.898534+00:00,MCKESSON AUTOMATION CANADA,6
5732,2024-07-31 21:57:40.134201+00:00,MCKESSON DISTRIBUTION PARTNERS,6
5733,2024-07-31 21:57:40.134201+00:00,MCKESSON SPECIALIZED DISTRIBUTION,6
5734,2024-07-31 21:57:40.134201+00:00,MCKESSON SPECIALTY PRESCRIPTION SERVICES,6
5735,2024-07-31 21:57:40.134201+00:00,MCKESSON SPECIALTY PRESCRIPTION SERVICES BC,6
5736,2024-07-31 22:01:01.851045+00:00,CESSNA AIRCRAFT COMPANY,407
5737,2024-07-31 22:01:01.851045+00:00,CESSNA AIRCRAFT CITATATION MKTG DIV,407
5738,2024-07-31 22:01:21.335298+00:00,FIGHTSAFETY TEXTRON AVIATION,407
5739,2024-07-31 22:01:21.335298+00:00,FLIGHTSAFETY TEXTRON AVIATION,407
5740,2024-07-31 22:01:21.335298+00:00,FLIGHTSAFETY TEXTRON AVIATION TRAINING,407
5741,2024-07-31 22:02:11.539730+00:00,GOOGLE,27
5742,2024-07-31 22:02:11.539730+00:00,GOOGLE SSC,27
5743,2024-07-31 22:02:11.539730+00:00,GOOGLE CLOUD,27
5744,2024-07-31 22:02:11.539730+00:00,GOOGLE CANADA,27
5745,2024-07-31 22:02:11.539730+00:00,GOOGLE CLOUD CANADA,27
5746,2024-07-31 22:02:11.539730+00:00,GOOGLE COB AS GOOGLE NEST,27
5747,2024-07-31 22:03:16.225672+00:00,GM,38
5751,2024-07-31 22:13:54.065122+00:00,DELOITTE MAIN ACCOUNT,116
5752,2024-07-31 22:13:54.065122+00:00,DELOITTE MANAGEMENT SERVICES,116
5753,2024-07-31 22:13:54.065122+00:00,DELOITTE RESTRUCTURING RESTRUCTURATION DELOITTE,116
5754,2024-07-31 22:13:54.065122+00:00,DELOITTE ENTERPRISE CONSULTING,116
5755,2024-07-31 22:13:54.065122+00:00,DELOITTE DATA PRODUCTS TORONTO ON,116
5756,2024-07-31 22:13:54.065122+00:00,DELOITTE TOHMATSU FINANCIAL ADVISOR,116
5757,2024-07-31 22:13:54.065122+00:00,DELOITTE TOHMATSU FINANCIAL ADVISORY,116
5758,2024-07-31 22:13:54.065122+00:00,DELOITTE GENERAL CLOUD PARTNER VENDOR POOL,116
5759,2024-07-31 22:13:54.065122+00:00,DELOITTE DYNATRACE PURELOGIC IT AS A JOINT VENTURE,116
5760,2024-07-31 22:13:54.065122+00:00,TEAM DELOITTEEWA DELOITTE TOUCHE ELECTRONIC WARFARE ASSOCI,116
5761,2024-07-31 22:13:54.065122+00:00,DELOITTE TOUCHE TOHMATSU CERTIFIED PUBLIC ACCOUNTANTS,116
5762,2024-07-31 22:19:22.805182+00:00,LARRY PENNER LARRY PENNER ENTERPRISES,122
5763,2024-07-31 22:19:22.805182+00:00,LARRY PENNER ENTERPRISES,122
5764,2024-07-31 22:19:22.805182+00:00,LARRRY PENNER ENTERPRISES,122
5765,2024-07-31 22:19:22.805182+00:00,LARRY PENNER ENTERPRISES IN,122
5766,2024-07-31 22:19:22.805182+00:00,LARRY PENNER ENTERPRISEES,122
5767,2024-07-31 22:19:22.805182+00:00,LARRY PENNTER ENTERPRISES,122
5768,2024-07-31 22:19:22.805182+00:00,LARRY PENNER ENTERPRISE,122
5769,2024-07-31 22:19:22.805182+00:00,LARRY PENNER ENTERPISES,122
5770,2024-07-31 22:19:22.805182+00:00,LARRY PENNER ENTERPRISES OA PENNER OIL,122
5771,2024-07-31 22:19:22.805182+00:00,LARRY PENNER ENTERPRISES AKA PENNER OIL,122
5773,2024-07-31 22:19:22.805182+00:00,LARRY PENNER ENT,122
5774,2024-07-31 22:19:22.805182+00:00,LARRY PENNER,122
5775,2024-07-31 22:20:10.338784+00:00,PENNER OIL,122
5776,2024-07-31 22:21:29.925715+00:00,PENNECON MARINE BASE,494
5777,2024-07-31 22:21:50.360464+00:00,PENNECON ENERGY TECHNICAL,494
5778,2024-07-31 22:21:50.360464+00:00,PENNECON ENERGY HYDRAULIC SYSTEMS,494
5779,2024-07-31 22:21:50.360464+00:00,PENNECON ENERGY TECHNICAL SERVICES,494
5780,2024-07-31 22:21:50.360464+00:00,PENNECO ENERGY HYDRAULIC SYSTEMS,494
5781,2024-07-31 22:26:41.448400+00:00,ASOKAN,517
5782,2024-07-31 22:26:41.448400+00:00,ASOKAN SOLUTION BUREAU,517
5783,2024-07-31 22:26:41.448400+00:00,ASOKAN SOLUTIONS BUREAU,517
5784,2024-07-31 22:26:41.448400+00:00,ASOKAN BUSINESS SOLUTIONS,517
5785,2024-07-31 22:28:45.748550+00:00,ARCADIS SENES SENES CANADA,277
5786,2024-07-31 22:28:45.748550+00:00,ARCADIS SENES CANADA,277
5787,2024-07-31 22:28:45.748550+00:00,ARCADIS SENSE CANADA,277
5788,2024-07-31 22:28:54.384711+00:00,SENES CONSULTANTS,277
5789,2024-07-31 22:29:21.898666+00:00,ARCADIS PROFESSIONAL SERVICES CANADA,277
5790,2024-07-31 22:30:15.994137+00:00,NORR,518
5791,2024-07-31 22:30:15.994137+00:00,NORR OTTAWA,518
5792,2024-07-31 22:30:15.994137+00:00,NORR ARCHITECTS,518
5793,2024-07-31 22:30:15.994137+00:00,NORR ENGINEERING,518
5794,2024-07-31 22:30:46.725587+00:00,NORR ARCHITECTS ENGINEERS,518
5795,2024-07-31 22:31:13.658891+00:00,NORR ARCHITECS ENGINEERS,518
5796,2024-07-31 22:31:13.658891+00:00,NORR ARCHITECTS ENGINEERS PLANNERS,518
5797,2024-07-31 22:31:13.658891+00:00,NORR ARCHITECT ENGINEERS PLANNERS,518
5798,2024-07-31 22:31:13.658891+00:00,NORR ARCHITECTS ENGINEERS HDR ARCHITECTURE ASSOCIATES IN JOINT VENTURE,518
5799,2024-07-31 22:31:13.658891+00:00,NORR ARCHITECTS KINGSTON,518
5800,2024-07-31 22:31:13.658891+00:00,NORR ARCHITECTS ENGINEERS PROVENCHER ROY ASSOCIES ARCHITECTES IN JOINT VENTURE,518
5801,2024-07-31 22:31:33.453718+00:00,NORR ARCHITECTS PLANNERS,518
5802,2024-07-31 22:31:33.453718+00:00,NORR ARCHITECTS TORONTO,518
5803,2024-07-31 22:31:33.453718+00:00,NORR ARCHITECT PLANNERS,518
5804,2024-07-31 22:32:35.188131+00:00,FGMDANFOE ARCHITECTES,440
5805,2024-07-31 22:32:35.188131+00:00,FGMDA NFOE ARCHITECTS,440
5806,2024-07-31 22:32:48.636089+00:00,FGMDASTGELAIS MONTMINY,440
5807,2024-07-31 22:34:05.069958+00:00,MAVERIN,519
5808,2024-07-31 22:34:05.069958+00:00,MAVERIN 40143250,519
5809,2024-07-31 22:34:05.069958+00:00,MAVERIN GLOBAL SOURCING,519
5810,2024-07-31 22:34:05.069958+00:00,MAVERIN BUSINESS SERVICES,519
5811,2024-07-31 22:34:05.069958+00:00,MAVERIN BUSINESS SERVICES W638120000701,519
5812,2024-07-31 22:35:04.368932+00:00,ALLIED SHIPBUILDERS,520
5813,2024-07-31 22:41:42.525231+00:00,TEAM TPG,408
5814,2024-07-31 22:41:42.525231+00:00,TEAM TPG S1,408
5815,2024-07-31 22:41:42.525231+00:00,TEAM TPG S3,408
5816,2024-07-31 22:42:01.017039+00:00,POWELL GROUP TPG TECHNOLOGY,408
5817,2024-07-31 22:43:11.520001+00:00,NOVARTIS PHARMACEUTICALS CANADA NOVARTIS PHARMACEUTICALS CANADA,521
5818,2024-07-31 22:43:11.520001+00:00,NOVARTIS PHARMACEUTICALS CANADA,521
5819,2024-07-31 22:43:11.520001+00:00,NOVARTIS PHARMACEUTICAL CANADA,521
5820,2024-07-31 22:43:11.520001+00:00,NOVARTIS PHARMACEUTICALS,521
5821,2024-07-31 22:43:11.520001+00:00,NOVARTIS PHARMA CANADA,521
5822,2024-07-31 22:43:11.520001+00:00,NOVARTIS CANADA,521
5823,2024-07-31 22:43:30.481043+00:00,NOVARTIS,521
5824,2024-07-31 22:43:30.481043+00:00,NOVARTIS ONCOLOGY,521
5825,2024-07-31 22:43:30.481043+00:00,NOVARTIS OPTHALMICS,521
5826,2024-07-31 22:43:30.481043+00:00,NOVARTIS OPTHAMALICS,521
5827,2024-07-31 22:43:30.481043+00:00,NOVARTIS CONSUMER HEALTH CANADA,521
5829,2024-07-31 22:46:39.888209+00:00,MARCO MARITIMES,523
5831,2024-07-31 22:49:17.501265+00:00,IMPERIAL CLEANERS,524
5835,2024-07-31 22:52:16.830191+00:00,SASKTEL,526
5836,2024-07-31 22:52:16.830191+00:00,SASKTEL CMR,526
5837,2024-07-31 22:52:16.830191+00:00,SASKTEL ICT,526
5838,2024-07-31 22:52:16.830191+00:00,SASKTEL CENTRE,526
5839,2024-07-31 22:52:16.830191+00:00,SASKTEL INTERNATIONAL,526
5840,2024-07-31 22:53:57.138587+00:00,IMT PARTNERSHIP,527
5843,2024-07-31 22:55:37.774832+00:00,SCANSA CONSTRUCTION,529
5849,2024-07-31 22:57:20.051145+00:00,ALLIANCE ENERGY,531
6997,2024-08-30 16:22:36.490075+00:00,PACIFIC MARINE INDUSTRIAL,790
6998,2024-08-30 16:22:36.490075+00:00,PACIFIC INDUSTRIAL MARINE,790
6999,2024-08-30 16:22:36.490075+00:00,PACIFIC INDUSTRIAL MARINE INSTALLATIONS,790
7003,2024-08-30 16:29:31.516411+00:00,HUB INTERNATIONAL CANADA WEST,791
5828,2024-07-31 22:46:11.389505+00:00,BTL CONSTRUCTION,522
5830,2024-07-31 22:47:56.755308+00:00,MARCO GROUP,523
5832,2024-07-31 22:51:03.188800+00:00,BANCTEC CANADA,525
5833,2024-07-31 22:51:56.369749+00:00,SASKATCHEWAN TELECOMMUNICATIONS,526
5834,2024-07-31 22:51:56.369749+00:00,SASKATCHEWAN TELECOMMUNICATIONS SASKTEL,526
5841,2024-07-31 22:54:19.533461+00:00,IMT DEFENCE,527
5842,2024-07-31 22:54:46.924499+00:00,NDL CONSTRUCTION,528
5844,2024-07-31 22:56:15.855607+00:00,ENMAX ENERGY,530
5845,2024-07-31 22:56:15.855607+00:00,ENMAX ENERGY 8042,530
5846,2024-07-31 22:56:15.855607+00:00,1371118 ENMAX ENERGY,530
5847,2024-07-31 22:56:15.855607+00:00,ENMAX,530
5848,2024-07-31 22:56:28.434439+00:00,ENMAX ENERGY COORPORATION,530
5850,2024-07-31 22:58:02.658048+00:00,LANDMARK SOLUTIONS,532
5851,2024-07-31 22:58:02.658048+00:00,LANDMARK SOULUTIONS,532
5852,2024-07-31 22:59:00.094906+00:00,XPERA RISK MITIGATION INVESTIGATION,533
5853,2024-07-31 22:59:00.094906+00:00,XPERA RISK MITIGATION INVESTIGATI,533
5854,2024-07-31 22:59:00.094906+00:00,XPERA MITIGATION INVESTIGATION,533
5855,2024-07-31 22:59:00.094906+00:00,XPERA RISK MANAGEMENT INVESTIGATIONS,533
5856,2024-07-31 22:59:10.965370+00:00,XPERA,533
5857,2024-07-31 23:00:33.743273+00:00,DYNABOOK,534
5858,2024-07-31 23:00:33.743273+00:00,DYNABOOK CANADA,534
5859,2024-07-31 23:00:33.743273+00:00,DYNABOOKS CANADA,534
5860,2024-07-31 23:00:33.743273+00:00,DAYNABOOK CANADA,534
5861,2024-07-31 23:01:07.913390+00:00,TOSHIBA CLIENT SOLUTIONS CANADA,534
5862,2024-07-31 23:01:07.913390+00:00,TOSHIBA CLIENT SOLUTION CANADA,534
5863,2024-07-31 23:01:07.913390+00:00,TOSHIBA CLIENT SOLUTIONS CAN,534
5864,2024-07-31 23:01:07.913390+00:00,TOSHIBA CLIENT SOLUTIONS,534
5865,2024-07-31 23:01:07.913390+00:00,TOSHIBA CLIENT SOLUTION CANADA LIMI,534
5866,2024-07-31 23:04:46.117446+00:00,GRAYBRIDGE INTERNATIONAL,535
5867,2024-07-31 23:04:46.117446+00:00,GRAYBRIDGE INTERNATIONAL CONSULTING,535
5868,2024-07-31 23:04:46.117446+00:00,GRAYBRIDGE INTERNATIONAL CONSULTANTS,535
5869,2024-07-31 23:04:46.117446+00:00,GRAYBRIDGE INTERNATIOONAL CONSULTING,535
5870,2024-07-31 23:04:46.117446+00:00,GRAYBRIDGE MALKAM INTERNATIONAL CONSULTING,535
5871,2024-07-31 23:04:46.117446+00:00,GRAYBRIDGE INTERNATIONAL CONSULTING GRAYBRIDGE MALKAM,535
5872,2024-07-31 23:04:46.117446+00:00,GRAYBRIDGE INTERNATIONAL CONSULTING OA GRAYBRIDGE MALKAM,535
5873,2024-07-31 23:05:41.437853+00:00,GRAYBRIDGE MALKAM,535
5874,2024-07-31 23:05:41.437853+00:00,GRAYBRIDGE MALKHAM,535
5875,2024-07-31 23:05:41.437853+00:00,GRAYBRIDE MALKAM,535
5876,2024-07-31 23:05:41.437853+00:00,GRAYBRIDGEMALKAM,535
5877,2024-07-31 23:05:41.437853+00:00,GRAYBRIDGE MALCOM,535
5878,2024-07-31 23:05:41.437853+00:00,GRAYBRIDGE,535
5879,2024-07-31 23:05:41.437853+00:00,GRAYBRIDGE MALCOLM,535
5880,2024-07-31 23:05:41.437853+00:00,GRAYBRIDGE CONSULTING,535
5881,2024-07-31 23:05:41.437853+00:00,GRAYBRIDGE INTCONSULTING,535
5882,2024-07-31 23:05:41.437853+00:00,GRAYBRIDGE INT CONSULTING,535
5883,2024-07-31 23:05:41.437853+00:00,GRAYBRIDGE INT CONSULTANTS,535
5884,2024-07-31 23:05:41.437853+00:00,MALKAM CONSULTANTS,535
5885,2024-07-31 23:05:41.437853+00:00,BRAYBRIDGE INT CONSULTING,535
5886,2024-08-01 12:07:07.990515+00:00,FAST FOWARD FRENCH,323
5887,2024-08-01 12:09:05.862180+00:00,AMAZON WEB SERVICES IBM CANADA GOOGLE CLOUD CANADA MICROSOFT CANADA ORACLE CANADA,105
5888,2024-08-01 13:01:25.851800+00:00,ATLANTIC BUSINESS INTERIORS,536
5889,2024-08-01 13:01:25.851800+00:00,ATLANTICE BUSINESS INTERIORS,536
5890,2024-08-01 13:01:25.851800+00:00,ATLANTIC BUSINESS INTERIOR,536
5891,2024-08-01 13:01:25.851800+00:00,ATALNTIC BUSINESS INTERIORS,536
5892,2024-08-01 13:01:25.851800+00:00,ATLANTIC BUSINESS,536
5893,2024-08-01 13:08:10.792555+00:00,ATS SCIENTIFIC,537
5894,2024-08-01 13:48:15.555941+00:00,AVTECH,538
5895,2024-08-01 13:48:15.555941+00:00,AV TECH,538
5896,2024-08-01 13:48:15.555941+00:00,AVTECH INDUSTRIES,538
5897,2024-08-01 14:14:51.580293+00:00,BLACKBERRY WORLD,473
5898,2024-08-01 14:26:25.292058+00:00,DAMS FORD LINCOLN,31
5899,2024-08-01 14:26:25.292058+00:00,CABOT FORD LINCOLN,31
5900,2024-08-01 14:26:25.292058+00:00,REVELL FORD LINCOLN,31
5901,2024-08-01 14:26:25.292058+00:00,KNIGHT FORD LINCOLN,31
5902,2024-08-01 14:26:25.292058+00:00,STEELE FORD LINCOLN,31
5903,2024-08-01 14:26:25.292058+00:00,TAYLOR FORD LINCOLN,31
5904,2024-08-01 14:26:25.292058+00:00,AIRPORT FORD LINCOLN,31
5905,2024-08-01 14:26:25.292058+00:00,CAPITAL FORM LINCOLN,31
5906,2024-08-01 14:26:25.292058+00:00,CAPITAL FORD LINCOLN,31
5907,2024-08-01 14:26:25.292058+00:00,CIRCUIT FORD LINCOLN,31
5908,2024-08-01 14:26:25.292058+00:00,DONNELLY FORD LINCOLN,31
5909,2024-08-01 14:26:25.292058+00:00,DAM FORD LINCOLN SALES,31
5910,2024-08-01 14:26:25.292058+00:00,RIVERVIEW FORD LINCOLN,31
5911,2024-08-01 14:26:25.292058+00:00,DAMS FORD LINCOLN SALES,31
5912,2024-08-01 14:26:25.292058+00:00,CABOT FORD LINCOLN SALES,31
5913,2024-08-01 14:26:25.292058+00:00,PLAZA FORD LINCOLN SALES,31
5914,2024-08-01 14:26:25.292058+00:00,DOUGLAS FORD LINCOLN SALES,31
5915,2024-08-01 14:26:25.292058+00:00,SKAHA FORD MERCURY LINCOLN,31
5916,2024-08-01 14:26:25.292058+00:00,LINCOLN HEIGHTS FORD SALES,31
5917,2024-08-01 14:26:25.292058+00:00,CAPITAL FORD LINCOLN SALES,31
5918,2024-08-01 14:26:25.292058+00:00,VICTORY FORD LINCOLN SALES,31
5919,2024-08-01 14:26:25.292058+00:00,YORKDALE FORD LINCOLN SALES,31
5920,2024-08-01 14:26:25.292058+00:00,WATERLOO FORD LINCOLN SALES,31
5921,2024-08-01 14:26:25.292058+00:00,KELLEHER FORD LINCOLN SALES,31
5922,2024-08-01 14:26:25.292058+00:00,COURTESY FORD LINCOLN SALES,31
5923,2024-08-01 14:26:25.292058+00:00,MAITLAND FORD LINCOLN SALES,31
5924,2024-08-01 14:26:25.292058+00:00,STEVE MARSHALL FORD LINCOLN,31
5925,2024-08-01 14:26:25.292058+00:00,JIM KEAY FORD LINCOLN SALES,31
5926,2024-08-01 14:26:25.292058+00:00,RIVERVIEW FORD LINCOLN SALES,31
5927,2024-08-01 14:26:25.292058+00:00,DAMS FORD LINCOLN SALES METRO MOTORS,31
5928,2024-08-01 14:26:25.292058+00:00,DAMS FORD LINCON SALES,31
5929,2024-08-01 14:53:19.845855+00:00,VALLEY MEDICAL IMAGING,292
5930,2024-08-01 15:26:42.662047+00:00,NETWORK INNOVATIONSKABUL,462
5931,2024-08-01 15:43:40.435927+00:00,S I SYTEMS,279
3901,2024-07-28 15:54:26.648997+00:00,DRAGAGE OCEAN DS,430
3902,2024-07-28 15:54:26.648997+00:00,DRAGAGE OCEAN DSM,430
3903,2024-07-28 15:54:26.648997+00:00,DRAGAGE OCEAN DM,430
3904,2024-07-28 15:54:26.648997+00:00,DRAGAGE OCEAN DM LNC,430
3905,2024-07-28 15:54:26.648997+00:00,DRAGAGE OCEAN DSM OCEAN DREDGING DSM,430
5932,2024-08-01 15:47:39.120504+00:00,NETAGEN COMMUNICATION TECHNOLOGIES,289
5933,2024-08-01 15:52:54.814072+00:00,LEANIX,334
1891,2024-07-19 16:27:48.490078+00:00,EMERIONCOFOMO FMC,358
1892,2024-07-19 16:27:48.490078+00:00,COMOFO OTTAWA,358
1893,2024-07-19 16:27:48.490078+00:00,EMERIONCOFOMO OTTAWA,358
1895,2024-07-19 16:28:39.078193+00:00,EMERION,358
1896,2024-07-19 16:28:39.078193+00:00,EMERION GROUP,358
1897,2024-07-19 16:28:39.078193+00:00,EMERION THROUGH PWGSC,358
2581,2024-07-23 20:19:44.923136+00:00,EMERIONCOFOMO FMC IN JOINT VENTURE,358
2582,2024-07-23 20:19:44.923136+00:00,EMERIONCOFOMO IN JOINT VENTURE,358
5934,2024-08-01 16:14:38.164164+00:00,LIFE TECHNOLOGIES A PART THERMOFISHER SCIENTIFIC,281
5935,2024-08-01 16:23:36.205908+00:00,BUE WAVE ENERGY,294
5936,2024-08-01 16:35:07.965304+00:00,BROOKFIELD JOHNSON CONTROLS CANADA,104
5937,2024-08-01 16:35:07.965304+00:00,BROOKFIELD LEPAGE JOHNSON CONTROLS,104
5938,2024-08-01 16:57:48.221041+00:00,ADOBE ADOBE,297
5939,2024-08-01 16:57:48.221041+00:00,ADOBE,297
5940,2024-08-01 16:57:48.221041+00:00,FILMS ADOBE,297
5941,2024-08-01 16:57:48.221041+00:00,ADOBE BUSINESS,297
5942,2024-08-01 16:57:48.221041+00:00,ADOBE INTERNATIONAL,297
5943,2024-08-01 16:57:48.221041+00:00,ADOBE SYSTEMS FEDERAL,297
5944,2024-08-01 16:57:48.221041+00:00,ADOBE SYSTEMS BOX B9177,297
5945,2024-08-01 18:10:44.109104+00:00,PBK ARCHITECTS,345
5946,2024-08-01 18:10:44.109104+00:00,PBK ARCHITECTS SUDBURY,345
5947,2024-08-01 18:13:02.829301+00:00,SMITH CARTER ARCHITECTS CALGARY,345
5948,2024-08-01 18:13:02.829301+00:00,SMITH CARTER ARCHITECTS OTTAWA,345
5949,2024-08-01 18:13:02.829301+00:00,SMITH CARTER ARCHITECTS WINNIPEG,345
5950,2024-08-01 18:13:02.829301+00:00,SMITH CARTER ARCHITECTS ENGINEERS,345
5951,2024-08-01 18:13:02.829301+00:00,SMITH CARTER JV BRADLEY SHUYA ARCHITECTS,345
5952,2024-08-01 18:13:02.829301+00:00,SMITH CARTER BRADLEY SHUYAARCHITECTS,345
5953,2024-08-01 18:13:19.927024+00:00,WHW ARCHITECTS,345
5954,2024-08-01 18:20:31.283190+00:00,LINDSAY CONSTRUCTION,457
2668,2024-07-24 19:41:06.951290+00:00,PAL AIRLINES,212
2669,2024-07-24 19:41:06.951290+00:00,PALAIRLINES,212
2670,2024-07-24 19:42:29.411370+00:00,PAL,212
5955,2024-08-01 18:54:41.007334+00:00,AIR BOREALIS,212
5956,2024-08-01 18:54:41.007334+00:00,AIRBOREALIS,212
5957,2024-08-01 18:54:41.007334+00:00,AIR BOREALIS PARTNERSHIP,212
5958,2024-08-01 18:54:41.007334+00:00,AIRBOREALIS PARTNERSHIP,212
5959,2024-08-01 18:57:49.095382+00:00,ATLANTIC AVIONICS,212
5960,2024-08-01 18:58:05.753466+00:00,MFC TRAINING,212
5961,2024-08-01 20:25:07.575147+00:00,DALIAN ENTERPRISES CORADIX TECHNOLOGY CONSULTING,98
5962,2024-08-01 20:25:07.575147+00:00,DALIAN ENTERPRISES CORADIX TECHNOLOGY CONSULTING TEAM DALIAN,98
5963,2024-08-01 20:25:07.575147+00:00,DALIAN ENTERPRISES CORADIX TECHNOLOGY CONSULTING IN JOINT,98
5964,2024-08-01 20:25:07.575147+00:00,DALIAN ENTERPRISES CORADIX TECHNOLOGY CONSULTING IN JOINT VENTURE,98
5965,2024-08-01 20:25:07.575147+00:00,DALIAN ENTERPRISES CORADIX TECHNOLOGY CONSULTING IN JOINT VENTURE TEAM DALIAN,98
5966,2024-08-01 20:25:07.575147+00:00,DALIAN ENTERPRISES CORADIX TECHNOLOGIES CONSULTING IN JOINT VENTURE,98
5967,2024-08-01 20:25:32.517189+00:00,DALIAN ENTERPRISES CORADIX TECHNOLOGY JOINT VENTURE,98
5968,2024-08-01 20:28:03.684234+00:00,PETERS BROS,304
5969,2024-08-01 20:32:02.258166+00:00,STONEWORKS,426
5970,2024-08-01 20:32:58.586689+00:00,SAAB BOFORS DYNAMICS SWITZERLAND,401
5971,2024-08-01 20:33:49.653287+00:00,GRAHAM CONSTRUCTION ENGINEERING A JV,505
5972,2024-08-01 20:34:44.972691+00:00,GEMALTO,413
5973,2024-08-01 20:34:44.972691+00:00,GEMALTO CANADA,413
5974,2024-08-01 20:34:44.972691+00:00,GEMALTO COGENT,413
5975,2024-08-01 20:34:44.972691+00:00,GEMALTOCOGENT,413
5976,2024-08-01 20:34:44.972691+00:00,GEMALTO NORTH AMERICA,413
5977,2024-08-01 20:34:44.972691+00:00,GEMALTO SAFENET CANADA,413
5978,2024-08-01 20:36:23.707839+00:00,EXECUTIVE FC,504
7000,2024-08-30 16:28:57.185490+00:00,HUB INTERNATIONAL QUEBEC,791
5980,2024-08-01 20:42:08.394275+00:00,PTERO VALUE,305
5981,2024-08-01 20:45:15.999417+00:00,COMPUTACENTER,418
5982,2024-08-01 20:45:15.999417+00:00,COMPUTACENTER CANADA,418
5983,2024-08-01 20:45:15.999417+00:00,COMPUTACENTRE,418
5984,2024-08-01 20:45:15.999417+00:00,COMPUTACENTER TERAMACH,418
5985,2024-08-01 20:45:15.999417+00:00,COMPUTACENTER CANADA 445245,418
5986,2024-08-01 20:45:51.043674+00:00,TERAMACH,418
5987,2024-08-01 20:45:51.043674+00:00,TERA MACH,418
5988,2024-08-01 20:45:51.043674+00:00,TERAMACH A PIVOT COMPANY,418
5989,2024-08-01 20:50:49.810345+00:00,AWS,105
5990,2024-08-01 20:50:49.810345+00:00,AWS SERVICES,105
5991,2024-08-02 12:43:35.101768+00:00,GCSTRATEGIES,540
5992,2024-08-02 12:43:35.101768+00:00,GC STRATEGIES,540
5993,2024-08-02 12:43:35.101768+00:00,198085 GCSTRATEGIES,540
5994,2024-08-02 12:43:35.101768+00:00,GCSTRATEGIES OTTAWA ON,540
5995,2024-08-02 12:43:35.101768+00:00,GCSTRATGEIES,540
5996,2024-08-02 13:54:22.241173+00:00,OK INUDSTRIES,209
5997,2024-08-02 14:03:02.298696+00:00,L3 COMMUNICATIONS SECURITY DETECTION SYSTEMS,69
5998,2024-08-02 14:45:12.727291+00:00,GUELPH UTILITY POLE COMPANY,482
5999,2024-08-02 14:45:12.727291+00:00,GUELPH UTILILTY POLE COMPANY,482
6000,2024-08-02 15:03:24.024529+00:00,NCS NORDIC CAMP SUPPLY,315
6001,2024-08-02 15:03:24.024529+00:00,NCS FUEL NORDIC CAMP SUPPLY,315
6002,2024-08-02 15:04:37.212947+00:00,NORSE BUNKER AS,315
6003,2024-08-02 15:06:22.248298+00:00,PETROAIR,315
6004,2024-08-02 16:18:56.654441+00:00,AVIATION REFUELING SERVICESDIVISION VALLEY OIL,471
6005,2024-08-02 16:20:52.659015+00:00,RANDSTAD INTERIM CO SAPPHIRE CANADA A DIVISION RANDSTAD INTERIM,311
6006,2024-08-02 16:20:52.659015+00:00,RANDSTAD INTERIM TRANSATLANTIC BUSINESS CONSULTING,311
6007,2024-08-02 16:21:33.410322+00:00,SAPPHIRE TECHNOLOGY CANADA,311
6008,2024-08-02 16:21:33.410322+00:00,SAPPHIRE TECHNOLOGIES CANADA,311
6009,2024-08-02 16:27:47.738402+00:00,TIREE,454
6010,2024-08-02 16:27:47.738402+00:00,TIREE SECURITY,454
6011,2024-08-02 16:27:47.738402+00:00,TIREE CONSULTING,454
6012,2024-08-02 16:27:47.738402+00:00,TIREE IT CONSULTING,454
6013,2024-08-02 16:27:47.738402+00:00,TIREE KHISMA JOINT VENTURE,454
6014,2024-08-02 16:30:09.898949+00:00,WCG,466
6015,2024-08-02 16:30:09.898949+00:00,WCG CLINICAL,466
6016,2024-08-02 16:33:31.941559+00:00,WEAHTERHAVEN CANADA,419
6017,2024-08-02 16:33:31.941559+00:00,WEATHERHAVEN REGISTERED PARTNERSHIP CARRYING ON BUSINESS IN CITY,419
6018,2024-08-02 16:35:21.471006+00:00,SIGNATURE SUR SAINTLAURENT CONSTRUCTION,218
6020,2024-08-02 16:36:42.127221+00:00,3M AIT,35
6021,2024-08-02 16:38:42.311249+00:00,AEROTEK OA TEKSYSTEMS CANADA,409
6022,2024-08-02 16:38:42.311249+00:00,AEROTEK,409
6023,2024-08-02 16:43:35.516450+00:00,WMWARE,352
2,2024-07-10 15:50:19.271185+00:00,BELL TEXTRON,407
3,2024-07-10 16:17:10.515929+00:00,BELL TEXTRON CANADA BELL TEXTRON CANADA,407
4,2024-07-10 16:17:10.515929+00:00,BELL TEXTRON CANADA,407
5,2024-07-10 16:17:10.515929+00:00,BELL HELICOPTER TEXTRON,407
6,2024-07-10 16:17:10.515929+00:00,BELL HELICOPTER TEXTRON CANADA,407
82,2024-07-10 19:39:08.485021+00:00,TEXTRON,407
132,2024-07-12 12:32:06.017391+00:00,TEXTRON AVIATION COMPANY,407
133,2024-07-12 12:32:06.017391+00:00,TEXTRON MARINE LAND SYSTEMS,407
134,2024-07-12 12:32:06.017391+00:00,FLIGHT SAFETY TEXTRON AVIATION,407
6024,2024-08-02 16:58:35.795348+00:00,VALCOM CONSULTING CMPANY,423
6025,2024-08-02 18:29:41.876743+00:00,CANON DIRECT SALES,219
6026,2024-08-02 18:29:41.876743+00:00,CANON CANADAS BUSINESS,219
6027,2024-08-02 18:32:42.938725+00:00,THALES ALENIA SPACE ITALIA SPA,413
6028,2024-08-02 18:33:26.051281+00:00,CANON BUSINESS CENTER BRUSSELS,219
6029,2024-08-02 19:11:18.332076+00:00,MEGS UNE DIVISION AIR LIQUIDE CA,231
6030,2024-08-02 19:11:18.332076+00:00,MEGS UNE DIVISION AIR LIQUIDE CANADA,231
6031,2024-08-02 19:13:23.676760+00:00,MEGS,231
6032,2024-08-02 19:13:23.676760+00:00,MEGS SPECIALTY GASES,231
6033,2024-08-02 19:13:23.676760+00:00,GAZ SPECIAUX MEGS,231
6034,2024-08-02 19:36:45.377849+00:00,LANGUAGE MARKETPLACE,353
6035,2024-08-02 19:36:45.377849+00:00,1561145 ONTARIO LANGUAGE MARKETPLACE,353
6036,2024-08-02 20:16:42.042113+00:00,SEPROTECHWESATECH,221
6037,2024-08-02 20:16:42.042113+00:00,SEPROTECH SYSTEMS,221
6038,2024-08-02 20:26:33.225786+00:00,AJILION CONSULTING,237
6039,2024-08-02 21:29:54.095372+00:00,SOINS SANTE BAYSHORE,166
6040,2024-08-02 21:29:54.095372+00:00,SOINS A DOMICILE BAYSHORE,166
6041,2024-08-02 21:35:55.282312+00:00,BAE GROUP,165
6042,2024-08-02 22:41:15.660953+00:00,SANI SABLE LB,487
6043,2024-08-02 22:41:15.660953+00:00,SANISABLE,487
6044,2024-08-02 22:45:40.894074+00:00,NORTHRUP GRUMMAN,385
6045,2024-08-02 22:45:40.894074+00:00,NORTHROP GRUMMAN PRB SYSTEMS,385
6046,2024-08-02 22:45:40.894074+00:00,NORTHROP GRUMMAN CANADA 2004,385
6047,2024-08-02 22:45:40.894074+00:00,NORTHROP GRUMMAN MISSION SYSTEMS,385
6048,2024-08-02 22:45:40.894074+00:00,NORTHROP GRUMMAN AMHERST SYSTEMS,385
6049,2024-08-02 22:45:40.894074+00:00,NORTHROP GRUMMAN PARK AIR SYSTEMS,385
6050,2024-08-02 22:45:40.894074+00:00,NORTHROP GRUMMAN OVERSEAS SERVICE,385
6051,2024-08-02 22:45:40.894074+00:00,NORTHROP GRUMMANSUPPORT SERVICES,385
6052,2024-08-02 22:45:40.894074+00:00,NORTHROP GRUMMAN TECHNICAL SERVICES,385
6053,2024-08-02 22:45:40.894074+00:00,NORTHROP GRUMMAN SYSTEMS SPERRY MARINE,385
6054,2024-08-02 22:45:40.894074+00:00,NORTHROP GRUMMAN DEFENCE MISSION SYSTEMS,385
6055,2024-08-02 22:45:40.894074+00:00,NORTHROP GRUMMAN GUIDANCE ELECTRONICS COMPANY,385
6056,2024-08-02 22:45:40.894074+00:00,NORTHROP GRUMMAN ELECTRONIC SYSTEMS NAVIGATION SYSTEMS DIVISION,385
6057,2024-08-02 22:45:40.894074+00:00,NORTHROP AIRCRAFT DIV,385
6058,2024-08-02 22:45:40.894074+00:00,NORTHROP GRUMMAN INFORMATION SYSTEMS SECTOR DEFENSE SYSTEMS DIVISION,385
6059,2024-08-02 22:55:53.629825+00:00,BABCOCK INTEGRATED TECHNOLOGY CANADA,95
6060,2024-08-02 22:58:42.661569+00:00,BABCOCKI INTERNATIONAL GROUP,95
6061,2024-08-02 22:58:42.661569+00:00,BABCOCK INTEGRATED TECHNOLGOY,95
6062,2024-08-02 22:58:42.661569+00:00,BABCOCK INTEGRATED TECHNOGOLY,95
6063,2024-08-02 22:58:42.661569+00:00,BABCOCK INTEGRATED TECHNOLOGY,95
6064,2024-08-02 22:58:42.661569+00:00,BABCOCK INTERNATIONAL GROUP MARINE TECHNOLOGY DIVISION,95
6065,2024-08-02 22:58:42.661569+00:00,BABCOCK INTERNATIONAL GROUP MARINE TECHNOLOGY DEVISION,95
6066,2024-08-02 22:58:42.661569+00:00,BABCOK INTERNATIONAL,95
6067,2024-08-02 23:00:20.149706+00:00,BABCOCK INTERNATIONAL GROUP,95
6068,2024-08-02 23:00:20.149706+00:00,BABCOCK INTEGRATED TECHNOLOGIES,95
6069,2024-08-02 23:13:43.042118+00:00,MICRO FOCUS CANADA,394
6070,2024-08-02 23:13:43.042118+00:00,MICRO FOCUS SOFTWARE SOLUTIONS CANADA,394
6071,2024-08-02 23:13:43.042118+00:00,MICRO FOCUS SOFTWARE SOLUTIONS CANADA SOLUTIONS LOGICIELS MICRO FOCUS CANADA CIE,394
6072,2024-08-02 23:13:43.042118+00:00,MICRO FOCUS,394
6073,2024-08-02 23:13:43.042118+00:00,MICRO FOCUS SOFTWARE CANADA,394
6074,2024-08-02 23:13:43.042118+00:00,MICROFOCUS,394
6075,2024-08-02 23:13:43.042118+00:00,MICRO FOCUS SOFTWARE SOLUTIONS,394
6076,2024-08-02 23:13:43.042118+00:00,MICRO FOCUS SOFTWARE SOLUTIONS CANA,394
6077,2024-08-02 23:13:43.042118+00:00,MICROFOCUS SOFTWARE SOLUTIONS,394
6078,2024-08-02 23:13:43.042118+00:00,MICRO FOCUS SOFTWARE SOLUTIONS CAN,394
6079,2024-08-02 23:13:43.042118+00:00,MICRO FOCUS SOFTWARE SOLUTIONS CDA,394
6080,2024-08-02 23:13:43.042118+00:00,MICRO FOCUS SOFTWARE SOLUTIONS CANANA,394
6081,2024-08-02 23:13:43.042118+00:00,MICRO FOCUS LEGAL DEPARTMENT,394
6082,2024-08-02 23:13:43.042118+00:00,MICRO FOCUS CANADA TORONTO ON,394
6083,2024-08-02 23:18:00.742511+00:00,GUIDANCE SOFTWARE,394
6084,2024-08-02 23:20:16.774476+00:00,ACTUATE,394
6085,2024-08-02 23:30:46.249766+00:00,DOCUMENTUM CANADA COMPANY,394
6086,2024-08-03 00:03:42.491681+00:00,ALEXION PHARMACEUTICALS,39
6087,2024-08-03 00:03:42.491681+00:00,ALEXION PHARMACEUTICALS CANADA,39
6088,2024-08-03 00:06:19.774023+00:00,DEFINIENS,39
6089,2024-08-03 03:19:52.731938+00:00,APRON FUELS,267
6090,2024-08-03 06:01:09.252965+00:00,SOFTCHOICE IBM RESELLER,24
6091,2024-08-03 06:01:09.252965+00:00,SOFTCHOICE RESELLER IBM PRODUCTS,24
6092,2024-08-03 06:01:09.252965+00:00,SOFTCHOICE RESELLER ACL IN CANADA,24
6093,2024-08-03 06:01:09.252965+00:00,SOFTCHOICE RESELLER FOR LENOVO CANADA,24
6094,2024-08-03 06:29:16.654734+00:00,SHAW COMMUNICATIONS SHAW COMMUNICATIONS,8
6095,2024-08-03 06:29:16.654734+00:00,SHAW COMMUNICATIONS,8
6096,2024-08-05 23:52:22.780325+00:00,IBISKA TELECOM CM IN JOINT VENTURE,275
6097,2024-08-05 23:52:22.780325+00:00,IBISKA 99 BANK ST SUITE 405 OTTAWA,275
6098,2024-08-05 23:52:22.780325+00:00,IBISKA TELECOM C M AS A CONTRACTUAL JOINT VENTURE,275
6099,2024-08-05 23:58:25.294379+00:00,BARDON,247
6100,2024-08-05 23:58:25.294379+00:00,BARDON ON,247
6101,2024-08-05 23:59:21.519189+00:00,BDO,268
6102,2024-08-06 00:00:07.238693+00:00,BDO CHAPELLE,268
6103,2024-08-06 00:00:07.238693+00:00,BDO DUNWOODY,268
6104,2024-08-06 00:00:07.238693+00:00,BDO ZIV HAFT,268
6105,2024-08-06 00:00:07.238693+00:00,BDO CONSULTING,268
6106,2024-08-06 00:00:07.238693+00:00,BDO DUNWOODY OTTAWA,268
6107,2024-08-06 00:00:07.238693+00:00,BDO DUNWOODY NORTH BAY,268
6108,2024-08-06 00:00:07.238693+00:00,BDO BUSINESS TECHNOLOGY,268
6109,2024-08-06 00:00:07.238693+00:00,BDO CANADA COMPETITIVE INSI,268
6110,2024-08-06 00:01:35.901188+00:00,DELOITTE ITF INDIAN DAY SCHOOLS,116
6111,2024-08-06 00:05:25.338037+00:00,HOLCIM CANADA,92
6112,2024-08-06 00:06:53.906913+00:00,GWL REALTY ADVISORS,40
6113,2024-08-06 00:10:11.286532+00:00,CARDINAL HEALTH SOLUTIONS,111
6114,2024-08-06 00:11:34.928203+00:00,ABI,239
6115,2024-08-06 00:12:49.579480+00:00,GSK STOCKMANN RECHTSANWALTE,81
6116,2024-08-06 00:15:12.027500+00:00,ANSYS GOVERNMENT INITIATIVES,251
6117,2024-08-06 17:11:24.882009+00:00,MTS,167
6118,2024-08-06 17:11:24.882009+00:00,MTS MEDIA,167
6119,2024-08-06 17:11:24.882009+00:00,MTS COMMUNICATIONS,167
6120,2024-08-09 13:44:01.586807+00:00,L3HARRIS MAPPS,69
6121,2024-08-09 13:44:01.586807+00:00,L3HARRIS TECHNOLOGIES CANADA,69
6122,2024-08-09 13:44:01.586807+00:00,L3HARRIS TECHNOLOGIES CANADA L3HARRIS TECHNOLOGIES CANADA,69
6123,2024-08-09 13:44:01.586807+00:00,L3HARRIS GLOBAL COMMUNICATIONS,69
6124,2024-08-09 13:47:41.999771+00:00,L3HARRIS MAS,69
6125,2024-08-09 13:47:41.999771+00:00,L3 HARRIS MAS,69
6126,2024-08-09 13:47:56.620948+00:00,HARRIS CORPORTATION,69
2957,2024-07-25 16:41:58.601511+00:00,HALIFAX SHIPYARD,32
6127,2024-08-19 14:06:42.432594+00:00,DOUGLAS COLLEGE,541
6128,2024-08-19 14:06:42.432594+00:00,DOUGLAS COLLEGE 23ES,541
6129,2024-08-19 14:06:42.432594+00:00,DOUGLAS COLLEGE 16ES,541
6130,2024-08-19 14:13:49.246591+00:00,FRESENIUS MEDICAL CARE,542
6131,2024-08-19 14:13:49.246591+00:00,FRESENIUS MEDICAL CARE CANADA,542
6132,2024-08-19 14:13:49.246591+00:00,FRESENIUS MEDICAL CARE CANADA SOINS MEDICAUX FRESENIUS CANADA,542
6133,2024-08-19 14:13:49.246591+00:00,FRESENSIUS MEDICAL,542
6134,2024-08-19 16:12:45.222770+00:00,AMADEUS AIRPORT IT AMERICAS,543
6135,2024-08-19 16:12:45.222770+00:00,AMADEUS INTERNATIONAL,543
6136,2024-08-19 16:51:58.173049+00:00,SEAGEN CANADA,544
6137,2024-08-19 16:57:32.946938+00:00,YELLOWRIDGE CONSTRUCTION,545
6138,2024-08-19 16:57:32.946938+00:00,YELLOWRIDGE CONCTRUCTION,545
6139,2024-08-19 16:57:32.946938+00:00,ELEM SEC PROJECTS YELLOWRIDGE CONSTRUCTION,545
6140,2024-08-19 17:23:58.647842+00:00,LEDCOR,546
6141,2024-08-19 17:23:58.647842+00:00,LEDCOR CMI,546
6142,2024-08-19 17:23:58.647842+00:00,LEDCOR ALBERTA,546
6143,2024-08-19 17:23:58.647842+00:00,LEDCOR HIGHWAYS,546
6144,2024-08-19 17:23:58.647842+00:00,LEDCOR CONSTRUCTION,546
6145,2024-08-19 17:23:58.647842+00:00,LEDCOR DESIGNBUILD BC,546
6146,2024-08-19 17:23:58.647842+00:00,LEDCOR GROUP COMPANIES,546
6147,2024-08-19 17:23:58.647842+00:00,LEDCOR HELICOPTERS PARTNERSHIP,546
6148,2024-08-19 17:23:58.647842+00:00,LEDCOR RESOURCES TRANSPORTATION,546
6149,2024-08-19 17:23:58.647842+00:00,LEDCOR FOREST PRODUCTS PARTNERSHIP,546
6150,2024-08-19 17:23:58.647842+00:00,LEDCOR RESOURCES TRANSPORATION PARTNERSHIP,546
6151,2024-08-19 17:23:58.647842+00:00,LEDCOR RESOURCES TRANSPORTATION PARTNERSHIP,546
6152,2024-08-19 17:26:17.567712+00:00,SUMMIT HELICOPTERS,546
6153,2024-08-19 17:26:17.567712+00:00,SUMMIT AIR,546
6154,2024-08-19 17:26:17.567712+00:00,SUMMIT AIR CHARTERS,546
6155,2024-08-19 17:26:17.567712+00:00,SUMMIT AIR CHARTERS PARTNERSHIP,546
6156,2024-08-19 17:26:17.567712+00:00,SUMMIT AIR CHARTER,546
6157,2024-08-19 17:27:11.461308+00:00,CC HELICOPTERS,546
6158,2024-08-19 17:27:11.461308+00:00,CC HELICOPTERS 2011,546
6159,2024-08-19 17:29:25.741954+00:00,TRINITY HELICOPTERS,546
6160,2024-08-19 17:33:10.227153+00:00,GREEN ROADS RECYCLING,547
6161,2024-08-19 18:20:36.027115+00:00,AECONFLATIRONDRAGADOSEBC,548
6162,2024-08-19 18:24:22.180765+00:00,SURESPAN GROUP,549
6163,2024-08-19 18:24:22.180765+00:00,SURESPAN CONSTRUCTION GROUP,549
6164,2024-08-19 18:24:22.180765+00:00,SURESPAN STRUCTURES,549
6165,2024-08-19 18:24:22.180765+00:00,SURESPAN READYMIX,549
6166,2024-08-19 18:24:22.180765+00:00,SURESPAN CONSULTING,549
6167,2024-08-19 18:26:54.486714+00:00,SURESPAN CONSTRUCTION,549
6168,2024-08-19 18:30:31.480658+00:00,FORUS THEARPEUTICS,550
6169,2024-08-19 18:44:41.518192+00:00,JACOB BROS CONSTRUCTION,551
6170,2024-08-19 18:44:41.518192+00:00,JACOB BROS CONSTRUCTIONS,551
6171,2024-08-19 18:44:41.518192+00:00,JACOB BROSCONSTRUCTION,551
6172,2024-08-19 18:48:30.146067+00:00,CHARTER PDI,552
6173,2024-08-19 18:49:21.002778+00:00,CHARTER PROJECT DELIVERY,552
6174,2024-08-19 18:51:33.759973+00:00,EARLY CHILDHOOD EDUCATORS BRITISH COLUMBIA,553
6175,2024-08-19 18:51:33.759973+00:00,EARLY CHILDHOOD EDUCATORS BC,553
6176,2024-08-19 18:55:49.878781+00:00,ASSOCIATED ENGINEERING BC,554
6177,2024-08-19 18:55:49.878781+00:00,ASSOCIATED ENGINEERING,554
6178,2024-08-19 18:55:49.878781+00:00,ASSOCIATED ENGINEERING B C,554
6179,2024-08-19 18:55:49.878781+00:00,ASSOCIATED ENGINEERING ONT,554
6180,2024-08-19 18:55:49.878781+00:00,ASSOCIATED ENGINEERING BC APRIL 616,554
6181,2024-08-19 18:55:49.878781+00:00,ASSOCIATED ENGINEERING SASK,554
6182,2024-08-19 18:55:49.878781+00:00,ASSOCIATED ENGINEERING ALBERTA,554
6183,2024-08-19 18:55:49.878781+00:00,ASSOCIATED ENGINEERING EDMONTON,554
6184,2024-08-19 19:00:08.208438+00:00,NOREX IC ENGINEERING,554
6185,2024-08-19 19:04:15.662350+00:00,F M INSTALLATIONS,555
6186,2024-08-19 19:04:15.662350+00:00,FM INSTALLATIONS,555
6187,2024-08-19 19:10:41.335379+00:00,BROCOR CONSTRUCTION,556
6188,2024-08-19 19:15:49.370679+00:00,GRAHAM INFRASTRUCTURE,557
6189,2024-08-19 19:15:49.370679+00:00,GRAHAM INFRASTRUCTURE L P,557
6190,2024-08-19 19:15:49.370679+00:00,GRAHAM INFRASTRUCTURE AECON A JOINT VENTURE,557
6191,2024-08-19 19:15:49.370679+00:00,GRAHAM INFRASTRUCTURE AECON WATER INFRASTRUCTURE JOINT,557
6192,2024-08-19 19:19:55.407737+00:00,GRACORP CAPITAL,557
6193,2024-08-19 19:27:08.219076+00:00,GE HEALTHCARE,558
6194,2024-08-19 19:27:08.219076+00:00,GE HEALTHCARD,558
6195,2024-08-19 19:27:08.219076+00:00,GE HEALTHCARE GE CANADA,558
6196,2024-08-19 19:27:08.219076+00:00,GE HEALTHCARE CANADA,558
6197,2024-08-19 19:27:08.219076+00:00,GE HEALTHCARE BIOSCIENCES,558
6198,2024-08-19 19:27:08.219076+00:00,GE HEALTHCARE TECHNOLOGIES CANADA,558
6199,2024-08-19 19:27:08.219076+00:00,GE HEALTHCARE BIOSCIENCES COMPANY,558
6200,2024-08-19 19:27:08.219076+00:00,GE HEALTHCARE INFORMATION TECHNOLOGIES,558
6201,2024-08-19 19:27:08.219076+00:00,GE HEALTHCARE TECHNOLOGIES CANADA GE SANTE TECHNOLOGIES CANADA,558
6202,2024-08-19 19:27:33.536727+00:00,GE HEALTHCARE BIOSCIENCES GE SANTE BIOSCIENCES,558
6203,2024-08-19 19:31:13.940030+00:00,MIM SOFTWARE,558
6204,2024-08-19 20:34:56.299662+00:00,EISAI,559
6205,2024-08-19 20:34:56.299662+00:00,EISAI EISAI CANADA,559
6206,2024-08-19 20:44:58.632596+00:00,HITACHI HIGHTECH,560
6207,2024-08-19 20:44:58.632596+00:00,HITACHI ENERGY HITACHI ENERGY,560
6208,2024-08-19 20:44:58.632596+00:00,HITACHI CANADA,560
6209,2024-08-19 20:44:58.632596+00:00,HITACHI VANTARA,560
6210,2024-08-19 20:44:58.632596+00:00,HITACHI ENERGY USA,560
6211,2024-08-19 20:44:58.632596+00:00,HITACHI DATA SYSTEMS,560
6212,2024-08-19 20:44:58.632596+00:00,HITACHI DATAT SYSTEMS,560
6213,2024-08-19 20:44:58.632596+00:00,HITACHI HIGHTECH CANADA,560
6214,2024-08-19 20:44:58.632596+00:00,HITACHI HIGHTECHNOLOGIES,560
6215,2024-08-19 20:44:58.632596+00:00,HITACHI HIGHT TECHNOLOGIE,560
6216,2024-08-19 20:44:58.632596+00:00,HITACHI HIGH TECHNOLOGIES,560
6217,2024-08-19 20:44:58.632596+00:00,HITACHI SYSTEMS SECURITY,560
6218,2024-08-19 20:44:58.632596+00:00,HITACHI RAIL GTS CANADA,560
6219,2024-08-19 20:44:58.632596+00:00,HITACHI CONSULTING CANADA,560
6220,2024-08-19 20:44:58.632596+00:00,HITACHI ENERGY CANADA HITACHI ENERGIE CANADA,560
6221,2024-08-19 20:44:58.632596+00:00,HITACHI DATA SYSTEMS CANADA,560
6222,2024-08-19 20:44:58.632596+00:00,HITACHI HIGHTECHNOLOGIES CANADA,560
6223,2024-08-19 20:44:58.632596+00:00,HITACHI HIGH TECHNOLOGIES CANADA,560
6224,2024-08-19 20:44:58.632596+00:00,HITACHI SOFTWARE ENGINEERING AMERICA,560
6225,2024-08-19 20:44:58.632596+00:00,HITACHI CONSULTING GOVERNMENT SOLUTIONS,560
6226,2024-08-19 20:49:53.433253+00:00,SMITH BROS WILSON,561
6227,2024-08-19 20:49:53.433253+00:00,SMITH BROS WILSON BC,561
6228,2024-08-19 20:56:50.359119+00:00,THOMPSON BROS CONSTR,562
6229,2024-08-19 20:59:38.536369+00:00,SITE RESOURCE GROUP,562
6230,2024-08-19 21:03:28.130166+00:00,RUSKIN CONSTRUCTION,562
6231,2024-08-19 21:11:36.411678+00:00,CENTRAL ISLAND POWERLINE,563
6232,2024-08-19 21:19:55.308262+00:00,ATB RIVA CALZONI HYDRO CANADA,564
6233,2024-08-19 21:24:34.674366+00:00,KEYWEST ASPHALT 333,565
6234,2024-08-19 21:24:34.674366+00:00,KEYWEST ASPHALT 332,565
6235,2024-08-19 21:24:34.674366+00:00,KEYWEST ASPHALT,565
6236,2024-08-19 21:28:08.187807+00:00,ALIGN ENGINEERING,566
6237,2024-08-19 21:34:27.573067+00:00,ARC ASPHALT RECYCLING,567
6238,2024-08-19 21:39:15.771009+00:00,MAXIMUS,568
6239,2024-08-19 21:39:15.771009+00:00,MAXIMUS CANADA,568
6240,2024-08-19 21:39:15.771009+00:00,4458664 CANADA MAXIMUS 4458664 CANADA MAXIMUS,568
6241,2024-08-19 21:39:15.771009+00:00,MAXIMUS CANADA SERVICES,568
6242,2024-08-19 22:02:00.236965+00:00,BD HALL CONSTRUCTORS,569
6243,2024-08-19 22:02:00.236965+00:00,HALL CONSTRUCTORS,569
6244,2024-08-19 22:02:00.236965+00:00,BD HALL CONSTRUCTORS DBA HALL CONSTRUCTORS,569
6245,2024-08-19 22:02:00.236965+00:00,HALL CONSTRUCTION,569
6246,2024-08-19 22:12:53.462353+00:00,CELGENE,570
6247,2024-08-19 22:16:01.346112+00:00,TYBO CONTRACTING,571
6248,2024-08-19 22:20:30.279049+00:00,ARC PROGRAMS,572
6249,2024-08-19 22:20:30.279049+00:00,ARC PROGAMS,572
6250,2024-08-20 13:19:40.503594+00:00,URBAN SYSTEMS,574
6251,2024-08-20 13:19:40.503594+00:00,URBAN SYSTEMS LTS,574
6252,2024-08-20 13:19:40.503594+00:00,URBAN SYSTEMS SURVEY,574
6253,2024-08-20 13:21:35.747794+00:00,URBAN MATTERS,574
6254,2024-08-20 13:21:35.747794+00:00,URBAN MATTERS CCC,574
6255,2024-08-20 14:02:32.056164+00:00,HARBOUR CRUISES,575
6256,2024-08-20 14:04:11.639970+00:00,WESTERN PACIFIC MARINE,575
6257,2024-08-20 14:07:58.977563+00:00,M2K CONSTRUCTION,576
6258,2024-08-20 14:12:52.495975+00:00,TERSERA THERAPEUTICS,577
6259,2024-08-20 14:13:44.507457+00:00,TERSERA CANADA,577
6260,2024-08-20 14:22:59.106459+00:00,SIEMENS HEALTHCARE,578
6261,2024-08-20 14:22:59.106459+00:00,SIEMENS HEALTHCARE SIEMENS SANTE,578
6262,2024-08-20 14:22:59.106459+00:00,SIEMENS HEALTHCARE DIAGNOSTICS,578
6263,2024-08-20 14:24:50.832080+00:00,VARIAN MEDICAL SYSTEMS,578
6264,2024-08-20 14:24:50.832080+00:00,VARIAN MEDICAL SYSTEMS CANADA,578
6265,2024-08-20 14:24:50.832080+00:00,VARIAN MEDICAL SYSTEMS IMAGING COMPONENTS BUSINESSES,578
6266,2024-08-20 14:59:12.135191+00:00,BD CANADA,579
6267,2024-08-20 15:00:15.469099+00:00,BECTON DICKINSON BD CANADA,579
6268,2024-08-20 15:00:15.469099+00:00,BECTON DICKINSON CANADA,579
6269,2024-08-20 15:00:15.469099+00:00,BECTON DICKSON BD CANADA,579
6270,2024-08-20 15:00:15.469099+00:00,BECKTON DICKINSON CANADA,579
6271,2024-08-20 15:00:15.469099+00:00,BECTON DICKENSON CANADA,579
6272,2024-08-20 15:00:15.469099+00:00,BECTON DICKINSON,579
6273,2024-08-20 15:00:15.469099+00:00,BECTON DICKINSON COMPANY,579
6274,2024-08-20 15:07:24.992137+00:00,FINNING INTERNATIONAL,580
6275,2024-08-20 15:07:24.992137+00:00,FINNING CANADA A DIVISION FINNING INTERNATIONAL,580
6276,2024-08-20 15:14:54.422241+00:00,FINNING,580
6277,2024-08-20 15:14:54.422241+00:00,FINNING CAT,580
6278,2024-08-20 15:14:54.422241+00:00,FINNING CANADA,580
6279,2024-08-20 15:14:54.422241+00:00,FINNING CANADA C3176,580
6280,2024-08-20 15:14:54.422241+00:00,FINNING POWER SYSTEMS,580
6281,2024-08-20 15:14:54.422241+00:00,FINNING CATERPILLAR CANADA,580
6282,2024-08-20 15:23:31.632511+00:00,GT HIRING SOLUTIONS 2005 4ES,568
6283,2024-08-20 15:23:31.632511+00:00,GT HIRING SOLUTIONS 2005,568
6284,2024-08-20 15:23:31.632511+00:00,GT HIRING SOLUTIONS 2005 7ES,568
6285,2024-08-20 15:28:57.935012+00:00,ENVIRONMENTAL 360 SOLUTIONS,581
6286,2024-08-20 15:28:57.935012+00:00,ENVIRONMENT 360 SOLUTIONS,581
6287,2024-08-20 16:23:11.069776+00:00,MOLNLYCKE HEALTH CARE,582
6288,2024-08-20 16:28:58.500098+00:00,WACOR HOLDINGS,583
6289,2024-08-20 16:28:58.500098+00:00,WACOR HOLDING,583
6290,2024-08-20 16:31:44.258204+00:00,SUDDEN TECHNOLOGIES,584
6291,2024-08-20 16:31:44.258204+00:00,SUDDEN SERVICE TECHNOLOGIES,584
6292,2024-08-20 16:31:44.258204+00:00,SUDDEN SERVICES TECHNOLOGIES,584
6293,2024-08-20 16:31:44.258204+00:00,SUDDEN SERVICE TECHNOLOGIES TECHNOLOGIES,584
6294,2024-08-20 16:31:44.258204+00:00,SUDDEN SERVICE TECHMOLOGIES,584
6295,2024-08-20 16:32:13.389983+00:00,SUDDEN SERVICE TECHNOLGIES,584
6296,2024-08-20 16:38:02.831932+00:00,COMPASS CANADA GROUP,585
6297,2024-08-20 16:38:02.831932+00:00,COMPASS GROUP CANADA,585
6298,2024-08-20 16:38:02.831932+00:00,COMPASS GROUP CANADA GROUPE COMPASS CANADA,585
6299,2024-08-20 16:38:02.831932+00:00,GROUPE COMPASS CANADA,585
6300,2024-08-20 16:38:02.831932+00:00,COMPASS GROUP CANADA BEAVER,585
6301,2024-08-20 16:38:02.831932+00:00,COMPASS CANADA,585
6302,2024-08-20 16:38:02.831932+00:00,COMPASS GROUP,585
6303,2024-08-20 16:38:02.831932+00:00,COMPASS GROUP CANADA DBA EUREST,585
6304,2024-08-20 16:38:02.831932+00:00,GROUPE COMPASS,585
6305,2024-08-20 16:38:02.831932+00:00,COMPASS GROUP AUSTRALIA,585
6306,2024-08-20 16:39:50.178026+00:00,GROUPE COMPASS QUEBEC,585
6307,2024-08-20 16:39:50.178026+00:00,GROUPES COMPASS QUEBEC,585
6308,2024-08-20 16:39:50.178026+00:00,GROUPE COMPASSQUEBEC,585
6309,2024-08-20 16:47:24.513117+00:00,CHARTWELLS,585
6310,2024-08-20 16:47:24.513117+00:00,CHARTWELLS CATERING,585
6311,2024-08-20 16:47:24.513117+00:00,CHARTWELLS OPERATIONS,585
6312,2024-08-20 16:47:24.513117+00:00,CHARTWELLS SAULT COLLEGE,585
6313,2024-08-20 16:47:24.513117+00:00,CHARTWELLS COMPASS CANADA,585
6314,2024-08-20 16:47:24.513117+00:00,CHARTWELLS CAPE BRETION UNIVERSITY,585
6315,2024-08-20 17:12:16.280580+00:00,EUREST,585
6316,2024-08-20 17:12:16.280580+00:00,EUREST DINING 23937,585
6317,2024-08-20 17:12:16.280580+00:00,COMPASS CANADA EUREST,585
6318,2024-08-20 17:12:16.280580+00:00,EUREST DINING SERVICES,585
6420,2024-08-21 20:08:48.086959+00:00,CGL CONTRACTING,610
6319,2024-08-20 18:33:28.956523+00:00,TEVA PHARMACEUTICALS USA,586
6320,2024-08-20 18:34:16.404374+00:00,TEVA CANADA,586
6321,2024-08-20 18:34:16.404374+00:00,TEVA CANADA TEVA CANADA,586
6322,2024-08-20 18:34:16.404374+00:00,TEVA CANADA INNOVATION,586
6323,2024-08-20 18:34:16.404374+00:00,TEVA CANADA INNOVATION GP,586
6324,2024-08-20 18:45:01.864273+00:00,SMITH NEPHEW,587
6325,2024-08-20 18:54:02.139244+00:00,FORMULA CONTRACTORS,588
6326,2024-08-20 18:54:02.139244+00:00,FORMULA CONTRACTORS BC,588
6327,2024-08-20 18:54:02.139244+00:00,FORMULA CONTRACTING,588
6328,2024-08-20 18:58:34.602642+00:00,TERRALINK HORTICULTURE,589
6329,2024-08-20 19:02:43.647904+00:00,VITALAIRE CANADA,590
6330,2024-08-20 19:02:43.647904+00:00,VITALIRE CANADA,590
6331,2024-08-20 19:02:43.647904+00:00,VITALAIRE,590
6332,2024-08-20 19:02:43.647904+00:00,VITALAIR,590
6333,2024-08-20 19:04:14.142894+00:00,VITAL AIRE,590
6334,2024-08-20 19:04:14.142894+00:00,VITAIRE CANADA,590
6335,2024-08-20 19:07:46.741345+00:00,OPTIONS COMMUNITY SERVICES SOCIETY,591
6336,2024-08-20 19:07:46.741345+00:00,OPTIONS COMMUNITY SERVICE SOCIETY,591
6337,2024-08-20 19:07:46.741345+00:00,OPTIONS COMMUNITY SERVICES SOCIETY 19ES,591
6338,2024-08-20 19:07:46.741345+00:00,OPTIONS COMMUNITY SERVICES SOCIETY 21ES,591
6339,2024-08-20 19:14:18.734449+00:00,YOUNG WOMENS CHRISTIAN ASSOCIATION 17ES,592
6340,2024-08-20 19:14:18.734449+00:00,YOUNG WOMENS CHRISTIAN ASSOCIATION,592
6341,2024-08-20 19:14:18.734449+00:00,YOUNG WOMENS CHRISTIAN ASSOCIATION 10ES,592
6342,2024-08-20 19:14:18.734449+00:00,YOUNG WOMENS CHRISTIAN ASSOCIATION 14ES,592
6343,2024-08-20 19:14:18.734449+00:00,YOUNG WOMENS CHRISTIAN ASSOCIATION GREATER TORONTO,592
6344,2024-08-20 19:17:00.911879+00:00,BEIGENE CANADA,593
6345,2024-08-20 19:29:13.622127+00:00,AFFINITY STAFFING,594
6346,2024-08-20 19:29:13.622127+00:00,AFFINITY STAFFING DBA AFFINITY GROUP,594
6347,2024-08-20 19:34:19.662145+00:00,INTUITIVE SURGICAL CANADA,595
6348,2024-08-20 19:57:41.331631+00:00,IPSEN BIOPHARMACEUTICALS CANADA,596
6349,2024-08-20 20:14:30.325266+00:00,COPCAN CIVIL PARTNERSHIP BY ITS GENERAL PARTNER COPCAN HOLDINGS,597
6350,2024-08-20 20:14:30.325266+00:00,COPCAN CIVIL PARTNERSHIP BY ITS GP COPCAN HOLDINGS,597
6351,2024-08-20 20:14:30.325266+00:00,COPCAN CIVIL PARTNERSHIP,597
6352,2024-08-20 20:14:30.325266+00:00,COPCAN CIVIL PARNTERSHIP,597
6353,2024-08-20 20:14:30.325266+00:00,COPCAN CIVIL,597
6354,2024-08-20 20:16:02.890057+00:00,NORLAND,597
6355,2024-08-20 20:39:23.069569+00:00,HAZELWOOD CONSTRUCTION SERVICES,598
6356,2024-08-20 20:39:23.069569+00:00,HAZELWOOD CONSTRUCTION,598
6357,2024-08-20 20:42:19.508549+00:00,PACIFIC COMMUNITY RESOURCES SOCIETY 12ES,599
6358,2024-08-20 20:42:19.508549+00:00,PACIFIC COMMUNITY RESOURCES SOCIETY,599
6359,2024-08-20 20:46:20.076633+00:00,MARSH CANADA,600
6360,2024-08-20 20:46:20.076633+00:00,MARSH CANADA MARSH CANADA,600
6361,2024-08-20 20:47:57.546375+00:00,MERCER,600
6362,2024-08-20 20:47:57.546375+00:00,MERCER CA,600
6363,2024-08-20 20:47:57.546375+00:00,MERCER US,600
6364,2024-08-20 20:47:57.546375+00:00,MERCERUS,600
6365,2024-08-20 20:47:57.546375+00:00,MERCER CANDA,600
6366,2024-08-20 20:47:57.546375+00:00,MERCER CANADA,600
6367,2024-08-20 20:47:57.546375+00:00,MERCER CANADA MERCER CANADA,600
6368,2024-08-20 20:47:57.546375+00:00,MERCER FRANCE,600
6369,2024-08-20 20:49:56.266935+00:00,OLIVER WYMAN,600
6370,2024-08-20 20:51:04.123335+00:00,GUY CARPENTER COMPANY,600
6371,2024-08-20 20:58:25.894212+00:00,COLAS WESTERN CANADA,601
6372,2024-08-20 20:58:25.894212+00:00,COLAS CANADA,601
6373,2024-08-20 21:00:22.590511+00:00,TERUS CONSTRUCTION,601
6374,2024-08-20 21:04:59.682326+00:00,STANDARD GENERAL,601
6375,2024-08-20 21:07:19.706549+00:00,NPA,601
6376,2024-08-20 21:07:19.706549+00:00,NPA OA E CONSTRUCTION,601
6377,2024-08-20 21:07:19.706549+00:00,NPA A DIVISION COLAS WESTERN CANADA,601
6378,2024-08-20 21:07:19.706549+00:00,N P A,601
6379,2024-08-20 21:08:39.459804+00:00,MCASPHALT WESTERN,601
6380,2024-08-20 21:08:39.459804+00:00,MCASPHALT INDUSTRIES,601
6381,2024-08-20 21:10:53.314089+00:00,MILLER GROUP,601
6382,2024-08-20 21:28:43.514645+00:00,EMD SERONO,602
6383,2024-08-20 21:28:43.514645+00:00,EMD SERONO INCE,602
6384,2024-08-20 21:28:43.514645+00:00,EMD SERONO CANADA,602
6385,2024-08-20 21:28:43.514645+00:00,EMD SERONO CANADA EMD SERONO CANADA,602
6386,2024-08-20 21:28:43.514645+00:00,EMD SERONO A DIVISION EMD CANADA,602
6387,2024-08-20 21:38:56.595326+00:00,MICROSERVE,603
6388,2024-08-20 21:38:56.595326+00:00,341234 BC OA MICROSERVE,603
6389,2024-08-20 21:38:56.595326+00:00,341234 BC DB MICROSERVE,603
6390,2024-08-20 21:38:56.595326+00:00,341234 BC DBA MICROSERVE,603
6391,2024-08-20 21:38:56.595326+00:00,MICROSERVE BUSINESS COMPUTER,603
6392,2024-08-20 21:38:56.595326+00:00,MICROSERVE BUSINESS COMPUTER SERVICES,603
6393,2024-08-20 21:39:36.087068+00:00,MICROSERVE BUS COMP,603
6394,2024-08-20 21:40:14.765481+00:00,MICROSERVE BUSINESS,603
6395,2024-08-20 21:43:57.273528+00:00,OPEN DOOR SOCIAL SERVICES SOCIETY,604
6396,2024-08-20 21:43:57.273528+00:00,OPEN DOOR SOCIAL SERVICES SOCIETY 9ES,604
6397,2024-08-20 21:43:57.273528+00:00,OPEN DOOR SOCIAL SERVICES SOCIETY 31ES,604
6398,2024-08-20 21:43:57.273528+00:00,OPEN DOOR SOCIAL SERVICES SOCIETY 11ES,604
6399,2024-08-20 21:47:04.026043+00:00,BARD CANADA,579
6400,2024-08-20 21:49:00.750144+00:00,CAREFUSION CANADA 307,579
6401,2024-08-20 21:52:01.943957+00:00,ACRES ENTERPRISES,605
6402,2024-08-20 21:52:01.943957+00:00,1 ACRES ENTERPRISES,605
6403,2024-08-20 22:26:55.349605+00:00,INTEROUTE CONSTRUCTION DBA SELKIRK PAVING,606
6404,2024-08-20 22:26:55.349605+00:00,TERUS CONSTRUCTION DBA SELKIRK PAVING,606
6405,2024-08-20 22:26:55.349605+00:00,INTEROUTE CONSTRUCTION DBA DGS ASTRO PAVING,606
6406,2024-08-20 22:26:55.349605+00:00,INTEROUTE CONSTRUCTION LTDDBA DGS ASTRO PAVING,606
6407,2024-08-20 22:26:55.349605+00:00,INTEROUTE CONSTRUCTION,606
6408,2024-08-20 22:26:55.349605+00:00,INTERROUTE CONSTRUCTION,606
6409,2024-08-20 22:26:55.349605+00:00,TERUS CONSTRUCTION DBA LB PAVING,606
6410,2024-08-20 22:26:55.349605+00:00,INTEROUTE CONSTRUCTION DBA VALLEY BLACKTOP,606
6411,2024-08-20 22:26:55.349605+00:00,TERUS CONSTRUCTION DBA DGS ASTRO PAVING,606
6412,2024-08-20 22:26:55.349605+00:00,TERUS CONSTRUCTION LTDDBA TERRACE PAVING,606
6413,2024-08-21 19:49:23.696670+00:00,JOHNSON JOHNSON MEDICAL PRODUCTS,607
6414,2024-08-21 19:49:23.696670+00:00,JOHNSON JOHNSON MEDICAL PRODUCTS A DIVISION JOHNSON JOHN,607
6415,2024-08-21 19:59:58.334830+00:00,SYSMEX CANADA,608
6416,2024-08-21 20:02:23.556649+00:00,PARTEC NORTH AMERICA,608
6417,2024-08-21 20:04:24.808525+00:00,OXFORD GENE TECHNOLOGY,608
6418,2024-08-21 20:06:47.640951+00:00,HORTON VENTURES 45ES,609
6419,2024-08-21 20:06:47.640951+00:00,HORTON VENTURES 29ES,609
6421,2024-08-21 20:38:09.971190+00:00,UNIT 4 BUSINESS SOFTWARE,611
6422,2024-08-21 21:19:41.602296+00:00,COMMUNITY FUTURES WESTMAN,612
6423,2024-08-21 21:19:41.602296+00:00,COMMUNITY FUTURES EAST KOOTENAY,612
6424,2024-08-21 21:19:41.602296+00:00,COMMUNITY FUTURES NETWORK CANADA,612
6425,2024-08-21 21:19:41.602296+00:00,CEDAR LAKE COMUNITY FUTURES,612
6426,2024-08-21 21:19:41.602296+00:00,COMMUNITY FUTURES DEVELOPMENT CHATHAMKENT,612
6427,2024-08-21 21:19:41.602296+00:00,WAKENAGUN COMMUNITY FUTURES DEVELOPMENT,612
6428,2024-08-21 21:19:41.602296+00:00,ESSEX COMMUNITY FUTURES DEVELOPMENT ECFDC,612
6429,2024-08-21 21:19:41.602296+00:00,COMMUNITY FUTURES ENTRE BUSINESS DEVELOPMENT,612
6430,2024-08-21 21:19:41.602296+00:00,COMMUNITY FUTURES DEVELOPMENT ASSOCIATION BC,612
6431,2024-08-21 21:19:41.602296+00:00,COMMUNITY FUTURES DEVELOPMENT MIDDLESEX COUNTRY,612
6432,2024-08-21 21:19:41.602296+00:00,WEST YELLOWHEAD COMMUNITY FUTURES DEVELOPMENT,612
6433,2024-08-21 21:19:41.602296+00:00,COMMUNITY FUTURES DEVELOPMENT FRASER FORT GEORGE,612
6434,2024-08-21 21:19:41.602296+00:00,COMMUNITY FUTURES DEVELOPMENT PACIFIC NORTHWEST,612
6435,2024-08-21 21:19:41.602296+00:00,COMMUNITY FUTURES DEVELOPMENT THOMPSON COUNTRY 30ES,612
6436,2024-08-21 21:19:41.602296+00:00,COMMUNITY FUTURES DEVELOPMENT NORTH OKANAGAN 38ES,612
6437,2024-08-21 21:21:19.189335+00:00,COMMUNITY FUTURES NORTHWEST ALBERTA FORMERLY MACKENZIE ECONOMIC DEVELOPMENT,612
6438,2024-08-21 21:21:19.189335+00:00,COMMUNITY FUTURES NETWORK CANADA RESEAU DEVELOPPEMENT COLLECTIVITES DU CANADA,612
6439,2024-08-21 21:23:04.245084+00:00,CIF CONSTRUCTION,613
6440,2024-08-21 21:25:52.780023+00:00,SPRINGLINE CONSTRUCTION SERVICES,614
6441,2024-08-21 22:02:02.687537+00:00,TRENCH,615
6442,2024-08-21 22:16:57.279180+00:00,MAXIMUS CANADA EMPLOYMENT SERVICES 27ES,616
6443,2024-08-21 22:16:57.279180+00:00,MAXIMUS CANADA EMPLOYMENT SERVICES 26ES,616
6444,2024-08-21 22:16:57.279180+00:00,MAXIMUS CANADA EMPLOYMENT SERVICES 32ES,616
6445,2024-08-21 22:25:01.374892+00:00,PHOENIX DRUG ALCOHOL RECOVERY EDUCATION SOCIETY,617
6446,2024-08-21 22:25:01.374892+00:00,PHOENIX DRUG ALCOHOL RECOVERY,617
6447,2024-08-22 19:09:16.202179+00:00,SUCCESS 15ES,618
6448,2024-08-22 19:09:16.202179+00:00,SUCCESS,618
6449,2024-08-22 19:14:00.403704+00:00,EUROVIA BC,619
6450,2024-08-22 19:14:00.403704+00:00,EUROVIA QUEBEC,619
6451,2024-08-22 19:14:00.403704+00:00,EUROVIA BRITISH COLUMBIA,619
6452,2024-08-22 19:14:00.403704+00:00,EUROVIA QUEBEC CONSTRUCTION,619
6453,2024-08-22 19:14:00.403704+00:00,EUROVIA QUEBEC GRANDS PROJETS,619
6454,2024-08-22 19:16:00.697511+00:00,BA BLACKTOP,619
6455,2024-08-22 19:16:00.697511+00:00,B A BLACKTOP,619
6456,2024-08-22 19:16:00.697511+00:00,BA BLACKTOP INFRASTRUCTURE,619
6457,2024-08-22 19:18:52.858961+00:00,IMPERIAL PAVING,619
6458,2024-08-22 19:23:14.700679+00:00,COQUITLAM RIDGE CONSTRUCTORS,619
6459,2024-08-22 19:25:14.140226+00:00,MARTENS ASPHALT,619
6460,2024-08-22 19:30:18.130695+00:00,CISCO,620
6461,2024-08-22 19:30:18.130695+00:00,CISCO CANADA,620
6462,2024-08-22 19:30:18.130695+00:00,CISCO SYSTEMS,620
6463,2024-08-22 19:30:18.130695+00:00,CISCO SYSTEMS CANADA,620
6464,2024-08-22 19:30:18.130695+00:00,CISCO SYSTEMS CAPITAL CANADA,620
6465,2024-08-22 19:32:17.743883+00:00,CYSCO SYSTEMS CANADA,620
6466,2024-08-22 19:51:32.052453+00:00,SYSTEMES CISCO CANADA CIE,620
6467,2024-08-22 19:58:40.042217+00:00,DAWSON CIVIL,621
6468,2024-08-22 19:59:34.710073+00:00,DAWSON INTERNATIONAL TRUCK CENTRES,621
6469,2024-08-22 19:59:34.710073+00:00,DAWSON TRUCK CENTRES,621
6470,2024-08-22 20:00:19.911737+00:00,DAWSON ROAD MAINTENANCE,621
6471,2024-08-22 20:43:18.602599+00:00,KLOHN CRIPPEN BERGER,622
6472,2024-08-22 20:43:18.602599+00:00,KLOHN CRIPPEN CBA CONSULTANTS,622
6473,2024-08-22 20:43:18.602599+00:00,KLOHNCRIPPEN CONSULTANTS,622
6474,2024-08-22 20:47:26.462518+00:00,AMO CANADA COMPANY,623
6475,2024-08-22 20:47:26.462518+00:00,AMO CANADA COMPANY JOHNSON JOHNSON VISION,623
6476,2024-08-22 20:49:47.778101+00:00,TANGLE RIDGE CUSTOM CRUSHING,624
6477,2024-08-22 20:55:11.339675+00:00,CONWEST DEVELOPMENTS,625
6478,2024-08-22 20:55:38.426801+00:00,CONWEST CONTRACTING,625
6479,2024-08-22 20:58:22.096260+00:00,ALTERA DIGITAL HEALTH,626
6480,2024-08-22 21:02:05.893781+00:00,ACCIONA INFRASTRUCTURE MAINTENANCE,627
6481,2024-08-22 21:02:05.893781+00:00,ACCIONA INFRASTRUCTURE CANADA,627
6482,2024-08-22 21:02:05.893781+00:00,ACCIONA INFRASTRUCTURES CANADA,627
6483,2024-08-22 21:15:08.673895+00:00,MALLINCKRODT PHARMACEUTICALS,628
6484,2024-08-22 21:24:26.461380+00:00,COOK MEDICAL,629
6485,2024-08-22 21:29:53.972559+00:00,COOK CANADA,629
6486,2024-08-22 21:29:53.972559+00:00,COOKCANADA,629
6487,2024-08-22 21:33:36.639719+00:00,RICHMOND INN INVESTMENTS,630
6488,2024-08-22 21:40:35.831721+00:00,TETRA TECH,631
6489,2024-08-22 21:40:35.831721+00:00,TETRA TECH QE TETRA TECH QE,631
6490,2024-08-22 21:40:35.831721+00:00,TETRA TECH QI,631
6491,2024-08-22 21:40:35.831721+00:00,TETRA TECH QE,631
6492,2024-08-22 21:40:35.831721+00:00,TETRA TECH QB,631
6493,2024-08-22 21:40:35.831721+00:00,TETRA TECH EBA,631
6494,2024-08-22 21:40:35.831721+00:00,TETRA TECH WEI,631
6495,2024-08-22 21:40:35.831721+00:00,TETRA TECH QE TETRA TECH QE IN,631
6496,2024-08-22 21:40:35.831721+00:00,TETRA TECH CANADA,631
6497,2024-08-22 21:40:35.831721+00:00,TETRATECH EBA,631
6498,2024-08-22 21:40:35.831721+00:00,TETRA TECH SCIENCES,631
6499,2024-08-22 21:40:35.831721+00:00,TETRA TECH EBA NANIMO,631
6500,2024-08-22 21:40:35.831721+00:00,TETRATECH CANADA,631
6501,2024-08-22 21:40:35.831721+00:00,TETRATECH CANACA,631
6502,2024-08-22 21:40:35.831721+00:00,TETRA TECH WEI WINNIPEG,631
6503,2024-08-22 21:40:35.831721+00:00,EBA A TETRA TECH COMPANY,631
6504,2024-08-22 21:40:35.831721+00:00,TETRA TECH CANADA VANCOUVER,631
6505,2024-08-22 21:48:26.174034+00:00,INTERIOR ROADS,621
6506,2024-08-22 22:10:39.560216+00:00,NEIL SQUIRE SOCIETY,632
6507,2024-08-26 12:16:23.372157+00:00,STUART OLSON CONSTRUCTION,633
6508,2024-08-26 12:16:23.372157+00:00,STUART OLSON CONSTRUCTION TANGO MANAGEMENT,633
6509,2024-08-26 12:16:23.372157+00:00,STUART OLSON CONSTRUCTORS RICHMOND,633
6510,2024-08-26 16:38:04.996915+00:00,STERIS,634
6511,2024-08-26 16:38:04.996915+00:00,STERIS CANADA,634
6512,2024-08-26 16:38:04.996915+00:00,STERIS CANADA SALES,634
6513,2024-08-26 16:45:20.642697+00:00,CENTURY GROUP,635
6514,2024-08-26 16:45:20.642697+00:00,CENTURY GROUP LANDS,635
6515,2024-08-26 16:45:20.642697+00:00,CENURY GROUP,635
6516,2024-08-26 16:45:20.642697+00:00,CENTURY GROUP CONSTRUCTORS,635
6517,2024-08-26 16:45:20.642697+00:00,AV GROUP,635
6518,2024-08-26 16:48:57.543460+00:00,DMD ASSOCIATES ELECTRICAL CONSULTANTS,636
6519,2024-08-26 16:48:57.543460+00:00,DMD ASSOCIATES ELECTRICAL,636
6520,2024-08-26 16:52:31.932058+00:00,DAWSON WALLACE CONSTRUCTION,637
6521,2024-08-26 16:58:13.261054+00:00,NOVOMATIC LOTTERY SOLUTIONS,638
6522,2024-08-26 17:02:08.761260+00:00,DYNAMIC REFORESTATION,639
6528,2024-08-26 17:09:14.408359+00:00,MAINLAND CONSTRUCTION MATERIALS,641
6529,2024-08-26 17:09:14.408359+00:00,MAINLAND CONSTRUCTION MATERIALS DBA WINVAN PAVING,641
6531,2024-08-26 17:12:59.566466+00:00,WINVAN PAVING,641
6532,2024-08-26 17:16:43.426027+00:00,VOLKER STEVIN CONTRACTING,642
6534,2024-08-26 17:19:50.139267+00:00,MAINLINE CONSTRUCTION 2014,642
7001,2024-08-30 16:28:57.185490+00:00,HUB INTERNATIONAL ONTARIO,791
7002,2024-08-30 16:28:57.185490+00:00,HUB INTERNATIONAL ATLANTIC,791
7004,2024-08-30 16:30:45.045139+00:00,ACCESS PLANNING,792
6523,2024-08-26 17:06:20.018168+00:00,YELLOWHEAD ROAD BRIDGE NICOLA,640
6524,2024-08-26 17:06:20.018168+00:00,YELLOWHEAD ROAD BRIDGE KOOTENAY,640
6525,2024-08-26 17:06:20.018168+00:00,YELLOWHEAD ROAD BRIDGE FORT GEORGE,640
6526,2024-08-26 17:06:20.018168+00:00,YELLOWHEAD ROAD BRIDGE VANDERHOOF,640
6527,2024-08-26 17:06:20.018168+00:00,YELLOWHEAD ROAD BRIDGE KOOTENAY BOUNDARY,640
6530,2024-08-26 17:11:04.235052+00:00,MAINLAND SAND GRAVEL,641
6533,2024-08-26 17:18:56.072886+00:00,MCNALLY CONTRACTORS 2011,642
6535,2024-08-26 17:21:19.874407+00:00,LAKES DISTRICT MAINTENANCE,642
6536,2024-08-26 17:21:19.874407+00:00,LAKES DISTRICT MAINTENANCE LDM,642
6537,2024-08-26 17:25:38.593700+00:00,FAST CANADIAN ENTERPRISES,643
6538,2024-08-26 17:29:33.259032+00:00,BIO RAD,644
6539,2024-08-26 17:29:33.259032+00:00,BIORAD,644
6540,2024-08-26 17:29:33.259032+00:00,BIO RAD LABORATORIES,644
6541,2024-08-26 17:29:33.259032+00:00,BIO RAD LABORATORIES CANADA,644
6542,2024-08-26 17:29:33.259032+00:00,BIORAD LABRATROIES,644
6543,2024-08-26 17:29:33.259032+00:00,BIORAD LABORATORIES,644
6544,2024-08-26 17:29:33.259032+00:00,BIORAD LABORATOIRIES,644
6545,2024-08-26 17:30:38.858933+00:00,BIORAD LABORATORIES CANADA,644
6546,2024-08-26 17:30:38.858933+00:00,BIORAD LABRATORIES CANADA,644
6547,2024-08-26 17:30:38.858933+00:00,BIORAD LABORATORIESCANADA,644
6548,2024-08-26 17:30:38.858933+00:00,BIORAD LABORATORIES CANADA LIMTED,644
6549,2024-08-26 17:30:38.858933+00:00,BIORAD LABORATORIES CDA,644
6550,2024-08-26 17:32:46.505215+00:00,PENUMBRA,645
6551,2024-08-26 20:20:47.933510+00:00,WRIGHT TREE SERVICE CANADA,646
6552,2024-08-26 20:20:47.933510+00:00,WRIGHT TREE SERVICE 2672615 ONTARIO,646
6553,2024-08-26 20:21:09.021588+00:00,WIGHT TREE SERVICE,646
6554,2024-08-26 20:22:18.840281+00:00,WRIGHT CANADA HOLDINGS,646
6555,2024-08-26 20:22:18.840281+00:00,WRIGHT CANADA HOLDINGS OA SPECTRUM RESOURCE GROUP,646
6556,2024-08-26 20:25:27.366833+00:00,SPECTRUM RESOURCE GROUP,646
6557,2024-08-26 20:25:27.366833+00:00,SPECTRUM RESOURCES GROUP,646
6558,2024-08-26 20:25:27.366833+00:00,SPECTRUM RESOURCE GROUP FIRST CALLOUT,646
6559,2024-08-26 20:47:04.119964+00:00,HOULE ELECTRIC,647
6560,2024-08-26 20:47:04.119964+00:00,HOULE ELECTRIC NANAIMO,647
6561,2024-08-26 20:47:04.119964+00:00,HOULE ELECTRIC BURNABY,647
6562,2024-08-26 20:47:04.119964+00:00,HOULE ELECTRIC VICTORIA,647
6563,2024-08-26 20:52:49.963526+00:00,MOSAIC 18ES,648
6564,2024-08-26 20:52:49.963526+00:00,MOSAIC 13ES,648
6565,2024-08-26 20:52:49.963526+00:00,MOSAIC 20ES,648
6566,2024-08-26 20:52:49.963526+00:00,MOSAIC 22ES,648
6567,2024-08-26 20:55:33.527840+00:00,PUROLATOR PUROLATOR,649
6568,2024-08-26 20:55:33.527840+00:00,PUROLATOR,649
6569,2024-08-26 20:55:33.527840+00:00,PUROLATOR FREIGHT,649
6570,2024-08-26 20:55:33.527840+00:00,PUROLATOR COURIER,649
6571,2024-08-26 20:59:57.436549+00:00,CWP CONSTRUCTORS,650
6572,2024-08-26 20:59:57.436549+00:00,CWP CONSTRUCTION,650
6573,2024-08-26 20:59:57.436549+00:00,CWP CONTRACTORS,650
6574,2024-08-26 21:03:47.107791+00:00,PETERSON CONTRACTING,651
6575,2024-08-26 21:06:18.171644+00:00,EM3 SERVICES,652
6576,2024-08-26 21:16:52.950630+00:00,PHASOR ENGINEERING,653
6577,2024-08-26 21:45:25.909215+00:00,CONVATEC CANADA,654
6578,2024-08-27 23:03:59.055375+00:00,CDC CONSTRUCTION,655
6579,2024-08-27 23:07:06.273910+00:00,VERNACARE CANADA,656
6580,2024-08-27 23:07:06.273910+00:00,VERNACARE,656
6581,2024-08-27 23:09:19.968831+00:00,LONG VIEW SYSTEMS,657
6582,2024-08-27 23:14:08.455515+00:00,SOLUTIONS LOGICIELS EDT EDT SOFTWARE SOLUTIONS,658
6583,2024-08-27 23:31:57.068392+00:00,UNIPHARM WHOLESALE DRUGS,659
6584,2024-08-27 23:43:30.775863+00:00,APPSONTIME TECHNOLOGIES,660
6585,2024-08-28 14:27:43.349577+00:00,BELVEDERE PLACE CONTRACTING,662
6586,2024-08-28 14:33:18.628953+00:00,ALACRITY FOUNDATION BC,663
6587,2024-08-28 14:33:18.628953+00:00,ALACRITY FOUNDATION,663
6588,2024-08-28 14:46:20.349858+00:00,PACIFIC WESTERN TRANSPORTATION,664
6589,2024-08-28 14:52:41.981531+00:00,PWTRANSIT CANADA,664
6590,2024-08-28 14:52:41.981531+00:00,PW TRANSIT CANADA,664
6591,2024-08-28 14:54:32.456585+00:00,LAZY GOURMET,585
6592,2024-08-28 14:58:52.253800+00:00,JIM DENT CONSTRUCTION,665
6593,2024-08-28 15:01:12.723632+00:00,COWI,666
6594,2024-08-28 15:01:12.723632+00:00,COWI NORTH AMERICA,666
6595,2024-08-28 15:36:55.348632+00:00,ADVENTURE PAVING A DIVISION YCS HOLDINGS,667
6596,2024-08-28 15:36:55.348632+00:00,TERRACE PAVING A DIVISION YCS HOLDINGS,667
6597,2024-08-28 15:36:55.348632+00:00,QUESNEL PAVING A DIVISION YCS HOLDINGS,667
6598,2024-08-28 15:36:55.348632+00:00,QUESNEL PAVING A DIVISION YCS HOLDINGS DBA QUESNEL PAVING,667
6599,2024-08-28 15:36:55.348632+00:00,PITTMAN ASPHALT A DIVISION YCS HOLDINGS,667
6600,2024-08-28 15:36:55.348632+00:00,PITTMAN ASPHALT DIVISION YCS HOLDINGS,667
6601,2024-08-28 15:36:55.348632+00:00,PRINCE GEORGE REDI MIX DIVISION YCS HOLDINGS,667
6602,2024-08-28 15:36:55.348632+00:00,PRINCE GEORGE READY MIX DIVISION YCS HOLDINGS,667
6603,2024-08-28 15:36:55.348632+00:00,PITTMAN ASPHALT A DIV YCS HOLDINGS DBA PITTMAN ASPHALT,667
6604,2024-08-28 15:36:55.348632+00:00,YCS HOLDINGS DBA PITTMAN ASPHALT,667
6605,2024-08-28 15:36:55.348632+00:00,YCS HOLDINGS DBA PRINCE GEORGE READY MIX,667
6606,2024-08-28 15:39:16.661371+00:00,WESTGREEN CONTRACTING,668
6607,2024-08-28 15:41:31.103806+00:00,ARGO ROAD MAINTENANCE SOUTH PEACE,669
6608,2024-08-28 15:41:31.103806+00:00,ARGO ROAD MAINTENANCE THOMPSON,669
6609,2024-08-28 15:47:45.248096+00:00,PALADIN TECHNOLOGIES,670
6610,2024-08-28 15:47:45.248096+00:00,PALADIN TECHNOLOGIES INV,670
6611,2024-08-28 15:49:05.265526+00:00,MEDXL,671
6612,2024-08-28 15:50:55.195416+00:00,SUMMIT BROOKE CONSTRUCTION,672
6613,2024-08-28 15:50:55.195416+00:00,SUMMIT BROOKE CONSTRUCTION CORPORAT,672
6614,2024-08-28 15:50:55.195416+00:00,SUMMIT BROOKE,672
6615,2024-08-28 15:52:04.320524+00:00,KOOTENAY CAREER DEVELOPMENT SOCIETY,673
6616,2024-08-28 15:52:04.320524+00:00,KOOTENAY CAREER DEVELOPMENT SOCIETY 36ES,673
6617,2024-08-28 15:52:04.320524+00:00,KOOTENAY CAREER DEVELOPMENT SOCIETY 35ES,673
6618,2024-08-28 15:52:04.320524+00:00,KOOTENAY CAREER DEVELOPMENT SOCIETY WEST K TECH,673
6619,2024-08-28 15:54:49.030735+00:00,LANGUAGE LINE SOLUTIONS,674
6620,2024-08-28 15:55:19.894100+00:00,LANGUAGE LINE SERVICES,674
6621,2024-08-28 15:56:21.049043+00:00,ALLIANCEONE ALLIANCEONE,674
6622,2024-08-28 15:56:21.049043+00:00,ALLIANCE ONE,674
6623,2024-08-28 15:56:21.049043+00:00,ALLIANCEONE,674
6624,2024-08-28 15:58:47.792292+00:00,KDS CONSTRUCTION,675
6625,2024-08-28 16:05:18.345255+00:00,KARL STORZ ENDOSCOPY CANADA,676
6626,2024-08-28 16:05:18.345255+00:00,KARLZ STORZ ENDOSCOPY CANADA,676
6627,2024-08-28 16:05:18.345255+00:00,KARL STORZ ENDOSCOPY CANDA,676
6628,2024-08-28 16:05:18.345255+00:00,KARL STORZ,676
6629,2024-08-28 16:05:18.345255+00:00,KARL STORTZ,676
6630,2024-08-28 16:05:18.345255+00:00,KARL STORZ LITHOTRIPSYAMERICA,676
6631,2024-08-28 16:05:18.345255+00:00,KARL STORZ LITHOTRIPSY AMERICA,676
6632,2024-08-28 16:07:52.318224+00:00,LIFEWORKS CANADA,677
6633,2024-08-28 16:07:52.318224+00:00,LIFEWORKSCANADA,677
6634,2024-08-28 16:07:52.318224+00:00,LIFEWORKS,677
6635,2024-08-28 16:10:35.598302+00:00,STRATEGIC NATURAL RESOURCE CONSULTANTS,678
6636,2024-08-28 16:10:35.598302+00:00,STRATEGIC NATURAL RESOURCES CONSULTANTS,678
6637,2024-08-28 16:10:35.598302+00:00,STRATEGIC NATURAL RESOURCE CONSULTA NTS,678
6638,2024-08-28 16:10:35.598302+00:00,STRATEGIC NATURAL RESOURCE CONSULTA,678
6639,2024-08-28 16:10:35.598302+00:00,STRATEGIC NATURAL RESOURCE CONSULTANTS KFC CFC,678
6640,2024-08-28 16:10:35.598302+00:00,STRATEGIC NATURAL RESOURCE CONSULTING,678
6641,2024-08-28 16:12:29.978064+00:00,OTSUKA,679
6642,2024-08-28 16:12:29.978064+00:00,OTSUKA PHARMACEUTICAL,679
6643,2024-08-28 16:12:29.978064+00:00,OTSUKA CANADA PHARMACEUTICAL,679
6644,2024-08-28 16:12:29.978064+00:00,OTSUKA CANADA PHARMACEUTICALS,679
6645,2024-08-28 16:16:23.047093+00:00,COAST MENTAL HEALTH,680
6646,2024-08-28 16:16:23.047093+00:00,COAST MENTAL HEALTH SOCIETY,680
6647,2024-08-28 16:18:29.690856+00:00,COAST FOUNDATION SOCIETY 1974,680
6648,2024-08-28 16:22:42.697195+00:00,ARIVA DIV DOMTAR,681
6649,2024-08-28 16:22:42.697195+00:00,ARIVA DOMTAR,681
6650,2024-08-28 16:22:42.697195+00:00,ARIVADOMTAR,681
6651,2024-08-28 16:22:42.697195+00:00,ARIVA,681
6652,2024-08-28 16:35:24.001978+00:00,IBI GROUP PROFESSIONAL SERVICES CANADA,682
6653,2024-08-28 16:35:24.001978+00:00,IBI GROUP PROFESSIONAL SERVICES,682
6654,2024-08-28 16:39:15.306334+00:00,MAINROAD,683
6655,2024-08-28 16:40:09.481280+00:00,MAINROAD NORTH ISLAND CONTRACTING PARTNERSHIP,683
6656,2024-08-28 16:40:09.481280+00:00,MAINROAD MIDISLAND CONTRACTING PARTNERSHIP,683
6657,2024-08-28 16:40:09.481280+00:00,MAINROAD NORTH ISLAND CONTRACTING,683
6658,2024-08-28 16:40:09.481280+00:00,MAINROAD LOWER MAINLAND CONTRACTING PARTNERSHIP,683
6659,2024-08-28 16:40:09.481280+00:00,MAINROAD SOUTH ISLAND CONTRACTING,683
6660,2024-08-28 16:40:09.481280+00:00,MAINROAD MIDISLAND CONTRACTING,683
6661,2024-08-28 16:40:09.481280+00:00,MAINROAD LOWER MAINLAND CONTRACTING,683
6662,2024-08-28 16:41:05.899428+00:00,MAINROAD EAST KOOTENAY CONTRACTING,683
6663,2024-08-28 16:45:26.358757+00:00,MAINLAND CIVIL SITE SERVICES,684
6664,2024-08-28 18:23:05.507238+00:00,TIMBRO CONTRACTING,685
6665,2024-08-28 18:23:05.507238+00:00,TIMBRO CONTRACTING A PARTNERSHIP,685
6666,2024-08-28 18:24:43.150460+00:00,NATIVE COURTWORKER COUNSELLING ASSOCIATION BRITISH COLUMBIA,686
6667,2024-08-28 18:24:43.150460+00:00,NATIVE COURTWORKER COUNSELLING ASSOCIATION BC,686
6668,2024-08-28 18:30:46.819296+00:00,CMF CONSTRUCTION,687
6669,2024-08-28 18:34:29.499538+00:00,ZANZIBAR HOLDINGS,688
6670,2024-08-28 18:34:29.499538+00:00,ZANZIBAR HOLDING,688
6671,2024-08-28 18:36:02.517102+00:00,HEAVY METAL MARINE,689
6672,2024-08-28 18:39:09.586366+00:00,FRASER WORKS OPERATIVE 25ES,690
6673,2024-08-28 18:43:35.796749+00:00,MALATEST,691
6674,2024-08-28 18:43:35.796749+00:00,RA MALATEST ASSOC,691
6675,2024-08-28 18:43:35.796749+00:00,R A MALATEST ASSOCIATES,691
6676,2024-08-28 18:43:35.796749+00:00,RA MALATEST ASSOCIATES,691
6677,2024-08-28 18:43:35.796749+00:00,RAMALATEST ASSOCIATES,691
6678,2024-08-28 18:43:35.796749+00:00,RA MALATEST ASSOCIATES OTTAWA ON,691
6679,2024-08-28 18:46:20.434322+00:00,FRED THOMPSON CONTRACTORS 1991,692
6680,2024-08-28 18:46:20.434322+00:00,FRED THOMPSON CONTRACTORS1991,692
6681,2024-08-28 18:46:20.434322+00:00,FRED THOMPSON CONTRACTORS,692
6682,2024-08-28 18:46:20.434322+00:00,FRED THOMPSON CONTRACTING,692
6683,2024-08-28 18:47:56.396464+00:00,ALCON CANADA,693
6684,2024-08-28 18:49:00.319091+00:00,ALCON,693
6685,2024-08-28 20:04:50.221680+00:00,CEDAR CREST LANDS BC,694
6686,2024-08-28 20:15:05.108751+00:00,WASTE MANAGEMENT,695
6687,2024-08-28 20:15:05.108751+00:00,WASTE MANAGEMENT CANADA,695
6688,2024-08-28 20:15:05.108751+00:00,WASTE MANAGEMENT CANADA WATERLOO,695
6689,2024-08-28 20:15:05.108751+00:00,WASTE MANAGMENT CANADA,695
6690,2024-08-28 20:15:05.108751+00:00,WASTE MANAGEMENT CANADA CORPORAT,695
6691,2024-08-28 20:17:34.604911+00:00,SWAMP DONKEY OILFIELD SERVICES,696
6692,2024-08-28 20:36:32.936710+00:00,FLYNN CANADA,697
6693,2024-08-28 20:36:32.936710+00:00,FLYNN CANADA SURREY,697
6694,2024-08-28 20:36:32.936710+00:00,FLYNN CANADA REGINA,697
6695,2024-08-28 20:36:32.936710+00:00,FLYNN CANADA DIEPPE,697
6696,2024-08-28 20:36:32.936710+00:00,FLYNN CANADA KELOWNA,697
6697,2024-08-28 20:36:32.936710+00:00,FLYNN CANADA BRANDON,697
6698,2024-08-28 20:36:32.936710+00:00,FLYNN CANADA COQUITLAM,697
6699,2024-08-28 20:36:32.936710+00:00,FLYNN CANADA WINNIPEG,697
6700,2024-08-28 20:36:32.936710+00:00,FLYNN CANADA ST JOHNS,697
6701,2024-08-28 20:36:32.936710+00:00,FLYNN CANADA EDMONTON,697
6702,2024-08-28 20:36:32.936710+00:00,FLYNN CANADA DARTMOUTH,697
6703,2024-08-28 20:36:32.936710+00:00,FLYNN CANADA SASKATOON,697
6704,2024-08-28 20:36:32.936710+00:00,FLYNN CANADA SAANICHTON,697
6705,2024-08-28 20:42:21.773136+00:00,COBRA ELECTRIC,683
6706,2024-08-28 20:42:21.773136+00:00,COBRA ELECTRIC SERVICES,683
6707,2024-08-28 20:43:08.571523+00:00,COBRA ELECTRIC REGIONAL SERVICES,683
6708,2024-08-28 20:46:18.055721+00:00,CURIUM CANADA,698
6709,2024-08-28 20:50:04.922503+00:00,SIERRA LANDSCAPING,699
6710,2024-08-28 20:52:01.158127+00:00,EMPLOYMENT CONNECTIONS NORTH 44ES,700
6711,2024-08-28 20:55:52.779983+00:00,REEL COH,701
6712,2024-08-28 20:58:08.267821+00:00,FRASER BASIN COUNCIL,702
6713,2024-08-28 20:58:08.267821+00:00,FRASER BASIN COUNCIL SOCIETY,702
6714,2024-08-28 21:01:20.662981+00:00,DAWSON BLACKTOP BA,703
6715,2024-08-28 21:01:20.662981+00:00,BA DAWSON BLACKTOP,703
6716,2024-08-28 21:01:20.662981+00:00,B A DAWSON BLACKTOP,703
6717,2024-08-28 21:35:16.430311+00:00,WILCO CIVIL,704
6718,2024-08-28 21:36:50.928867+00:00,UNITED THERAPEUTICS,705
6719,2024-08-28 21:38:33.830395+00:00,UNITHER BIOELECTRONIQUE UNITHER,705
6720,2024-08-28 21:38:33.830395+00:00,UNITHER BIOELECTRONIQUE,705
6721,2024-08-28 21:44:46.577024+00:00,MNP MNP,706
6722,2024-08-28 21:44:46.577024+00:00,MNP,706
6723,2024-08-28 21:44:46.577024+00:00,MNP EQCR,706
6724,2024-08-28 21:44:46.577024+00:00,MNP WINNIPEG,706
6725,2024-08-28 21:44:46.577024+00:00,MNP CONSULTING,706
6726,2024-08-28 21:44:46.577024+00:00,MNP ERIC OLSON,706
6727,2024-08-28 21:44:46.577024+00:00,MNP TECH REVIEW,706
6728,2024-08-28 21:44:46.577024+00:00,MNP NORTAK SOFTWARE,706
6729,2024-08-28 21:46:42.406001+00:00,HEATHERBRAE BUILDERS,707
6730,2024-08-28 21:46:42.406001+00:00,HEATHERBRAE BUILDERS COLTD,707
6731,2024-08-28 21:46:42.406001+00:00,HEATHERBRAE BUILDERS COMPANY,707
6732,2024-08-28 21:46:42.406001+00:00,HEATHERBRAE,707
6733,2024-08-28 21:50:01.425223+00:00,NORTH ISLAND EMPLOYMENT FOUNDATIONS SOCIETY 1ES,708
6734,2024-08-28 21:52:14.989374+00:00,WORKLINK EMPLOYMENT SOCIETY,709
6735,2024-08-28 21:52:14.989374+00:00,WORKLINK EMPLOYMENT SOCIETY 6ES,709
6736,2024-08-29 14:39:12.337806+00:00,KINGSTON CONSTRUCTION,710
6737,2024-08-29 14:41:36.160745+00:00,ZIMMER BIOMET CANADA,711
6738,2024-08-29 14:44:40.024744+00:00,ENVIROEX CONTRACTING,712
6739,2024-08-29 14:49:17.706674+00:00,IDL PROJECTS,713
6740,2024-08-29 14:51:47.452448+00:00,FORBES BROS,714
6741,2024-08-29 15:04:22.218707+00:00,AMGEN,715
6742,2024-08-29 15:04:22.218707+00:00,AMGEN CANADA,715
6743,2024-08-29 15:06:32.655023+00:00,BECKMAN COULTER,716
6744,2024-08-29 15:06:32.655023+00:00,BECKMAN COULTER CANADA,716
6745,2024-08-29 15:06:32.655023+00:00,BECKMAN COULTER GENOMICS,716
6746,2024-08-29 15:06:32.655023+00:00,BECKMAN COULTER LIFE SCIENCE,716
6747,2024-08-29 15:09:02.294106+00:00,ALDEVRON,716
6748,2024-08-29 16:21:52.197322+00:00,ELI LILLY,717
6749,2024-08-29 16:21:52.197322+00:00,ELI LILLY CANADA ELI LILLY CANADA,717
6750,2024-08-29 16:21:52.197322+00:00,ELI LILLY CANADA,717
6751,2024-08-29 16:21:52.197322+00:00,EIL LILLY CANADA,717
6752,2024-08-29 16:24:50.070079+00:00,RF BINNIE ASSOCIATES,718
6753,2024-08-29 16:24:50.070079+00:00,RF BINNIE ASSOCIATED,718
6754,2024-08-29 16:24:50.070079+00:00,R F BINNIE ASSOCIATES,718
6755,2024-08-29 16:24:50.070079+00:00,RFBINNIE ASSOCIATES,718
6756,2024-08-29 16:25:12.294276+00:00,RF BINNIE,718
6757,2024-08-29 16:29:21.934463+00:00,PACIFIC ELECTRICAL INSTALLATIONS,719
6758,2024-08-29 16:31:30.094084+00:00,GILEAD SCIENCES,720
6759,2024-08-29 16:31:30.094084+00:00,GILEAD SCIENCES CANADA GILEAD SCIENCES CANADA,720
6760,2024-08-29 16:31:30.094084+00:00,GILEAD SCIENCES CANADA,720
6761,2024-08-29 16:33:32.781842+00:00,JAKES CONSTRUCTION,721
6762,2024-08-29 16:36:18.950442+00:00,STRYKER,722
6763,2024-08-29 16:36:18.950442+00:00,STRYKER CANADA,722
6764,2024-08-29 16:36:18.950442+00:00,STRYKER BERTEC MEDICAL,722
6765,2024-08-29 16:36:46.458491+00:00,STYKER CANADA,722
6766,2024-08-29 16:38:47.725198+00:00,ROKSTAD POWER 2018,723
6767,2024-08-29 16:38:47.725198+00:00,ROKSTAD POWER,723
6768,2024-08-29 16:40:18.615776+00:00,WINDLEY CONTRACTING,724
6769,2024-08-29 16:40:18.615776+00:00,WINDLEY CONTRACTING 2010,724
6770,2024-08-29 16:41:29.775593+00:00,WATERBRIDGE FERRIES,725
6771,2024-08-29 16:43:37.710123+00:00,MEDTRONIC,726
6772,2024-08-29 16:43:37.710123+00:00,MEDTRONICS,726
6773,2024-08-29 16:43:37.710123+00:00,MEDTRONIC CANADA,726
6774,2024-08-29 16:43:37.710123+00:00,MEDTRONIC CANADA MEDTRONIC DU CANADA,726
6775,2024-08-29 16:43:37.710123+00:00,MEDTRONIC CANADA FORMERLY KNOWN AS MEDTRONIC CANADA,726
6776,2024-08-29 17:17:22.787968+00:00,COPCAN CIVILLTD,597
6777,2024-08-29 17:17:22.787968+00:00,COPCAN,597
6778,2024-08-29 17:17:22.787968+00:00,COP CAN,597
6779,2024-08-29 17:17:22.787968+00:00,COPCAN CONTRACTING,597
6780,2024-08-29 17:17:22.787968+00:00,COP CAN LINTED,597
6781,2024-08-29 17:22:23.234443+00:00,CONMED,727
6782,2024-08-29 17:22:23.234443+00:00,CONMED CANADA,727
6783,2024-08-29 17:22:23.234443+00:00,CONMED LINVATEC,727
6784,2024-08-29 17:22:23.234443+00:00,LINVATEC CANADA DBA CONMED CANADA,727
6785,2024-08-29 17:23:29.206743+00:00,LINVATEC CANADA,727
6786,2024-08-29 17:26:03.270073+00:00,DGS CONSTRUCTION COMPANY,728
6787,2024-08-29 17:26:03.270073+00:00,DGS CONSTRUCTION,728
6788,2024-08-29 17:32:52.429809+00:00,CANADIAN HOSPITAL SPECIALTIES,729
6789,2024-08-29 17:32:52.429809+00:00,CANADIAN HOSPITAL SPECIALITIES,729
6790,2024-08-29 17:35:49.525268+00:00,ONTARIO TEACHERS PENSION PLAN,730
6791,2024-08-29 17:35:49.525268+00:00,ONTARIO TEACHERS PENSION PLAN BOARD,730
6792,2024-08-29 17:37:22.047824+00:00,CADILLAC FAIRVIEW,730
6793,2024-08-29 17:37:22.047824+00:00,CADILLAC FAIRVIEW CADILLAC FAIRVIEW,730
6794,2024-08-29 17:42:10.101301+00:00,EMCON SERVICES,731
6795,2024-08-29 17:46:12.363176+00:00,HARRISON INDUSTRIAL CONTRACTING,732
6796,2024-08-29 17:54:20.626449+00:00,OLYMPUS CANADA,733
6797,2024-08-29 17:54:20.626449+00:00,OLYMPUS NDT CANADA,733
6798,2024-08-29 17:54:20.626449+00:00,PLYMPUS CANADA,733
6799,2024-08-29 17:54:20.626449+00:00,OLYMOUS CANADA,733
6800,2024-08-29 17:54:20.626449+00:00,OLYMPUS,733
6801,2024-08-29 17:54:20.626449+00:00,OLYMPUS NDT CANADA SALES DISTRIBUTION,733
6802,2024-08-29 17:56:26.849778+00:00,LANTHEUS MI CANADA,734
6803,2024-08-29 17:56:26.849778+00:00,LANTHEUS CANADA MI,734
6804,2024-08-29 17:56:26.849778+00:00,LANTHEUS MEDICAL IMAGIN,734
6805,2024-08-29 18:04:35.969248+00:00,ISL ENGINEERING LAND SERVICES,735
6806,2024-08-29 18:04:35.969248+00:00,ISL ENGINEERING LAND SERVICES L,735
6807,2024-08-29 18:04:35.969248+00:00,ISL ENGINEERING LAND SERVICES L TD,735
6808,2024-08-29 18:04:35.969248+00:00,ISL ENGINEERNG LAND SERVICES,735
6809,2024-08-29 18:04:35.969248+00:00,ISL ENGINEERING LAND LANGLEY,735
6810,2024-08-29 18:04:35.969248+00:00,ISL ENGINEERING,735
6811,2024-08-29 18:08:24.179426+00:00,SMART START CANADA,736
6812,2024-08-29 18:08:24.179426+00:00,SMART START,736
6813,2024-08-29 18:14:27.437164+00:00,CHANDOS CONSTRUCTION,737
6814,2024-08-29 18:14:27.437164+00:00,CHANDOS CONSTRUCTIONS,737
6815,2024-08-29 18:14:27.437164+00:00,CHANDROS CONSTRUCTION,737
6816,2024-08-29 18:14:27.437164+00:00,CHANDOS CONTRUCTION,737
6817,2024-08-29 18:16:59.443149+00:00,BOSTON SCIENTIFIC,738
6818,2024-08-29 18:16:59.443149+00:00,BOSTON SCIENTIFIC BOSTON SCIENTIFIQUE,738
6819,2024-08-29 18:16:59.443149+00:00,BOSTON SCIENTFIC,738
6820,2024-08-29 18:16:59.443149+00:00,BOSTON SCIENTIFIQUE,738
6821,2024-08-29 18:16:59.443149+00:00,BOSTON SCIENTIFIC CANADA,738
6822,2024-08-29 18:21:24.677500+00:00,TELEFLEX MEDICAL,739
6823,2024-08-29 18:21:24.677500+00:00,TELEFLEX MEDICAL CANADA,739
6824,2024-08-29 18:21:24.677500+00:00,TELEFLEX,739
6825,2024-08-29 18:21:24.677500+00:00,TELEFLEX CANADA,739
6826,2024-08-29 18:25:17.783276+00:00,STAPLES PROFESSIONAL STAPLES,740
6827,2024-08-29 18:25:17.783276+00:00,STAPLES PROFESSIONAL,740
6828,2024-08-29 18:25:17.783276+00:00,STAPLES PROFESSIONALS,740
6829,2024-08-29 18:25:17.783276+00:00,STAPLES PROFESSIONNAL,740
6830,2024-08-29 18:25:17.783276+00:00,STAPLES PROFESIONAL,740
6831,2024-08-29 18:25:17.783276+00:00,STAPLES PROFESSIONAL STAPLES PROFESSIONNEL,740
6832,2024-08-29 18:25:17.783276+00:00,STAPLES PROFESSSIONNAL,740
6833,2024-08-29 18:25:17.783276+00:00,STAPLES PROFESSEIONAL,740
6834,2024-08-29 18:25:17.783276+00:00,STEAPLES PROFESSIONAL,740
6835,2024-08-29 18:25:17.783276+00:00,STAPLES PROFESSIONNALS,740
6836,2024-08-29 18:25:17.783276+00:00,STAPLES PROFESSIONNEL,740
6837,2024-08-29 18:25:17.783276+00:00,STAPLES PROFESSIONNELS,740
6838,2024-08-29 18:27:26.746212+00:00,CORPORATE EXPRESS CANADA OA STAPLES PROFESSIONAL,740
6839,2024-08-29 18:27:26.746212+00:00,CORPORATE EXPRESS CANADA STAPLES CANADA,740
6840,2024-08-29 18:27:26.746212+00:00,CORPORATE EXPRESS CANADA STAPLES,740
6841,2024-08-29 18:27:26.746212+00:00,STAPLES CORPORATE EXPRESS CANADA,740
6842,2024-08-29 18:27:26.746212+00:00,CORPORATE EXPRESS CANADA STAPLES CANADA M9042,740
6843,2024-08-29 18:27:26.746212+00:00,STAPLES AVANTAGE CORPORATE EXPRESS CANADA,740
6844,2024-08-29 18:27:26.746212+00:00,CORPORATE EXPRESS STAPLES,740
6845,2024-08-29 18:27:26.746212+00:00,CORPORATE EXPRESS CANADA OA STAPLES BUSINESS ADVANTAGE CAN,740
6846,2024-08-29 18:27:26.746212+00:00,STAPLES ADVANTAGE A DIVISION CORPORATE EXPRESS CANADA,740
6847,2024-08-29 18:27:26.746212+00:00,CORPORATE EXPRESS CANADA,740
6848,2024-08-29 18:27:26.746212+00:00,CORPORATE EXPRESS STAPLE,740
6849,2024-08-29 18:27:26.746212+00:00,STAPLES ADVANTAGE A DIVISION CORPORATE EXPRESSCANADA,740
6850,2024-08-29 18:27:26.746212+00:00,CORPORATE EXPRESS CANADA DBA STAPLES BUSINESS ADVANTAGE,740
6851,2024-08-29 18:27:26.746212+00:00,CORPORATE EXPRESS CANADAOPERATINGSTAPLES ADVANTAGE CANADA,740
6852,2024-08-29 18:27:26.746212+00:00,CORPORATE EXPRESS CANADA OPERATING AS STAPLES BUSINESS ADVANTAGE,740
6853,2024-08-29 18:27:26.746212+00:00,CORPORATE EXPRESS CANANDA,740
7005,2024-08-30 16:52:50.765048+00:00,COMPASS CANADA SUPPORT SERVICES,585
7010,2024-09-04 14:34:44.086243+00:00,THINKON,796
7011,2024-09-04 14:34:44.086243+00:00,THINK ON,796
7012,2024-09-04 14:34:44.086243+00:00,THINKON LENOVO GLOBAL TECHNOLOGY,796
7013,2024-09-05 14:43:41.496179+00:00,SERVICENOW,797
7014,2024-09-05 14:43:41.496179+00:00,SERVICENOW ITSM,797
7015,2024-09-05 14:43:41.496179+00:00,SERVICE NOW,797
7016,2024-09-05 14:59:32.246152+00:00,SALESFORCE,798
7017,2024-09-05 14:59:32.246152+00:00,SALESFORCES,798
7018,2024-09-05 14:59:32.246152+00:00,SALESFORCECOM,798
7019,2024-09-05 14:59:32.246152+00:00,SALEFORCE,798
7020,2024-09-05 14:59:32.246152+00:00,SALSFORCE,798
7021,2024-09-05 14:59:32.246152+00:00,SALESFORCE CANADA,798
7022,2024-09-05 14:59:32.246152+00:00,SALESFORCE COM CANADA,798
7023,2024-09-05 14:59:32.246152+00:00,SALESFORCES CANADA,798
7024,2024-09-05 14:59:32.246152+00:00,SALESFORCECOM CANADA,798
7025,2024-09-18 14:30:52.235001+00:00,SYSCO,799
7026,2024-09-18 14:30:52.235001+00:00,SYSCO SERCA,799
7027,2024-09-18 14:30:52.235001+00:00,SYSCO SERTA,799
7028,2024-09-18 14:30:52.235001+00:00,SYSCO FOOD,799
7029,2024-09-18 14:30:52.235001+00:00,SYSCO FOODS,799
7030,2024-09-18 14:30:52.235001+00:00,SYSCO CANADA,799
7031,2024-09-18 14:30:52.235001+00:00,SYSCO REGINA,799
7032,2024-09-18 14:30:52.235001+00:00,SYSCO FOODDS,799
7033,2024-09-18 14:30:52.235001+00:00,SYSCO OTTAWA,799
7034,2024-09-18 14:30:52.235001+00:00,SYSCO ST JOHN,799
7035,2024-09-18 14:30:52.235001+00:00,SYSCO QUEBEC,799
7036,2024-09-18 14:30:52.235001+00:00,SYSCO CALGARY,799
7037,2024-09-18 14:30:52.235001+00:00,SYSCO HALIFAX,799
7038,2024-09-18 14:30:52.235001+00:00,SYSCO KELOWNA,799
7039,2024-09-18 14:30:52.235001+00:00,SYSCO MONCTON,799
7040,2024-09-18 14:30:52.235001+00:00,SYSCO WINNIPEG,799
7041,2024-09-18 14:30:52.235001+00:00,SYSCO PRAIRIES,799
7042,2024-09-18 14:30:52.235001+00:00,SYSCO VICTORIA,799
7043,2024-09-18 14:30:52.235001+00:00,SYSCO LAKESIDE,799
7044,2024-09-18 14:30:52.235001+00:00,SYSCO ATLANTIC,799
7045,2024-09-18 14:30:52.235001+00:00,SYSCO EDMONTON,799
7046,2024-09-18 14:30:52.235001+00:00,SYSCO FOOD SYSTEMS,799
7047,2024-09-18 14:30:52.235001+00:00,SYSCO NEW MEXICO,799
7048,2024-09-18 14:30:52.235001+00:00,SYSCO VANCOUVER,799
7049,2024-09-18 14:30:52.235001+00:00,SYSCO VICTORIA BC,799
7050,2024-09-18 14:30:52.235001+00:00,SYSCO FOOD SERVICES,799
7051,2024-09-18 14:30:52.235001+00:00,SYSCO VANCOUVER BC,799
7052,2024-09-18 14:30:52.235001+00:00,SYSCO FOODSERVICES,799
7053,2024-09-18 14:30:52.235001+00:00,SYSCO STURGEON FALLS,799
7054,2024-09-18 14:30:52.235001+00:00,SYSCO SERCA ATLANTIC,799
7055,2024-09-18 14:30:52.235001+00:00,TANNIS SYSCO CANADA,799
7056,2024-09-18 14:30:52.235001+00:00,SYSCO SERCE ATLANTIC,799
7057,2024-09-18 14:30:52.235001+00:00,SYSCO CANADA SYSCO HALIFAX,799
7058,2024-09-18 14:30:52.235001+00:00,SYSCO SERCA ATLANCTIC,799
7059,2024-09-18 14:30:52.235001+00:00,SYSCO CENTRZL ONTARIO,799
7060,2024-09-18 14:30:52.235001+00:00,SYSCO SERCA FOODSERVICE,799
7061,2024-09-18 14:30:52.235001+00:00,SYSCO SERCA FOOD SERVICES,799
7062,2024-09-18 14:30:52.235001+00:00,SYSCO CENTRAL ONTARIO,799
7063,2024-09-18 14:30:52.235001+00:00,SYSCO SERVA ATLANTIC INV,799
7064,2024-09-18 14:30:52.235001+00:00,SYSCO GUEST SUPPLY CANADA,799
7065,2024-09-18 14:30:52.235001+00:00,SYSCO FOODSERVICES CANADA,799
7066,2024-09-18 14:30:52.235001+00:00,SYSCO FOOD SERVICES REGINA,799
7067,2024-09-18 14:30:52.235001+00:00,SYSCO FOOD SERVICES CANADA,799
7068,2024-09-18 14:30:52.235001+00:00,SYSCO SERCA SERVICES ATLANTIC,799
7069,2024-09-18 14:30:52.235001+00:00,SYSCO FOOD SERVICES ONTARIO,799
7070,2024-09-18 14:30:52.235001+00:00,SYSCO SERCA FOOD SERVICES WEST,799
7071,2024-09-18 14:30:52.235001+00:00,SYSCO FOOD SERVICES TORONTO,799
6854,2024-08-29 18:30:00.208892+00:00,WATERBRIDGE EQUIPMENT,741
6860,2024-08-29 18:34:11.999399+00:00,KING HOE EXCAVATING,743
6861,2024-08-29 18:34:11.999399+00:00,KING HOE EXCAVATION,743
6866,2024-08-29 18:37:36.189689+00:00,ABBOTT MEDICAL CANADA,744
6867,2024-08-29 18:37:36.189689+00:00,ABBOTT MEDICAL OPTICS,744
6868,2024-08-29 18:37:36.189689+00:00,ABBOTT DIABETES CARE CANADA,744
6869,2024-08-29 18:37:36.189689+00:00,ABBOTT CANADA,744
7006,2024-08-30 16:54:31.089404+00:00,DANIELS HEALTH,793
7007,2024-08-30 16:54:31.089404+00:00,DANIELS HEALTH SHARPSMART,793
7072,2024-09-18 14:34:21.836764+00:00,SYSCO MEATS,799
6855,2024-08-29 18:31:49.331132+00:00,MEDLINE CANADA,742
6856,2024-08-29 18:31:49.331132+00:00,MEDILINE CANADA,742
6857,2024-08-29 18:31:49.331132+00:00,MEDLINE CANADA MEDICALMART,742
6862,2024-08-29 18:36:34.291704+00:00,ABBOTT LABORATORIES,744
6863,2024-08-29 18:36:34.291704+00:00,ABBOTT LABORTORIES,744
6864,2024-08-29 18:36:34.291704+00:00,ABBOTT LABORATORIES COMPANY,744
6865,2024-08-29 18:36:34.291704+00:00,ABBOTT LAB,744
7008,2024-08-30 16:55:53.557100+00:00,HDR,794
7073,2024-09-18 14:40:02.990362+00:00,SYSCO FOOD SERVICES EDMONTON,799
7074,2024-09-18 14:40:02.990362+00:00,SYSCO FOODSERVICES WINNIPEG,799
7075,2024-09-18 14:40:02.990362+00:00,SYSCO SERCA FOOD SERVICESATLANTIC,799
7076,2024-09-18 14:40:02.990362+00:00,SYSCO FOOD SERVICES VANCOUVER,799
7077,2024-09-18 14:40:02.990362+00:00,SYSCO SERCA FOOD SERVICES ONTARI,799
7078,2024-09-18 14:40:02.990362+00:00,SYSCO SERCA FOOD SERVICES QUEBEC,799
6858,2024-08-29 18:32:50.971050+00:00,MEDICAL MART,742
6859,2024-08-29 18:32:50.971050+00:00,MEDICALMART,742
6870,2024-08-29 18:39:24.665345+00:00,HOLOGIC,745
6871,2024-08-29 18:39:24.665345+00:00,HOLOGIC CANADA,745
6872,2024-08-29 18:42:24.909755+00:00,TERUS CONSTRUCTION DBA PITTMAN ASPHALT,606
6873,2024-08-29 18:42:24.909755+00:00,TERUS CONSTRUCTION DBA VALLEY BLACKTOP,606
6874,2024-08-29 18:42:24.909755+00:00,TERUS CONSTRUCTION DBA BOREAL PACIFIC ENTERPRISES,606
6875,2024-08-29 18:42:24.909755+00:00,TERUS CONSTRUCTION DBA PRINCE GEORGE READY MIX,606
6876,2024-08-29 18:44:09.081340+00:00,ALL ROADS CONSTRUCTION,746
6877,2024-08-29 19:52:45.053975+00:00,NORTH COAST COMMUNITY SERVICES,747
6878,2024-08-29 19:52:45.053975+00:00,NORTH COAST COMMUNITY SERVICES SOCIETY,747
6879,2024-08-29 19:59:46.650435+00:00,ICE DEVELOPMENT,749
6880,2024-08-29 20:02:28.223522+00:00,AUSENCO,750
6881,2024-08-29 20:02:28.223522+00:00,AUSENCO SANDWELL,750
6882,2024-08-29 20:02:28.223522+00:00,AUSENCO SUSTAINABILITY,750
6883,2024-08-29 20:02:28.223522+00:00,AUSENCO ENGINEERING CANADA,750
6884,2024-08-29 20:02:28.223522+00:00,AUSENCO SUSTAINABILITY INCE,750
6885,2024-08-29 20:04:32.127508+00:00,SEISMIC 2000 CONSTRUCTION,751
6886,2024-08-29 20:22:03.516304+00:00,PBX ENGINEERING,752
6887,2024-08-29 20:25:04.110601+00:00,ZE POWER ENGINEERING,753
6888,2024-08-29 20:57:44.471918+00:00,ABB POWER GRIDS CANADA ABB POWER GRIDS CANADA,754
6889,2024-08-29 20:57:44.471918+00:00,ABB POWER GRIDS CANADA,754
6890,2024-08-29 21:00:09.213155+00:00,BC INVESTMENT AGRICULTURE FOUNDATION,755
6891,2024-08-29 23:04:29.244440+00:00,TAKEDA CANADA TAKEDA CANADA,756
6892,2024-08-29 23:04:29.244440+00:00,TAKEDA CANADA,756
6893,2024-08-29 23:07:14.008730+00:00,PEDRE CONTRACTORS,757
6894,2024-08-29 23:09:48.938563+00:00,SIGNIA CONSTRUCTION,758
6895,2024-08-29 23:12:57.702747+00:00,CREATIVE EMPLOYMENT ACCESS SOCIETY 2ES,759
6896,2024-08-29 23:16:36.540525+00:00,TENOLD TRANSPORTATION,760
6897,2024-08-30 00:28:10.127918+00:00,LEICA MICROSYSTEMS CANADA,716
6898,2024-08-30 00:28:10.127918+00:00,LEICA MICROSYSTEMES CANADA,716
6899,2024-08-30 00:28:10.127918+00:00,LEICA MICROSYTEMS CANADA,716
6900,2024-08-30 00:28:10.127918+00:00,LEICA MICROSYSTEMS,716
6901,2024-08-30 00:28:10.127918+00:00,DANAHER CANADA PARTNERS LEICA MICROSYSTEMS CANADA,716
6902,2024-08-30 00:28:10.127918+00:00,LEICA MICROSYSTEMES,716
6903,2024-08-30 00:30:30.224711+00:00,CENTRAL VANCOUVER ISLAND JOB OPPORTUNITIES BUILDING SOCIETY3ES,761
6904,2024-08-30 00:30:30.224711+00:00,CENTRAL VANCOUVER ISLAND JOB OPPORTUNITIES BUILDING SOCIETY,761
6905,2024-08-30 00:30:30.224711+00:00,CENTRAL VANCOUVER ISLAND MULTICULTURAL SOCIETY,761
6906,2024-08-30 00:32:10.260496+00:00,CORTEZ CONSTRUCTION,762
6907,2024-08-30 00:39:43.836397+00:00,GFL ENVIRONMENTAL,763
6908,2024-08-30 00:39:43.836397+00:00,GFL ENVIRONMENTAL LNC,763
6909,2024-08-30 00:39:43.836397+00:00,GFL ENVIRONMENTAL EAST,763
6910,2024-08-30 00:39:43.836397+00:00,GFL ENVIRONMENT,763
6911,2024-08-30 00:39:43.836397+00:00,GFL ENVIRONMENTAL 2022,763
6912,2024-08-30 00:39:43.836397+00:00,GFL ENVIRONMENTAL 2021,763
6913,2024-08-30 00:39:43.836397+00:00,GFL ENVIRONMENTAL 2019,763
6914,2024-08-30 00:39:43.836397+00:00,GFL ENVIRONMENTAL SVCS,763
6915,2024-08-30 00:39:43.836397+00:00,GFL ENVIRONEMENTAL,763
6916,2024-08-30 00:39:43.836397+00:00,GFL ENVIROMENTAL,763
6917,2024-08-30 00:39:43.836397+00:00,GFL ENVIRONNEMENTAL,763
6918,2024-08-30 00:39:43.836397+00:00,GFL EMVIRONMENTAL,763
6919,2024-08-30 00:39:43.836397+00:00,GFL ENVIRONMANTAL,763
6920,2024-08-30 00:39:43.836397+00:00,CFL ENVIRONMENTAL,763
6921,2024-08-30 00:39:43.836397+00:00,GFL INVIRONMENTAL,763
6922,2024-08-30 00:39:43.836397+00:00,GFL ENVIRONMENTAL TERVITA,763
6923,2024-08-30 00:39:43.836397+00:00,GFL ENVIRONMENTAL SERVICES,763
6924,2024-08-30 00:39:43.836397+00:00,GFL ENVIORNMENTAL,763
6925,2024-08-30 00:39:43.836397+00:00,GFL ENVIRONEMNTAL,763
6926,2024-08-30 00:39:43.836397+00:00,GFL ENVIRONMENT 2018,763
6927,2024-08-30 00:39:43.836397+00:00,GFL ENVIRONMENT 2019,763
6928,2024-08-30 00:39:43.836397+00:00,GFL ENVIRONMENTAL SOLID WASTE,763
6929,2024-08-30 00:39:43.836397+00:00,GFL ENVIROMANTAL,763
7009,2024-08-30 16:57:05.179598+00:00,UPLAND CONTRACTING,795
